-- MySQL dump 10.13  Distrib 5.7.28, for Linux (x86_64)
--
-- Host: localhost    Database: instastay_cms
-- ------------------------------------------------------
-- Server version	5.7.28-0ubuntu0.16.04.2

/*!40101 SET @OLD_CHARACTER_SET_CLIENT=@@CHARACTER_SET_CLIENT */;
/*!40101 SET @OLD_CHARACTER_SET_RESULTS=@@CHARACTER_SET_RESULTS */;
/*!40101 SET @OLD_COLLATION_CONNECTION=@@COLLATION_CONNECTION */;
/*!40101 SET NAMES utf8 */;
/*!40103 SET @OLD_TIME_ZONE=@@TIME_ZONE */;
/*!40103 SET TIME_ZONE='+00:00' */;
/*!40014 SET @OLD_UNIQUE_CHECKS=@@UNIQUE_CHECKS, UNIQUE_CHECKS=0 */;
/*!40014 SET @OLD_FOREIGN_KEY_CHECKS=@@FOREIGN_KEY_CHECKS, FOREIGN_KEY_CHECKS=0 */;
/*!40101 SET @OLD_SQL_MODE=@@SQL_MODE, SQL_MODE='NO_AUTO_VALUE_ON_ZERO' */;
/*!40111 SET @OLD_SQL_NOTES=@@SQL_NOTES, SQL_NOTES=0 */;

--
-- Table structure for table `access`
--

DROP TABLE IF EXISTS `access`;
/*!40101 SET @saved_cs_client     = @@character_set_client */;
/*!40101 SET character_set_client = utf8 */;
CREATE TABLE `access` (
  `id` int(10) unsigned NOT NULL AUTO_INCREMENT,
  `access_name` varchar(255) COLLATE utf8mb4_unicode_ci NOT NULL,
  `parent_id` int(11) DEFAULT NULL,
  `flag` tinyint(4) NOT NULL,
  `with_editable` int(11) NOT NULL DEFAULT '0',
  `created_by` int(11) NOT NULL,
  `created_at` timestamp NULL DEFAULT NULL,
  `updated_at` timestamp NULL DEFAULT NULL,
  `deleted_at` timestamp NULL DEFAULT NULL,
  PRIMARY KEY (`id`)
) ENGINE=InnoDB AUTO_INCREMENT=30 DEFAULT CHARSET=utf8mb4 COLLATE=utf8mb4_unicode_ci;
/*!40101 SET character_set_client = @saved_cs_client */;

--
-- Dumping data for table `access`
--

LOCK TABLES `access` WRITE;
/*!40000 ALTER TABLE `access` DISABLE KEYS */;
INSERT INTO `access` VALUES (1,'Admin',NULL,1,0,1,NULL,NULL,NULL),(2,'Setting',1,1,0,1,NULL,NULL,NULL),(3,'Hotels',2,1,1,1,NULL,NULL,NULL),(4,'Master File',2,1,0,1,NULL,NULL,NULL),(5,'Localization',2,1,0,1,NULL,NULL,NULL),(6,'Room Rate',4,1,1,1,NULL,NULL,NULL),(7,'Room',4,1,0,1,NULL,NULL,NULL),(8,'Amenities',7,1,1,1,NULL,NULL,NULL),(9,'Bed',7,1,1,1,NULL,NULL,NULL),(10,'Facilities',2,1,0,1,NULL,NULL,NULL),(11,'Reference',10,1,1,1,NULL,NULL,NULL),(12,'List',10,1,1,1,NULL,NULL,NULL),(13,'Gallery',10,1,1,1,NULL,NULL,NULL),(14,'Localization',NULL,1,0,1,NULL,NULL,NULL),(15,'User',14,1,0,1,NULL,NULL,NULL),(16,'Users',15,1,1,1,NULL,NULL,NULL),(17,'User Group',15,1,1,1,NULL,NULL,NULL),(18,'Hotel Profile',NULL,1,0,1,NULL,NULL,NULL),(19,'Hotel Information',18,1,1,1,NULL,NULL,NULL),(20,'Room Type',18,1,1,1,NULL,NULL,NULL),(21,'Photos',18,1,1,1,NULL,NULL,NULL),(22,'Reviews',18,1,1,1,NULL,NULL,NULL),(23,'Facilities',18,1,1,1,NULL,NULL,NULL),(24,'Tax Settings',18,1,1,1,NULL,NULL,NULL),(25,'Property Conact',18,1,1,1,NULL,NULL,NULL),(26,'Room Management',NULL,1,0,1,NULL,NULL,NULL),(27,'Booking',26,1,1,1,NULL,NULL,NULL),(28,'Room Rate',26,1,1,1,NULL,NULL,NULL),(29,'Inventory Monitor',26,1,1,1,NULL,NULL,NULL);
/*!40000 ALTER TABLE `access` ENABLE KEYS */;
UNLOCK TABLES;

--
-- Table structure for table `bed`
--

DROP TABLE IF EXISTS `bed`;
/*!40101 SET @saved_cs_client     = @@character_set_client */;
/*!40101 SET character_set_client = utf8 */;
CREATE TABLE `bed` (
  `id` bigint(20) unsigned NOT NULL AUTO_INCREMENT,
  `bed` varchar(255) COLLATE utf8mb4_unicode_ci DEFAULT NULL,
  `timestamp` timestamp NULL DEFAULT NULL,
  `created_at` timestamp NULL DEFAULT NULL,
  `updated_at` timestamp NULL DEFAULT NULL,
  `deleted_at` timestamp NULL DEFAULT NULL,
  PRIMARY KEY (`id`)
) ENGINE=InnoDB AUTO_INCREMENT=11 DEFAULT CHARSET=utf8mb4 COLLATE=utf8mb4_unicode_ci;
/*!40101 SET character_set_client = @saved_cs_client */;

--
-- Dumping data for table `bed`
--

LOCK TABLES `bed` WRITE;
/*!40000 ALTER TABLE `bed` DISABLE KEYS */;
INSERT INTO `bed` VALUES (1,'Double',NULL,NULL,NULL,NULL),(2,'Bunk',NULL,NULL,NULL,NULL),(3,'Capsule',NULL,NULL,NULL,NULL),(4,'King',NULL,NULL,NULL,NULL),(5,'Single',NULL,NULL,NULL,NULL),(6,'Twin',NULL,NULL,NULL,NULL),(7,'Couch',NULL,NULL,NULL,NULL),(8,'Queen',NULL,NULL,NULL,NULL),(9,'Mattress',NULL,NULL,NULL,NULL),(10,'Sofa Bed',NULL,NULL,NULL,NULL);
/*!40000 ALTER TABLE `bed` ENABLE KEYS */;
UNLOCK TABLES;

--
-- Table structure for table `charge_type`
--

DROP TABLE IF EXISTS `charge_type`;
/*!40101 SET @saved_cs_client     = @@character_set_client */;
/*!40101 SET character_set_client = utf8 */;
CREATE TABLE `charge_type` (
  `id` bigint(20) unsigned NOT NULL AUTO_INCREMENT,
  `charge_type` varchar(255) COLLATE utf8mb4_unicode_ci NOT NULL,
  `created_by` int(11) DEFAULT NULL,
  `timestamp` timestamp NULL DEFAULT NULL,
  `created_at` timestamp NULL DEFAULT NULL,
  `updated_at` timestamp NULL DEFAULT NULL,
  `deleted_at` timestamp NULL DEFAULT NULL,
  PRIMARY KEY (`id`)
) ENGINE=InnoDB AUTO_INCREMENT=2 DEFAULT CHARSET=utf8mb4 COLLATE=utf8mb4_unicode_ci;
/*!40101 SET character_set_client = @saved_cs_client */;

--
-- Dumping data for table `charge_type`
--

LOCK TABLES `charge_type` WRITE;
/*!40000 ALTER TABLE `charge_type` DISABLE KEYS */;
INSERT INTO `charge_type` VALUES (1,'Per Booking',1,NULL,NULL,NULL,NULL);
/*!40000 ALTER TABLE `charge_type` ENABLE KEYS */;
UNLOCK TABLES;

--
-- Table structure for table `date_tax_setting`
--

DROP TABLE IF EXISTS `date_tax_setting`;
/*!40101 SET @saved_cs_client     = @@character_set_client */;
/*!40101 SET character_set_client = utf8 */;
CREATE TABLE `date_tax_setting` (
  `id` bigint(20) unsigned NOT NULL AUTO_INCREMENT,
  `hotel_id` int(11) NOT NULL,
  `sDate` date NOT NULL,
  `eDate` date NOT NULL,
  `tax_setting_id` int(11) NOT NULL,
  `value` double(15,4) NOT NULL DEFAULT '0.0000',
  `is_free` int(11) NOT NULL DEFAULT '0',
  `created_by` int(11) DEFAULT NULL,
  `timestamp` timestamp NULL DEFAULT NULL,
  `created_at` timestamp NULL DEFAULT NULL,
  `updated_at` timestamp NULL DEFAULT NULL,
  `deleted_at` timestamp NULL DEFAULT NULL,
  PRIMARY KEY (`id`)
) ENGINE=InnoDB AUTO_INCREMENT=4 DEFAULT CHARSET=utf8mb4 COLLATE=utf8mb4_unicode_ci;
/*!40101 SET character_set_client = @saved_cs_client */;

--
-- Dumping data for table `date_tax_setting`
--

LOCK TABLES `date_tax_setting` WRITE;
/*!40000 ALTER TABLE `date_tax_setting` DISABLE KEYS */;
INSERT INTO `date_tax_setting` VALUES (1,1,'2019-12-01','2019-12-31',1,20.0000,1,NULL,NULL,'2019-11-26 06:43:58','2019-12-03 03:23:39',NULL),(2,1,'2019-12-01','2019-12-31',2,10.0000,1,NULL,NULL,'2019-11-26 06:43:58','2019-12-03 03:23:39','2019-12-03 03:23:39'),(3,1,'2019-12-01','2019-12-31',3,10.0000,0,NULL,NULL,'2019-11-26 06:43:58','2019-12-03 03:23:39','2019-12-03 03:23:39');
/*!40000 ALTER TABLE `date_tax_setting` ENABLE KEYS */;
UNLOCK TABLES;

--
-- Table structure for table `facilities`
--

DROP TABLE IF EXISTS `facilities`;
/*!40101 SET @saved_cs_client     = @@character_set_client */;
/*!40101 SET character_set_client = utf8 */;
CREATE TABLE `facilities` (
  `id` bigint(20) unsigned NOT NULL AUTO_INCREMENT,
  `facilities_ref_id` int(11) NOT NULL,
  `facilities` varchar(255) COLLATE utf8mb4_unicode_ci NOT NULL,
  `icon_file` varchar(255) COLLATE utf8mb4_unicode_ci DEFAULT NULL,
  `created_by` int(11) DEFAULT NULL,
  `timestamp` timestamp NULL DEFAULT NULL,
  `created_at` timestamp NULL DEFAULT NULL,
  `updated_at` timestamp NULL DEFAULT NULL,
  `deleted_at` timestamp NULL DEFAULT NULL,
  PRIMARY KEY (`id`)
) ENGINE=InnoDB AUTO_INCREMENT=12 DEFAULT CHARSET=utf8mb4 COLLATE=utf8mb4_unicode_ci;
/*!40101 SET character_set_client = @saved_cs_client */;

--
-- Dumping data for table `facilities`
--

LOCK TABLES `facilities` WRITE;
/*!40000 ALTER TABLE `facilities` DISABLE KEYS */;
INSERT INTO `facilities` VALUES (1,2,'100% non-smoking','/kcfinder/vc/uploads/images/2000px-No_smoking_symbol.svg.png',1,NULL,NULL,'2019-12-06 07:02:39',NULL),(2,2,'24-Hour Check-in','/kcfinder/vc/uploads/images/24-hours.png',1,NULL,NULL,'2019-12-06 07:06:04',NULL),(3,2,'24-Hour Front Desk','/kcfinder/vc/uploads/images/download.png',1,NULL,NULL,'2019-12-06 07:06:51',NULL),(4,2,'24-Hour Room Service','/kcfinder/vc/uploads/images/24-hour-room-service-1175645.png',1,NULL,NULL,'2019-12-06 07:07:57',NULL),(5,2,'Check-in Anytime','/kcfinder/vc/uploads/images/image-1.png',1,NULL,NULL,'2019-12-06 07:08:53',NULL),(6,2,'24-Hour Security','/kcfinder/vc/uploads/images/1.png',1,NULL,NULL,'2019-12-06 07:09:47',NULL),(7,2,'Airport Transfer','/kcfinder/vc/uploads/images/1(1).png',1,NULL,NULL,'2019-12-06 07:10:26',NULL),(8,2,'24-Hour Fitness Center',NULL,1,NULL,NULL,NULL,NULL),(9,2,'ATM Terminal','/kcfinder/vc/uploads/images/29-512.png',1,NULL,NULL,'2019-12-06 07:11:03',NULL),(10,4,'Master','/kcfinder/vc/uploads/images/1(2).png',1,NULL,'2019-11-26 06:37:28','2019-12-06 07:12:03',NULL),(11,4,'Visa','/kcfinder/vc/uploads/images/1(4).png',1,NULL,'2019-11-26 06:37:53','2019-12-06 07:13:31',NULL);
/*!40000 ALTER TABLE `facilities` ENABLE KEYS */;
UNLOCK TABLES;

--
-- Table structure for table `facilities_ref`
--

DROP TABLE IF EXISTS `facilities_ref`;
/*!40101 SET @saved_cs_client     = @@character_set_client */;
/*!40101 SET character_set_client = utf8 */;
CREATE TABLE `facilities_ref` (
  `id` bigint(20) unsigned NOT NULL AUTO_INCREMENT,
  `facilities_ref` varchar(255) COLLATE utf8mb4_unicode_ci NOT NULL,
  `created_by` int(11) DEFAULT NULL,
  `timestamp` timestamp NULL DEFAULT NULL,
  `created_at` timestamp NULL DEFAULT NULL,
  `updated_at` timestamp NULL DEFAULT NULL,
  `deleted_at` timestamp NULL DEFAULT NULL,
  PRIMARY KEY (`id`)
) ENGINE=InnoDB AUTO_INCREMENT=6 DEFAULT CHARSET=utf8mb4 COLLATE=utf8mb4_unicode_ci;
/*!40101 SET character_set_client = @saved_cs_client */;

--
-- Dumping data for table `facilities_ref`
--

LOCK TABLES `facilities_ref` WRITE;
/*!40000 ALTER TABLE `facilities_ref` DISABLE KEYS */;
INSERT INTO `facilities_ref` VALUES (1,'Languages Spoken',1,NULL,NULL,NULL,NULL),(2,'Hotel Facilities',1,NULL,NULL,NULL,NULL),(3,'Languages Spoken',1,NULL,NULL,NULL,NULL),(4,'Payment Cards Accepted',1,NULL,NULL,NULL,NULL),(5,'Sports and Recreation',1,NULL,NULL,NULL,NULL);
/*!40000 ALTER TABLE `facilities_ref` ENABLE KEYS */;
UNLOCK TABLES;

--
-- Table structure for table `failed_jobs`
--

DROP TABLE IF EXISTS `failed_jobs`;
/*!40101 SET @saved_cs_client     = @@character_set_client */;
/*!40101 SET character_set_client = utf8 */;
CREATE TABLE `failed_jobs` (
  `id` bigint(20) unsigned NOT NULL AUTO_INCREMENT,
  `connection` text COLLATE utf8mb4_unicode_ci NOT NULL,
  `queue` text COLLATE utf8mb4_unicode_ci NOT NULL,
  `payload` longtext COLLATE utf8mb4_unicode_ci NOT NULL,
  `exception` longtext COLLATE utf8mb4_unicode_ci NOT NULL,
  `failed_at` timestamp NOT NULL DEFAULT CURRENT_TIMESTAMP,
  PRIMARY KEY (`id`)
) ENGINE=InnoDB DEFAULT CHARSET=utf8mb4 COLLATE=utf8mb4_unicode_ci;
/*!40101 SET character_set_client = @saved_cs_client */;

--
-- Dumping data for table `failed_jobs`
--

LOCK TABLES `failed_jobs` WRITE;
/*!40000 ALTER TABLE `failed_jobs` DISABLE KEYS */;
/*!40000 ALTER TABLE `failed_jobs` ENABLE KEYS */;
UNLOCK TABLES;

--
-- Table structure for table `hotel_facilities`
--

DROP TABLE IF EXISTS `hotel_facilities`;
/*!40101 SET @saved_cs_client     = @@character_set_client */;
/*!40101 SET character_set_client = utf8 */;
CREATE TABLE `hotel_facilities` (
  `id` bigint(20) unsigned NOT NULL AUTO_INCREMENT,
  `facilities_id` int(11) NOT NULL,
  `hotel_id` int(11) NOT NULL,
  `created_by` int(11) DEFAULT NULL,
  `timestamp` timestamp NULL DEFAULT NULL,
  `created_at` timestamp NULL DEFAULT NULL,
  `updated_at` timestamp NULL DEFAULT NULL,
  `deleted_at` timestamp NULL DEFAULT NULL,
  PRIMARY KEY (`id`)
) ENGINE=InnoDB AUTO_INCREMENT=8 DEFAULT CHARSET=utf8mb4 COLLATE=utf8mb4_unicode_ci;
/*!40101 SET character_set_client = @saved_cs_client */;

--
-- Dumping data for table `hotel_facilities`
--

LOCK TABLES `hotel_facilities` WRITE;
/*!40000 ALTER TABLE `hotel_facilities` DISABLE KEYS */;
INSERT INTO `hotel_facilities` VALUES (1,1,1,1,NULL,'2019-11-26 06:40:57','2019-11-26 06:40:57',NULL),(2,2,1,1,NULL,'2019-11-26 06:40:59','2019-11-26 06:40:59',NULL),(3,10,1,1,NULL,'2019-11-26 06:41:20','2019-11-26 06:41:20',NULL),(4,10,3,1,NULL,'2019-12-06 07:01:00','2019-12-06 07:01:00',NULL),(5,11,3,1,NULL,'2019-12-06 07:01:01','2019-12-06 07:01:01',NULL),(6,1,3,1,NULL,'2019-12-06 07:01:03','2019-12-06 07:01:03',NULL),(7,4,3,1,NULL,'2019-12-06 07:01:05','2019-12-06 07:01:05',NULL);
/*!40000 ALTER TABLE `hotel_facilities` ENABLE KEYS */;
UNLOCK TABLES;

--
-- Table structure for table `image`
--

DROP TABLE IF EXISTS `image`;
/*!40101 SET @saved_cs_client     = @@character_set_client */;
/*!40101 SET character_set_client = utf8 */;
CREATE TABLE `image` (
  `id` bigint(20) unsigned NOT NULL AUTO_INCREMENT,
  `image_ref_id` int(11) NOT NULL,
  `hotel_id` int(11) DEFAULT NULL,
  `room_type_id` int(11) DEFAULT NULL,
  `image` varchar(255) COLLATE utf8mb4_unicode_ci NOT NULL,
  `created_by` int(11) DEFAULT NULL,
  `timestamp` timestamp NULL DEFAULT NULL,
  `created_at` timestamp NULL DEFAULT NULL,
  `updated_at` timestamp NULL DEFAULT NULL,
  `deleted_at` timestamp NULL DEFAULT NULL,
  PRIMARY KEY (`id`)
) ENGINE=InnoDB AUTO_INCREMENT=3 DEFAULT CHARSET=utf8mb4 COLLATE=utf8mb4_unicode_ci;
/*!40101 SET character_set_client = @saved_cs_client */;

--
-- Dumping data for table `image`
--

LOCK TABLES `image` WRITE;
/*!40000 ALTER TABLE `image` DISABLE KEYS */;
INSERT INTO `image` VALUES (1,1,1,NULL,'HeM9dzZoZI.png',1,NULL,'2019-11-26 05:48:17','2019-11-26 05:48:29','2019-11-26 05:48:29'),(2,1,1,NULL,'HLPBTJHENm.png',1,NULL,'2019-11-26 06:29:24','2019-11-26 06:29:24',NULL);
/*!40000 ALTER TABLE `image` ENABLE KEYS */;
UNLOCK TABLES;

--
-- Table structure for table `img_ref`
--

DROP TABLE IF EXISTS `img_ref`;
/*!40101 SET @saved_cs_client     = @@character_set_client */;
/*!40101 SET character_set_client = utf8 */;
CREATE TABLE `img_ref` (
  `id` bigint(20) unsigned NOT NULL AUTO_INCREMENT,
  `image_ref` varchar(255) COLLATE utf8mb4_unicode_ci NOT NULL,
  `created_by` int(11) DEFAULT NULL,
  `timestamp` timestamp NULL DEFAULT NULL,
  `created_at` timestamp NULL DEFAULT NULL,
  `updated_at` timestamp NULL DEFAULT NULL,
  `deleted_at` timestamp NULL DEFAULT NULL,
  PRIMARY KEY (`id`)
) ENGINE=InnoDB AUTO_INCREMENT=6 DEFAULT CHARSET=utf8mb4 COLLATE=utf8mb4_unicode_ci;
/*!40101 SET character_set_client = @saved_cs_client */;

--
-- Dumping data for table `img_ref`
--

LOCK TABLES `img_ref` WRITE;
/*!40000 ALTER TABLE `img_ref` DISABLE KEYS */;
INSERT INTO `img_ref` VALUES (1,'Interior',1,NULL,NULL,NULL,NULL),(2,'Exterior',1,NULL,NULL,NULL,NULL),(3,'Lobby',1,NULL,NULL,NULL,NULL),(4,'Food and Drinks',1,NULL,NULL,NULL,NULL),(5,'Facilities',1,NULL,NULL,NULL,NULL);
/*!40000 ALTER TABLE `img_ref` ENABLE KEYS */;
UNLOCK TABLES;

--
-- Table structure for table `migrations`
--

DROP TABLE IF EXISTS `migrations`;
/*!40101 SET @saved_cs_client     = @@character_set_client */;
/*!40101 SET character_set_client = utf8 */;
CREATE TABLE `migrations` (
  `id` int(10) unsigned NOT NULL AUTO_INCREMENT,
  `migration` varchar(255) COLLATE utf8mb4_unicode_ci NOT NULL,
  `batch` int(11) NOT NULL,
  PRIMARY KEY (`id`)
) ENGINE=InnoDB AUTO_INCREMENT=59 DEFAULT CHARSET=utf8mb4 COLLATE=utf8mb4_unicode_ci;
/*!40101 SET character_set_client = @saved_cs_client */;

--
-- Dumping data for table `migrations`
--

LOCK TABLES `migrations` WRITE;
/*!40000 ALTER TABLE `migrations` DISABLE KEYS */;
INSERT INTO `migrations` VALUES (1,'2014_09_11_010609_create_user_group',1),(2,'2014_10_12_000000_create_users_table',1),(3,'2018_12_11_011106_create_access',1),(4,'2019_08_19_000000_create_failed_jobs_table',1),(5,'2019_09_07_141406_add_with_editable_on_access',1),(6,'2019_09_27_011319_create_img_ref',1),(7,'2019_09_27_011546_create_image',1),(8,'2019_09_27_011958_add_hotel_id_image',1),(9,'2019_09_27_035933_create_reviews',1),(10,'2019_09_27_040103_create_review_replies',1),(11,'2019_09_27_060519_create_bed',1),(12,'2019_09_27_064849_create_tbl_hotels',1),(13,'2019_09_27_065531_create_tbl_user',1),(14,'2019_09_27_065544_create_tbl_user_info',1),(15,'2019_09_27_070855_create_tbl_inquiries',1),(16,'2019_09_27_071614_create_tbl_room',1),(17,'2019_09_27_072709_create_tbl_images',1),(18,'2019_09_27_073050_create_tbl_amenities',1),(19,'2019_09_27_074011_create_tbl_amenities_setup',1),(20,'2019_09_27_074239_create_tbl_favorites',1),(21,'2019_09_27_074332_create_tbl_hotels_meta',1),(22,'2019_09_27_075419_create_tbl_prices',1),(23,'2019_09_27_080915_create_tbl_room_availability',1),(24,'2019_09_27_081311_create_tbl_transactions',1),(25,'2019_09_27_081601_create_tbl_api_access',1),(26,'2019_10_01_010919_add_flag_on_tbl_room',1),(27,'2019_10_01_053203_add_sort_on_tbl_room',1),(28,'2019_10_01_073410_create_facilities_ref',1),(29,'2019_10_01_073456_create_facilities',1),(30,'2019_10_01_073552_create_hotel_facilities',1),(31,'2019_10_01_080207_create_room_bed',1),(32,'2019_10_02_033343_create_tax_type',1),(33,'2019_10_02_033456_create_charge_type',1),(34,'2019_10_02_033529_create_tax_setting_type',1),(35,'2019_10_02_033601_create_tax_setting',1),(36,'2019_10_02_033918_create_date_tax_setting',1),(37,'2019_10_07_011449_add_hotel_id_on_date_tax_setting',1),(38,'2019_10_07_012405_add_soft_delete_on_date_tax_setting',1),(39,'2019_10_07_053329_create_countries',1),(40,'2019_10_31_005532_create_tbl_cities',1),(41,'2019_10_31_005741_create_tbl_regions',1),(42,'2019_10_31_031641_create_user_to_hotel',1),(43,'2019_10_31_031948_create_price_scheduled',1),(44,'2019_11_04_010236_create_property_contracts',1),(45,'2019_11_04_092919_add_date_applied_on_tbl_room_availability',1),(46,'2019_11_19_063638_create_room_rate',1),(47,'2019_11_19_063926_add_created_by_on_room_rate',1),(48,'2019_11_19_065123_add_deleted_at_on_room_rate',1),(49,'2019_11_20_062225_create_room_rate_price',1),(50,'2019_11_20_064001_add_bday_user_info',1),(51,'2019_11_26_044453_add_image_file_on_user',2),(52,'2019_11_29_012541_create_tbl_bookings',3),(53,'2019_11_29_013822_add_user_id_on_tbl_transaction',4),(54,'2019_12_03_010839_add_booking_id_tbl_transactions',5),(55,'2019_12_03_011057_add_icon_file_facilities',5),(56,'2019_12_03_023643_add_status_tbl_bookings',6),(57,'2019_12_03_023807_add_is_cancel_tbl_transactions',6),(58,'2019_12_06_040309_create_tbl_replies',7);
/*!40000 ALTER TABLE `migrations` ENABLE KEYS */;
UNLOCK TABLES;

--
-- Table structure for table `price_scheduled`
--

DROP TABLE IF EXISTS `price_scheduled`;
/*!40101 SET @saved_cs_client     = @@character_set_client */;
/*!40101 SET character_set_client = utf8 */;
CREATE TABLE `price_scheduled` (
  `id` bigint(20) unsigned NOT NULL AUTO_INCREMENT,
  `room_id` int(11) NOT NULL,
  `description` varchar(255) COLLATE utf8mb4_unicode_ci NOT NULL,
  `date_applied` date NOT NULL,
  `is_promo` int(11) NOT NULL DEFAULT '0',
  `price` double(14,4) NOT NULL DEFAULT '0.0000',
  `created_by` int(11) DEFAULT NULL,
  `timestamp` timestamp NULL DEFAULT NULL,
  `created_at` timestamp NULL DEFAULT NULL,
  `updated_at` timestamp NULL DEFAULT NULL,
  `deleted_at` timestamp NULL DEFAULT NULL,
  PRIMARY KEY (`id`)
) ENGINE=InnoDB DEFAULT CHARSET=utf8mb4 COLLATE=utf8mb4_unicode_ci;
/*!40101 SET character_set_client = @saved_cs_client */;

--
-- Dumping data for table `price_scheduled`
--

LOCK TABLES `price_scheduled` WRITE;
/*!40000 ALTER TABLE `price_scheduled` DISABLE KEYS */;
/*!40000 ALTER TABLE `price_scheduled` ENABLE KEYS */;
UNLOCK TABLES;

--
-- Table structure for table `property_contracts`
--

DROP TABLE IF EXISTS `property_contracts`;
/*!40101 SET @saved_cs_client     = @@character_set_client */;
/*!40101 SET character_set_client = utf8 */;
CREATE TABLE `property_contracts` (
  `id` bigint(20) unsigned NOT NULL AUTO_INCREMENT,
  `hotel_id` int(11) NOT NULL,
  `fname` varchar(255) COLLATE utf8mb4_unicode_ci NOT NULL,
  `email` varchar(255) COLLATE utf8mb4_unicode_ci DEFAULT NULL,
  `job_role` varchar(255) COLLATE utf8mb4_unicode_ci DEFAULT NULL,
  `land_line` varchar(255) COLLATE utf8mb4_unicode_ci DEFAULT NULL,
  `tel_nos` varchar(255) COLLATE utf8mb4_unicode_ci DEFAULT NULL,
  `img_file` text COLLATE utf8mb4_unicode_ci,
  `country_id` int(11) NOT NULL,
  `responsibility` longtext COLLATE utf8mb4_unicode_ci,
  `created_by` int(11) DEFAULT NULL,
  `created_at` timestamp NULL DEFAULT NULL,
  `updated_at` timestamp NULL DEFAULT NULL,
  `deleted_at` timestamp NULL DEFAULT NULL,
  PRIMARY KEY (`id`)
) ENGINE=InnoDB DEFAULT CHARSET=utf8mb4 COLLATE=utf8mb4_unicode_ci;
/*!40101 SET character_set_client = @saved_cs_client */;

--
-- Dumping data for table `property_contracts`
--

LOCK TABLES `property_contracts` WRITE;
/*!40000 ALTER TABLE `property_contracts` DISABLE KEYS */;
/*!40000 ALTER TABLE `property_contracts` ENABLE KEYS */;
UNLOCK TABLES;

--
-- Table structure for table `review_replies`
--

DROP TABLE IF EXISTS `review_replies`;
/*!40101 SET @saved_cs_client     = @@character_set_client */;
/*!40101 SET character_set_client = utf8 */;
CREATE TABLE `review_replies` (
  `id` bigint(20) unsigned NOT NULL AUTO_INCREMENT,
  `review_id` int(11) NOT NULL,
  `reply` text COLLATE utf8mb4_unicode_ci NOT NULL,
  `created_by` int(11) DEFAULT NULL,
  `timestamp` timestamp NULL DEFAULT NULL,
  `created_at` timestamp NULL DEFAULT NULL,
  `updated_at` timestamp NULL DEFAULT NULL,
  `deleted_at` timestamp NULL DEFAULT NULL,
  PRIMARY KEY (`id`)
) ENGINE=InnoDB DEFAULT CHARSET=utf8mb4 COLLATE=utf8mb4_unicode_ci;
/*!40101 SET character_set_client = @saved_cs_client */;

--
-- Dumping data for table `review_replies`
--

LOCK TABLES `review_replies` WRITE;
/*!40000 ALTER TABLE `review_replies` DISABLE KEYS */;
/*!40000 ALTER TABLE `review_replies` ENABLE KEYS */;
UNLOCK TABLES;

--
-- Table structure for table `reviews`
--

DROP TABLE IF EXISTS `reviews`;
/*!40101 SET @saved_cs_client     = @@character_set_client */;
/*!40101 SET character_set_client = utf8 */;
CREATE TABLE `reviews` (
  `id` bigint(20) unsigned NOT NULL AUTO_INCREMENT,
  `customer_id` int(11) NOT NULL,
  `hotel_id` int(11) NOT NULL,
  `room_type_id` int(11) DEFAULT NULL,
  `star` int(11) DEFAULT NULL,
  `reviews` text COLLATE utf8mb4_unicode_ci,
  `timestamp` timestamp NULL DEFAULT NULL,
  `created_at` timestamp NULL DEFAULT NULL,
  `updated_at` timestamp NULL DEFAULT NULL,
  `deleted_at` timestamp NULL DEFAULT NULL,
  PRIMARY KEY (`id`)
) ENGINE=InnoDB DEFAULT CHARSET=utf8mb4 COLLATE=utf8mb4_unicode_ci;
/*!40101 SET character_set_client = @saved_cs_client */;

--
-- Dumping data for table `reviews`
--

LOCK TABLES `reviews` WRITE;
/*!40000 ALTER TABLE `reviews` DISABLE KEYS */;
/*!40000 ALTER TABLE `reviews` ENABLE KEYS */;
UNLOCK TABLES;

--
-- Table structure for table `room_bed`
--

DROP TABLE IF EXISTS `room_bed`;
/*!40101 SET @saved_cs_client     = @@character_set_client */;
/*!40101 SET character_set_client = utf8 */;
CREATE TABLE `room_bed` (
  `id` bigint(20) unsigned NOT NULL AUTO_INCREMENT,
  `room_id` int(11) NOT NULL,
  `bed_id` int(11) NOT NULL,
  `qty` int(11) NOT NULL,
  `created_by` int(11) DEFAULT NULL,
  `timestamp` timestamp NULL DEFAULT NULL,
  `created_at` timestamp NULL DEFAULT NULL,
  `updated_at` timestamp NULL DEFAULT NULL,
  `deleted_at` timestamp NULL DEFAULT NULL,
  PRIMARY KEY (`id`)
) ENGINE=InnoDB AUTO_INCREMENT=2 DEFAULT CHARSET=utf8mb4 COLLATE=utf8mb4_unicode_ci;
/*!40101 SET character_set_client = @saved_cs_client */;

--
-- Dumping data for table `room_bed`
--

LOCK TABLES `room_bed` WRITE;
/*!40000 ALTER TABLE `room_bed` DISABLE KEYS */;
INSERT INTO `room_bed` VALUES (1,0,6,2,2,NULL,'2019-12-05 08:11:28','2019-12-06 06:52:49','2019-12-06 06:52:49');
/*!40000 ALTER TABLE `room_bed` ENABLE KEYS */;
UNLOCK TABLES;

--
-- Table structure for table `room_rate`
--

DROP TABLE IF EXISTS `room_rate`;
/*!40101 SET @saved_cs_client     = @@character_set_client */;
/*!40101 SET character_set_client = utf8 */;
CREATE TABLE `room_rate` (
  `id` bigint(20) unsigned NOT NULL AUTO_INCREMENT,
  `room_rate` varchar(255) COLLATE utf8mb4_unicode_ci NOT NULL,
  `hour` double(11,2) NOT NULL,
  `created_by` int(11) NOT NULL,
  `created_at` timestamp NULL DEFAULT NULL,
  `updated_at` timestamp NULL DEFAULT NULL,
  `deleted_at` timestamp NULL DEFAULT NULL,
  PRIMARY KEY (`id`)
) ENGINE=InnoDB AUTO_INCREMENT=6 DEFAULT CHARSET=utf8mb4 COLLATE=utf8mb4_unicode_ci;
/*!40101 SET character_set_client = @saved_cs_client */;

--
-- Dumping data for table `room_rate`
--

LOCK TABLES `room_rate` WRITE;
/*!40000 ALTER TABLE `room_rate` DISABLE KEYS */;
INSERT INTO `room_rate` VALUES (1,'1 Hour',1.00,1,'2019-11-26 06:56:55','2019-11-26 06:56:55',NULL),(2,'3 Hours',3.00,1,'2019-11-26 06:57:08','2019-11-26 06:57:08',NULL),(3,'6 Hours',6.00,1,'2019-12-06 08:00:55','2019-12-06 08:00:55',NULL),(4,'12 Hours',12.00,1,'2019-12-06 08:01:02','2019-12-06 08:01:02',NULL),(5,'24 Hours',24.00,1,'2019-12-06 08:01:11','2019-12-06 08:01:11',NULL);
/*!40000 ALTER TABLE `room_rate` ENABLE KEYS */;
UNLOCK TABLES;

--
-- Table structure for table `room_rate_price`
--

DROP TABLE IF EXISTS `room_rate_price`;
/*!40101 SET @saved_cs_client     = @@character_set_client */;
/*!40101 SET character_set_client = utf8 */;
CREATE TABLE `room_rate_price` (
  `id` bigint(20) unsigned NOT NULL AUTO_INCREMENT,
  `room_id` int(11) NOT NULL,
  `room_rate_id` int(11) NOT NULL,
  `date_applied` date DEFAULT NULL,
  `amount` double(14,4) NOT NULL DEFAULT '0.0000',
  `promotion` int(11) NOT NULL DEFAULT '0',
  `created_by` int(11) DEFAULT NULL,
  `created_at` timestamp NULL DEFAULT NULL,
  `updated_at` timestamp NULL DEFAULT NULL,
  `deleted_at` timestamp NULL DEFAULT NULL,
  PRIMARY KEY (`id`)
) ENGINE=InnoDB AUTO_INCREMENT=234 DEFAULT CHARSET=utf8mb4 COLLATE=utf8mb4_unicode_ci;
/*!40101 SET character_set_client = @saved_cs_client */;

--
-- Dumping data for table `room_rate_price`
--

LOCK TABLES `room_rate_price` WRITE;
/*!40000 ALTER TABLE `room_rate_price` DISABLE KEYS */;
INSERT INTO `room_rate_price` VALUES (1,1,1,NULL,150.0000,0,1,'2019-11-26 06:57:45','2019-12-09 06:57:12','2019-12-09 06:57:12'),(2,1,2,NULL,350.0000,0,1,'2019-11-26 06:57:45','2019-12-09 06:57:12','2019-12-09 06:57:12'),(3,3,1,NULL,300.0000,0,1,'2019-12-05 07:42:03','2019-12-09 07:01:06','2019-12-09 07:01:06'),(4,3,2,NULL,0.0000,0,1,'2019-12-05 07:42:03','2019-12-05 08:41:29','2019-12-05 08:41:29'),(5,1,1,'2019-12-05',200.0000,0,1,'2019-12-05 07:43:49','2019-12-05 07:43:49','2019-12-09 07:23:50'),(6,1,2,'2019-12-05',350.0000,0,1,'2019-12-05 07:43:49','2019-12-09 07:23:50','2019-12-09 07:23:50'),(7,1,1,'2019-12-06',150.0000,0,1,'2019-12-05 07:43:49','2019-12-05 07:43:49','2019-12-09 07:23:50'),(8,1,2,'2019-12-06',350.0000,0,1,'2019-12-05 07:43:49','2019-12-09 07:23:50','2019-12-09 07:23:50'),(9,1,1,'2019-12-07',150.0000,0,1,'2019-12-05 07:43:49','2019-12-05 07:43:49','2019-12-09 07:23:50'),(10,1,2,'2019-12-07',350.0000,0,1,'2019-12-05 07:43:49','2019-12-09 07:23:50','2019-12-09 07:23:50'),(11,1,1,'2019-12-08',150.0000,0,1,'2019-12-05 07:43:49','2019-12-05 07:43:49','2019-12-09 07:23:50'),(12,1,2,'2019-12-08',350.0000,0,1,'2019-12-05 07:43:49','2019-12-09 07:23:50','2019-12-09 07:23:50'),(13,1,1,'2019-12-09',150.0000,0,1,'2019-12-05 07:43:49','2019-12-09 06:59:56','2019-12-09 06:59:56'),(14,1,2,'2019-12-09',350.0000,0,1,'2019-12-05 07:43:49','2019-12-09 07:10:55','2019-12-09 07:10:55'),(15,1,1,'2019-12-10',150.0000,0,1,'2019-12-05 07:43:49','2019-12-09 06:59:56','2019-12-09 06:59:56'),(16,1,2,'2019-12-10',350.0000,0,1,'2019-12-05 07:43:49','2019-12-09 07:10:55','2019-12-09 07:10:55'),(17,1,1,'2019-12-11',150.0000,0,1,'2019-12-05 07:43:49','2019-12-09 06:59:56','2019-12-09 06:59:56'),(18,1,2,'2019-12-11',350.0000,0,1,'2019-12-05 07:43:49','2019-12-09 07:10:55','2019-12-09 07:10:55'),(19,1,1,'2019-12-12',150.0000,0,1,'2019-12-05 07:43:49','2019-12-09 06:59:56','2019-12-09 06:59:56'),(20,1,2,'2019-12-12',350.0000,0,1,'2019-12-05 07:43:49','2019-12-09 07:10:55','2019-12-09 07:10:55'),(21,1,1,'2019-12-13',150.0000,0,1,'2019-12-05 07:43:49','2019-12-09 06:59:56','2019-12-09 06:59:56'),(22,1,2,'2019-12-13',350.0000,0,1,'2019-12-05 07:43:49','2019-12-09 07:10:55','2019-12-09 07:10:55'),(23,1,1,'2019-12-14',150.0000,0,1,'2019-12-05 07:43:49','2019-12-09 06:59:56','2019-12-09 06:59:56'),(24,1,2,'2019-12-14',350.0000,0,1,'2019-12-05 07:43:49','2019-12-09 07:10:55','2019-12-09 07:10:55'),(25,1,1,'2019-12-15',150.0000,0,1,'2019-12-05 07:43:49','2019-12-09 06:59:56','2019-12-09 06:59:56'),(26,1,2,'2019-12-15',350.0000,0,1,'2019-12-05 07:43:49','2019-12-09 07:10:55','2019-12-09 07:10:55'),(27,1,1,'2019-12-16',150.0000,0,1,'2019-12-05 07:43:49','2019-12-09 06:59:56','2019-12-09 06:59:56'),(28,1,2,'2019-12-16',350.0000,0,1,'2019-12-05 07:43:49','2019-12-09 07:23:50','2019-12-09 07:23:50'),(29,1,1,'2019-12-17',150.0000,0,1,'2019-12-05 07:43:49','2019-12-09 06:59:56','2019-12-09 06:59:56'),(30,1,2,'2019-12-17',350.0000,0,1,'2019-12-05 07:43:49','2019-12-09 07:23:50','2019-12-09 07:23:50'),(31,1,1,'2019-12-18',150.0000,0,1,'2019-12-05 07:43:49','2019-12-09 06:59:56','2019-12-09 06:59:56'),(32,1,2,'2019-12-18',350.0000,0,1,'2019-12-05 07:43:49','2019-12-09 07:23:50','2019-12-09 07:23:50'),(33,1,1,'2019-12-19',150.0000,0,1,'2019-12-05 07:43:49','2019-12-09 06:59:56','2019-12-09 06:59:56'),(34,1,2,'2019-12-19',350.0000,0,1,'2019-12-05 07:43:49','2019-12-09 07:23:50','2019-12-09 07:23:50'),(35,1,1,'2019-12-20',150.0000,0,1,'2019-12-05 07:43:49','2019-12-09 07:29:34','2019-12-09 07:29:34'),(36,1,2,'2019-12-20',350.0000,0,1,'2019-12-05 07:43:49','2019-12-09 07:23:50','2019-12-09 07:23:50'),(37,1,1,'2019-12-21',150.0000,0,1,'2019-12-05 07:43:49','2019-12-09 07:29:34','2019-12-09 07:29:34'),(38,1,2,'2019-12-21',350.0000,0,1,'2019-12-05 07:43:49','2019-12-09 07:23:50','2019-12-09 07:23:50'),(39,1,1,'2019-12-22',150.0000,0,1,'2019-12-05 07:43:49','2019-12-09 07:29:34','2019-12-09 07:29:34'),(40,1,2,'2019-12-22',350.0000,0,1,'2019-12-05 07:43:49','2019-12-09 07:23:50','2019-12-09 07:23:50'),(41,1,1,'2019-12-23',150.0000,0,1,'2019-12-05 07:43:49','2019-12-09 07:29:34','2019-12-09 07:29:34'),(42,1,2,'2019-12-23',350.0000,0,1,'2019-12-05 07:43:49','2019-12-09 07:23:50','2019-12-09 07:23:50'),(43,1,1,'2019-12-24',150.0000,0,1,'2019-12-05 07:43:49','2019-12-09 07:29:34','2019-12-09 07:29:34'),(44,1,2,'2019-12-24',350.0000,0,1,'2019-12-05 07:43:49','2019-12-09 07:23:50','2019-12-09 07:23:50'),(45,1,1,'2019-12-25',150.0000,0,1,'2019-12-05 07:43:49','2019-12-09 07:29:34','2019-12-09 07:29:34'),(46,1,2,'2019-12-25',350.0000,0,1,'2019-12-05 07:43:49','2019-12-09 07:23:50','2019-12-09 07:23:50'),(47,1,1,'2019-12-26',150.0000,0,1,'2019-12-05 07:43:49','2019-12-09 07:29:34','2019-12-09 07:29:34'),(48,1,2,'2019-12-26',350.0000,0,1,'2019-12-05 07:43:49','2019-12-09 07:23:50','2019-12-09 07:23:50'),(49,1,1,'2019-12-27',150.0000,0,1,'2019-12-05 07:43:49','2019-12-09 07:29:34','2019-12-09 07:29:34'),(50,1,2,'2019-12-27',350.0000,0,1,'2019-12-05 07:43:49','2019-12-09 07:23:50','2019-12-09 07:23:50'),(51,1,1,'2019-12-28',150.0000,0,1,'2019-12-05 07:43:49','2019-12-09 07:29:34','2019-12-09 07:29:34'),(52,1,2,'2019-12-28',350.0000,0,1,'2019-12-05 07:43:49','2019-12-09 07:23:50','2019-12-09 07:23:50'),(53,1,1,'2019-12-29',150.0000,0,1,'2019-12-05 07:43:49','2019-12-09 07:29:34','2019-12-09 07:29:34'),(54,1,2,'2019-12-29',350.0000,0,1,'2019-12-05 07:43:49','2019-12-09 07:23:50','2019-12-09 07:23:50'),(55,1,1,'2019-12-30',150.0000,0,1,'2019-12-05 07:43:49','2019-12-09 07:29:34','2019-12-09 07:29:34'),(56,1,2,'2019-12-30',350.0000,0,1,'2019-12-05 07:43:49','2019-12-09 07:23:50','2019-12-09 07:23:50'),(57,1,1,'2019-12-31',150.0000,0,1,'2019-12-05 07:43:49','2019-12-09 07:29:34','2019-12-09 07:29:34'),(58,1,2,'2019-12-31',350.0000,0,1,'2019-12-05 07:43:49','2019-12-09 07:23:50','2019-12-09 07:23:50'),(59,4,1,NULL,100.0000,0,2,'2019-12-05 08:14:17','2019-12-05 08:14:17','2019-12-09 07:23:50'),(60,4,2,NULL,200.0000,0,2,'2019-12-05 08:14:17','2019-12-05 08:14:17','2019-12-09 07:23:50'),(61,2,1,NULL,200.0000,0,2,'2019-12-05 08:34:45','2019-12-09 07:00:46','2019-12-09 07:00:46'),(62,2,2,NULL,0.0000,0,2,'2019-12-05 08:34:45','2019-12-05 08:41:37','2019-12-05 08:41:37'),(63,3,2,NULL,600.0000,0,2,'2019-12-05 08:41:29','2019-12-09 07:01:06','2019-12-09 07:01:06'),(64,2,2,NULL,400.0000,0,2,'2019-12-05 08:41:37','2019-12-09 07:00:46','2019-12-09 07:00:46'),(65,5,1,NULL,1000.0000,0,1,'2019-12-06 06:53:05','2019-12-06 06:53:05','2019-12-09 07:23:50'),(66,5,2,NULL,3000.0000,0,1,'2019-12-06 06:53:05','2019-12-06 08:01:42','2019-12-06 08:01:42'),(67,5,2,NULL,2500.0000,0,1,'2019-12-06 08:01:42','2019-12-06 08:01:42','2019-12-09 07:23:50'),(68,5,3,NULL,5500.0000,0,1,'2019-12-06 08:01:42','2019-12-06 08:01:42','2019-12-09 07:23:50'),(69,5,4,NULL,11500.0000,0,1,'2019-12-06 08:01:42','2019-12-06 08:01:42','2019-12-09 07:23:50'),(70,5,5,NULL,23500.0000,0,1,'2019-12-06 08:01:42','2019-12-06 08:01:42','2019-12-09 07:23:50'),(71,6,1,NULL,2000.0000,0,1,'2019-12-06 08:22:27','2019-12-06 08:22:27','2019-12-09 07:23:50'),(72,6,2,NULL,5500.0000,0,1,'2019-12-06 08:22:27','2019-12-06 08:22:27','2019-12-09 07:23:50'),(73,6,3,NULL,11500.0000,0,1,'2019-12-06 08:22:27','2019-12-06 08:22:27','2019-12-09 07:23:50'),(74,6,4,NULL,23500.0000,0,1,'2019-12-06 08:22:27','2019-12-06 08:22:27','2019-12-09 07:23:50'),(75,6,5,NULL,47500.0000,0,1,'2019-12-06 08:22:27','2019-12-06 08:22:27','2019-12-09 07:23:50'),(76,1,1,NULL,550.0000,0,1,'2019-12-09 06:57:12','2019-12-09 06:57:12','2019-12-09 07:23:50'),(77,1,2,NULL,1250.0000,0,1,'2019-12-09 06:57:12','2019-12-09 06:57:12','2019-12-09 07:23:50'),(78,1,3,NULL,0.0000,0,1,'2019-12-09 06:57:12','2019-12-09 06:57:12','2019-12-09 07:23:50'),(79,1,4,NULL,0.0000,0,1,'2019-12-09 06:57:12','2019-12-09 06:57:12','2019-12-09 07:23:50'),(80,1,5,NULL,0.0000,0,1,'2019-12-09 06:57:12','2019-12-09 06:57:12','2019-12-09 07:23:50'),(81,1,1,'2019-12-09',550.0000,0,1,'2019-12-09 06:59:56','2019-12-09 07:29:34','2019-12-09 07:29:34'),(82,1,1,'2019-12-10',550.0000,0,1,'2019-12-09 06:59:56','2019-12-09 07:29:34','2019-12-09 07:29:34'),(83,1,1,'2019-12-11',550.0000,0,1,'2019-12-09 06:59:56','2019-12-09 07:29:34','2019-12-09 07:29:34'),(84,1,1,'2019-12-12',550.0000,0,1,'2019-12-09 06:59:56','2019-12-09 07:29:34','2019-12-09 07:29:34'),(85,1,1,'2019-12-13',550.0000,0,1,'2019-12-09 06:59:56','2019-12-09 07:29:34','2019-12-09 07:29:34'),(86,1,1,'2019-12-14',550.0000,0,1,'2019-12-09 06:59:56','2019-12-09 07:29:34','2019-12-09 07:29:34'),(87,1,1,'2019-12-15',550.0000,0,1,'2019-12-09 06:59:56','2019-12-09 07:29:34','2019-12-09 07:29:34'),(88,1,1,'2019-12-16',550.0000,0,1,'2019-12-09 06:59:56','2019-12-09 07:29:34','2019-12-09 07:29:34'),(89,1,1,'2019-12-17',550.0000,0,1,'2019-12-09 06:59:56','2019-12-09 07:29:34','2019-12-09 07:29:34'),(90,1,1,'2019-12-18',550.0000,0,1,'2019-12-09 06:59:56','2019-12-09 07:29:34','2019-12-09 07:29:34'),(91,1,1,'2019-12-19',550.0000,0,1,'2019-12-09 06:59:56','2019-12-09 07:29:34','2019-12-09 07:29:34'),(92,2,1,NULL,700.0000,0,1,'2019-12-09 07:00:46','2019-12-09 07:00:46','2019-12-09 07:23:50'),(93,2,2,NULL,800.0000,0,1,'2019-12-09 07:00:46','2019-12-09 07:00:46','2019-12-09 07:23:50'),(94,2,3,NULL,0.0000,0,1,'2019-12-09 07:00:46','2019-12-09 07:00:46','2019-12-09 07:23:50'),(95,2,4,NULL,0.0000,0,1,'2019-12-09 07:00:46','2019-12-09 07:00:46','2019-12-09 07:23:50'),(96,2,5,NULL,0.0000,0,1,'2019-12-09 07:00:46','2019-12-09 07:00:46','2019-12-09 07:23:50'),(97,3,1,NULL,900.0000,0,1,'2019-12-09 07:01:06','2019-12-09 07:01:06','2019-12-09 07:23:50'),(98,3,2,NULL,2500.0000,0,1,'2019-12-09 07:01:06','2019-12-09 07:01:06','2019-12-09 07:23:50'),(99,3,3,NULL,0.0000,0,1,'2019-12-09 07:01:06','2019-12-09 07:01:06','2019-12-09 07:23:50'),(100,3,4,NULL,0.0000,0,1,'2019-12-09 07:01:06','2019-12-09 07:01:06','2019-12-09 07:23:50'),(101,3,5,NULL,0.0000,0,1,'2019-12-09 07:01:06','2019-12-09 07:01:06','2019-12-09 07:23:50'),(102,1,2,'2019-12-09',800.0000,0,1,'2019-12-09 07:10:55','2019-12-09 07:17:35','2019-12-09 07:17:35'),(103,1,2,'2019-12-10',800.0000,0,1,'2019-12-09 07:10:55','2019-12-09 07:23:50','2019-12-09 07:23:50'),(104,1,2,'2019-12-11',800.0000,0,1,'2019-12-09 07:10:55','2019-12-09 07:23:50','2019-12-09 07:23:50'),(105,1,2,'2019-12-12',800.0000,0,1,'2019-12-09 07:10:55','2019-12-09 07:23:50','2019-12-09 07:23:50'),(106,1,2,'2019-12-13',800.0000,0,1,'2019-12-09 07:10:55','2019-12-09 07:23:50','2019-12-09 07:23:50'),(107,1,2,'2019-12-14',800.0000,0,1,'2019-12-09 07:10:55','2019-12-09 07:23:50','2019-12-09 07:23:50'),(108,1,2,'2019-12-15',800.0000,0,1,'2019-12-09 07:10:55','2019-12-09 07:23:50','2019-12-09 07:23:50'),(109,1,1,'2019-11-01',550.0000,0,1,'2019-12-09 07:21:27','2019-12-09 07:21:27','2019-12-09 07:23:50'),(110,1,2,'2019-11-01',1250.0000,0,1,'2019-12-09 07:21:27','2019-12-09 07:21:27','2019-12-09 07:23:50'),(111,1,1,'2019-11-02',550.0000,0,1,'2019-12-09 07:21:27','2019-12-09 07:21:27','2019-12-09 07:23:50'),(112,1,2,'2019-11-02',1250.0000,0,1,'2019-12-09 07:21:27','2019-12-09 07:21:27','2019-12-09 07:23:50'),(113,1,1,'2019-11-03',550.0000,0,1,'2019-12-09 07:21:27','2019-12-09 07:21:27','2019-12-09 07:23:50'),(114,1,2,'2019-11-03',1250.0000,0,1,'2019-12-09 07:21:27','2019-12-09 07:21:27','2019-12-09 07:23:50'),(115,1,1,'2019-11-04',550.0000,0,1,'2019-12-09 07:21:27','2019-12-09 07:21:27','2019-12-09 07:23:50'),(116,1,2,'2019-11-04',1250.0000,0,1,'2019-12-09 07:21:27','2019-12-09 07:21:27','2019-12-09 07:23:50'),(117,1,1,'2019-11-05',550.0000,0,1,'2019-12-09 07:21:27','2019-12-09 07:21:27','2019-12-09 07:23:50'),(118,1,2,'2019-11-05',1250.0000,0,1,'2019-12-09 07:21:27','2019-12-09 07:21:27','2019-12-09 07:23:50'),(119,1,1,'2019-11-06',550.0000,0,1,'2019-12-09 07:21:27','2019-12-09 07:21:27','2019-12-09 07:23:50'),(120,1,2,'2019-11-06',1250.0000,0,1,'2019-12-09 07:21:27','2019-12-09 07:21:27','2019-12-09 07:23:50'),(121,1,1,'2019-11-07',550.0000,0,1,'2019-12-09 07:21:27','2019-12-09 07:21:27','2019-12-09 07:23:50'),(122,1,2,'2019-11-07',1250.0000,0,1,'2019-12-09 07:21:27','2019-12-09 07:21:27','2019-12-09 07:23:50'),(123,1,1,'2019-11-08',550.0000,0,1,'2019-12-09 07:21:27','2019-12-09 07:21:27','2019-12-09 07:23:50'),(124,1,2,'2019-11-08',1250.0000,0,1,'2019-12-09 07:21:27','2019-12-09 07:21:27','2019-12-09 07:23:50'),(125,1,1,'2019-11-09',550.0000,0,1,'2019-12-09 07:21:28','2019-12-09 07:21:28','2019-12-09 07:23:50'),(126,1,2,'2019-11-09',1250.0000,0,1,'2019-12-09 07:21:28','2019-12-09 07:21:28','2019-12-09 07:23:50'),(127,1,1,'2019-11-10',550.0000,0,1,'2019-12-09 07:21:28','2019-12-09 07:21:28','2019-12-09 07:23:50'),(128,1,2,'2019-11-10',1250.0000,0,1,'2019-12-09 07:21:28','2019-12-09 07:21:28','2019-12-09 07:23:50'),(129,1,1,'2019-11-11',550.0000,0,1,'2019-12-09 07:21:28','2019-12-09 07:21:28','2019-12-09 07:23:50'),(130,1,2,'2019-11-11',1250.0000,0,1,'2019-12-09 07:21:28','2019-12-09 07:21:28','2019-12-09 07:23:50'),(131,1,1,'2019-11-12',550.0000,0,1,'2019-12-09 07:21:28','2019-12-09 07:21:28','2019-12-09 07:23:50'),(132,1,2,'2019-11-12',1250.0000,0,1,'2019-12-09 07:21:28','2019-12-09 07:21:28','2019-12-09 07:23:50'),(133,1,1,'2019-11-13',550.0000,0,1,'2019-12-09 07:21:28','2019-12-09 07:21:28','2019-12-09 07:23:50'),(134,1,2,'2019-11-13',1250.0000,0,1,'2019-12-09 07:21:28','2019-12-09 07:21:28','2019-12-09 07:23:50'),(135,1,1,'2019-11-14',550.0000,0,1,'2019-12-09 07:21:28','2019-12-09 07:21:28','2019-12-09 07:23:50'),(136,1,2,'2019-11-14',1250.0000,0,1,'2019-12-09 07:21:28','2019-12-09 07:21:28','2019-12-09 07:23:50'),(137,1,1,'2019-11-15',550.0000,0,1,'2019-12-09 07:21:28','2019-12-09 07:21:28','2019-12-09 07:23:50'),(138,1,2,'2019-11-15',1250.0000,0,1,'2019-12-09 07:21:28','2019-12-09 07:21:28','2019-12-09 07:23:50'),(139,1,1,'2019-11-16',550.0000,0,1,'2019-12-09 07:21:28','2019-12-09 07:21:28','2019-12-09 07:23:50'),(140,1,2,'2019-11-16',1250.0000,0,1,'2019-12-09 07:21:28','2019-12-09 07:21:28','2019-12-09 07:23:50'),(141,1,1,'2019-11-17',550.0000,0,1,'2019-12-09 07:21:28','2019-12-09 07:21:28','2019-12-09 07:23:50'),(142,1,2,'2019-11-17',1250.0000,0,1,'2019-12-09 07:21:28','2019-12-09 07:21:28','2019-12-09 07:23:50'),(143,1,1,'2019-11-18',550.0000,0,1,'2019-12-09 07:21:28','2019-12-09 07:21:28','2019-12-09 07:23:50'),(144,1,2,'2019-11-18',1250.0000,0,1,'2019-12-09 07:21:28','2019-12-09 07:21:28','2019-12-09 07:23:50'),(145,1,1,'2019-11-19',550.0000,0,1,'2019-12-09 07:21:28','2019-12-09 07:21:28','2019-12-09 07:23:50'),(146,1,2,'2019-11-19',1250.0000,0,1,'2019-12-09 07:21:28','2019-12-09 07:21:28','2019-12-09 07:23:50'),(147,1,1,'2019-11-20',550.0000,0,1,'2019-12-09 07:21:28','2019-12-09 07:21:28','2019-12-09 07:23:50'),(148,1,2,'2019-11-20',1250.0000,0,1,'2019-12-09 07:21:28','2019-12-09 07:21:28','2019-12-09 07:23:50'),(149,1,1,'2019-11-21',550.0000,0,1,'2019-12-09 07:21:28','2019-12-09 07:21:28','2019-12-09 07:23:50'),(150,1,2,'2019-11-21',1250.0000,0,1,'2019-12-09 07:21:28','2019-12-09 07:21:28','2019-12-09 07:23:50'),(151,1,1,'2019-11-22',550.0000,0,1,'2019-12-09 07:21:28','2019-12-09 07:21:28','2019-12-09 07:23:50'),(152,1,2,'2019-11-22',1250.0000,0,1,'2019-12-09 07:21:28','2019-12-09 07:21:28','2019-12-09 07:23:50'),(153,1,1,'2019-11-23',550.0000,0,1,'2019-12-09 07:21:28','2019-12-09 07:21:28','2019-12-09 07:23:50'),(154,1,2,'2019-11-23',1250.0000,0,1,'2019-12-09 07:21:28','2019-12-09 07:21:28','2019-12-09 07:23:50'),(155,1,1,'2019-11-24',550.0000,0,1,'2019-12-09 07:21:28','2019-12-09 07:21:28','2019-12-09 07:23:50'),(156,1,2,'2019-11-24',1250.0000,0,1,'2019-12-09 07:21:28','2019-12-09 07:21:28','2019-12-09 07:23:50'),(157,1,1,'2019-11-25',550.0000,0,1,'2019-12-09 07:21:28','2019-12-09 07:21:28','2019-12-09 07:23:50'),(158,1,2,'2019-11-25',1250.0000,0,1,'2019-12-09 07:21:28','2019-12-09 07:21:28','2019-12-09 07:23:50'),(159,1,1,'2019-11-26',550.0000,0,1,'2019-12-09 07:21:28','2019-12-09 07:21:28','2019-12-09 07:23:50'),(160,1,2,'2019-11-26',1250.0000,0,1,'2019-12-09 07:21:28','2019-12-09 07:21:28','2019-12-09 07:23:50'),(161,1,1,'2019-11-27',550.0000,0,1,'2019-12-09 07:21:28','2019-12-09 07:21:28','2019-12-09 07:23:50'),(162,1,2,'2019-11-27',1250.0000,0,1,'2019-12-09 07:21:28','2019-12-09 07:21:28','2019-12-09 07:23:50'),(163,1,1,'2019-11-28',550.0000,0,1,'2019-12-09 07:21:28','2019-12-09 07:21:28','2019-12-09 07:23:50'),(164,1,2,'2019-11-28',1250.0000,0,1,'2019-12-09 07:21:28','2019-12-09 07:21:28','2019-12-09 07:23:50'),(165,1,1,'2019-11-29',550.0000,0,1,'2019-12-09 07:21:28','2019-12-09 07:21:28','2019-12-09 07:23:50'),(166,1,2,'2019-11-29',1250.0000,0,1,'2019-12-09 07:21:28','2019-12-09 07:21:28','2019-12-09 07:23:50'),(167,1,1,'2019-11-30',550.0000,0,1,'2019-12-09 07:21:28','2019-12-09 07:21:28','2019-12-09 07:23:50'),(168,1,2,'2019-11-30',1250.0000,0,1,'2019-12-09 07:21:28','2019-12-09 07:21:28','2019-12-09 07:23:50'),(169,1,1,'2019-12-01',550.0000,0,1,'2019-12-09 07:21:28','2019-12-09 07:21:28','2019-12-09 07:23:50'),(170,1,2,'2019-12-01',1250.0000,0,1,'2019-12-09 07:21:28','2019-12-09 07:23:50','2019-12-09 07:23:50'),(171,1,1,'2019-12-02',550.0000,0,1,'2019-12-09 07:21:28','2019-12-09 07:21:28','2019-12-09 07:23:50'),(172,1,2,'2019-12-02',1250.0000,0,1,'2019-12-09 07:21:28','2019-12-09 07:23:50','2019-12-09 07:23:50'),(173,1,1,'2019-12-03',550.0000,0,1,'2019-12-09 07:21:28','2019-12-09 07:21:28','2019-12-09 07:23:50'),(174,1,2,'2019-12-03',1250.0000,0,1,'2019-12-09 07:21:28','2019-12-09 07:23:50','2019-12-09 07:23:50'),(175,1,1,'2019-12-04',550.0000,0,1,'2019-12-09 07:21:28','2019-12-09 07:21:28','2019-12-09 07:23:50'),(176,1,2,'2019-12-04',1250.0000,0,1,'2019-12-09 07:21:28','2019-12-09 07:23:50','2019-12-09 07:23:50'),(177,1,2,'2019-12-09',1250.0000,0,1,'2019-12-09 07:21:28','2019-12-09 07:23:50','2019-12-09 07:23:50'),(178,1,2,'2019-12-09',1250.0000,0,1,'2019-12-09 07:29:34','2019-12-09 07:29:34','2019-12-09 07:23:50'),(179,1,2,'2019-12-10',1250.0000,0,1,'2019-12-09 07:29:34','2019-12-09 07:29:34','2019-12-09 07:23:50'),(180,1,2,'2019-12-11',1250.0000,0,1,'2019-12-09 07:29:34','2019-12-09 07:29:34','2019-12-09 07:23:50'),(181,1,2,'2019-12-12',1250.0000,0,1,'2019-12-09 07:29:34','2019-12-09 07:29:34','2019-12-09 07:23:50'),(182,1,2,'2019-12-13',1250.0000,0,1,'2019-12-09 07:29:34','2019-12-09 07:29:34','2019-12-09 07:23:50'),(183,1,2,'2019-12-14',1250.0000,0,1,'2019-12-09 07:29:34','2019-12-09 07:29:34','2019-12-09 07:23:50'),(184,1,2,'2019-12-15',1250.0000,0,1,'2019-12-09 07:29:34','2019-12-09 07:29:34','2019-12-09 07:23:50'),(185,1,2,'2019-12-16',1250.0000,0,1,'2019-12-09 07:29:34','2019-12-09 07:29:34','2019-12-09 07:23:50'),(186,1,2,'2019-12-17',1250.0000,0,1,'2019-12-09 07:29:34','2019-12-09 07:29:34','2019-12-09 07:23:50'),(187,1,2,'2019-12-18',1250.0000,0,1,'2019-12-09 07:29:34','2019-12-09 07:29:34','2019-12-09 07:23:50'),(188,1,2,'2019-12-19',1250.0000,0,1,'2019-12-09 07:29:34','2019-12-09 07:29:34','2019-12-09 07:23:50'),(189,1,2,'2019-12-20',1250.0000,0,1,'2019-12-09 07:29:34','2019-12-09 07:29:34','2019-12-09 07:23:50'),(190,1,2,'2019-12-21',1250.0000,0,1,'2019-12-09 07:29:34','2019-12-09 07:29:34','2019-12-09 07:23:50'),(191,1,2,'2019-12-22',1250.0000,0,1,'2019-12-09 07:29:34','2019-12-09 07:29:34','2019-12-09 07:23:50'),(192,1,2,'2019-12-23',1250.0000,0,1,'2019-12-09 07:29:34','2019-12-09 07:29:34','2019-12-09 07:23:50'),(193,1,2,'2019-12-24',1250.0000,0,1,'2019-12-09 07:29:34','2019-12-09 07:29:34','2019-12-09 07:23:50'),(194,1,2,'2019-12-25',1250.0000,0,1,'2019-12-09 07:29:34','2019-12-09 07:29:34','2019-12-09 07:23:50'),(195,1,2,'2019-12-26',1250.0000,0,1,'2019-12-09 07:29:34','2019-12-09 07:29:34','2019-12-09 07:23:50'),(196,1,2,'2019-12-27',1250.0000,0,1,'2019-12-09 07:29:34','2019-12-09 07:29:34','2019-12-09 07:23:50'),(197,1,2,'2019-12-28',1250.0000,0,1,'2019-12-09 07:29:34','2019-12-09 07:29:34','2019-12-09 07:23:50'),(198,1,2,'2019-12-29',1250.0000,0,1,'2019-12-09 07:29:34','2019-12-09 07:29:34','2019-12-09 07:23:50'),(199,1,2,'2019-12-30',1250.0000,0,1,'2019-12-09 07:29:34','2019-12-09 07:29:34','2019-12-09 07:23:50'),(200,1,2,'2019-12-31',1250.0000,0,1,'2019-12-09 07:29:34','2019-12-09 07:29:34','2019-12-09 07:23:50'),(201,1,1,NULL,550.0000,0,1,'2019-12-09 07:41:05','2019-12-09 07:41:05',NULL),(202,1,2,NULL,1250.0000,0,1,'2019-12-09 07:41:05','2019-12-09 07:41:05',NULL),(203,1,3,NULL,0.0000,0,1,'2019-12-09 07:41:05','2019-12-09 07:41:05',NULL),(204,1,4,NULL,0.0000,0,1,'2019-12-09 07:41:05','2019-12-09 07:41:05',NULL),(205,1,5,NULL,0.0000,0,1,'2019-12-09 07:41:05','2019-12-09 07:41:05',NULL),(206,2,1,NULL,1000.0000,0,1,'2019-12-09 07:41:28','2019-12-09 07:41:28',NULL),(207,2,2,NULL,3000.0000,0,1,'2019-12-09 07:41:28','2019-12-09 07:41:28',NULL),(208,2,3,NULL,0.0000,0,1,'2019-12-09 07:41:28','2019-12-09 07:41:28',NULL),(209,2,4,NULL,0.0000,0,1,'2019-12-09 07:41:28','2019-12-09 07:41:28',NULL),(210,2,5,NULL,0.0000,0,1,'2019-12-09 07:41:28','2019-12-09 07:41:28',NULL),(211,3,1,NULL,2000.0000,0,1,'2019-12-09 07:41:36','2019-12-09 07:41:36',NULL),(212,3,2,NULL,5000.0000,0,1,'2019-12-09 07:41:36','2019-12-09 07:41:36',NULL),(213,3,3,NULL,0.0000,0,1,'2019-12-09 07:41:36','2019-12-09 07:41:36',NULL),(214,3,4,NULL,0.0000,0,1,'2019-12-09 07:41:36','2019-12-09 07:41:36',NULL),(215,3,5,NULL,0.0000,0,1,'2019-12-09 07:41:36','2019-12-09 07:41:36',NULL),(216,5,1,NULL,150.0000,0,1,'2019-12-09 07:42:03','2019-12-09 07:42:03',NULL),(217,5,2,NULL,300.0000,0,1,'2019-12-09 07:42:03','2019-12-09 07:42:09','2019-12-09 07:42:09'),(218,5,3,NULL,0.0000,0,1,'2019-12-09 07:42:03','2019-12-09 07:42:03',NULL),(219,5,4,NULL,0.0000,0,1,'2019-12-09 07:42:03','2019-12-09 07:42:03',NULL),(220,5,5,NULL,0.0000,0,1,'2019-12-09 07:42:03','2019-12-09 07:42:03',NULL),(221,5,2,NULL,350.0000,0,1,'2019-12-09 07:42:09','2019-12-09 07:42:09',NULL),(222,6,1,NULL,300.0000,0,1,'2019-12-09 07:42:16','2019-12-09 07:42:16',NULL),(223,6,2,NULL,550.0000,0,1,'2019-12-09 07:42:16','2019-12-09 07:42:16',NULL),(224,6,3,NULL,0.0000,0,1,'2019-12-09 07:42:16','2019-12-09 07:42:16',NULL),(225,6,4,NULL,0.0000,0,1,'2019-12-09 07:42:16','2019-12-09 07:42:16',NULL),(226,6,5,NULL,0.0000,0,1,'2019-12-09 07:42:16','2019-12-09 07:42:16',NULL),(227,4,1,NULL,300.0000,0,2,'2019-12-09 07:42:38','2019-12-09 07:42:38',NULL),(228,4,2,NULL,600.0000,0,2,'2019-12-09 07:42:38','2019-12-09 07:42:38',NULL),(229,4,3,NULL,0.0000,0,2,'2019-12-09 07:42:38','2019-12-09 07:42:38',NULL),(230,4,4,NULL,0.0000,0,2,'2019-12-09 07:42:38','2019-12-09 07:42:38',NULL),(231,4,5,NULL,0.0000,0,2,'2019-12-09 07:42:38','2019-12-09 07:42:38',NULL),(232,1,2,'2019-12-09',100.0000,0,1,'2019-12-09 07:52:18','2019-12-09 07:52:18',NULL),(233,1,2,'2019-12-15',300.0000,0,2,'2019-12-10 01:05:31','2019-12-10 01:05:31',NULL);
/*!40000 ALTER TABLE `room_rate_price` ENABLE KEYS */;
UNLOCK TABLES;

--
-- Table structure for table `tax_setting`
--

DROP TABLE IF EXISTS `tax_setting`;
/*!40101 SET @saved_cs_client     = @@character_set_client */;
/*!40101 SET character_set_client = utf8 */;
CREATE TABLE `tax_setting` (
  `id` bigint(20) unsigned NOT NULL AUTO_INCREMENT,
  `tax_type_id` int(11) NOT NULL,
  `charge_type_id` int(11) NOT NULL,
  `tax_setting_type_id` int(11) NOT NULL,
  `created_by` int(11) DEFAULT NULL,
  `timestamp` timestamp NULL DEFAULT NULL,
  `created_at` timestamp NULL DEFAULT NULL,
  `updated_at` timestamp NULL DEFAULT NULL,
  `deleted_at` timestamp NULL DEFAULT NULL,
  PRIMARY KEY (`id`)
) ENGINE=InnoDB AUTO_INCREMENT=4 DEFAULT CHARSET=utf8mb4 COLLATE=utf8mb4_unicode_ci;
/*!40101 SET character_set_client = @saved_cs_client */;

--
-- Dumping data for table `tax_setting`
--

LOCK TABLES `tax_setting` WRITE;
/*!40000 ALTER TABLE `tax_setting` DISABLE KEYS */;
INSERT INTO `tax_setting` VALUES (1,1,1,1,1,NULL,NULL,NULL,NULL),(2,2,1,1,1,NULL,NULL,NULL,NULL),(3,3,1,1,1,NULL,NULL,NULL,NULL);
/*!40000 ALTER TABLE `tax_setting` ENABLE KEYS */;
UNLOCK TABLES;

--
-- Table structure for table `tax_setting_type`
--

DROP TABLE IF EXISTS `tax_setting_type`;
/*!40101 SET @saved_cs_client     = @@character_set_client */;
/*!40101 SET character_set_client = utf8 */;
CREATE TABLE `tax_setting_type` (
  `id` bigint(20) unsigned NOT NULL AUTO_INCREMENT,
  `tax_setting_type` varchar(255) COLLATE utf8mb4_unicode_ci NOT NULL,
  `created_by` int(11) DEFAULT NULL,
  `timestamp` timestamp NULL DEFAULT NULL,
  `created_at` timestamp NULL DEFAULT NULL,
  `updated_at` timestamp NULL DEFAULT NULL,
  `deleted_at` timestamp NULL DEFAULT NULL,
  PRIMARY KEY (`id`)
) ENGINE=InnoDB AUTO_INCREMENT=2 DEFAULT CHARSET=utf8mb4 COLLATE=utf8mb4_unicode_ci;
/*!40101 SET character_set_client = @saved_cs_client */;

--
-- Dumping data for table `tax_setting_type`
--

LOCK TABLES `tax_setting_type` WRITE;
/*!40000 ALTER TABLE `tax_setting_type` DISABLE KEYS */;
INSERT INTO `tax_setting_type` VALUES (1,'Mandatory',1,NULL,NULL,NULL,NULL);
/*!40000 ALTER TABLE `tax_setting_type` ENABLE KEYS */;
UNLOCK TABLES;

--
-- Table structure for table `tax_type`
--

DROP TABLE IF EXISTS `tax_type`;
/*!40101 SET @saved_cs_client     = @@character_set_client */;
/*!40101 SET character_set_client = utf8 */;
CREATE TABLE `tax_type` (
  `id` bigint(20) unsigned NOT NULL AUTO_INCREMENT,
  `tax_type` varchar(255) COLLATE utf8mb4_unicode_ci NOT NULL,
  `created_by` int(11) DEFAULT NULL,
  `timestamp` timestamp NULL DEFAULT NULL,
  `created_at` timestamp NULL DEFAULT NULL,
  `updated_at` timestamp NULL DEFAULT NULL,
  `deleted_at` timestamp NULL DEFAULT NULL,
  PRIMARY KEY (`id`)
) ENGINE=InnoDB AUTO_INCREMENT=4 DEFAULT CHARSET=utf8mb4 COLLATE=utf8mb4_unicode_ci;
/*!40101 SET character_set_client = @saved_cs_client */;

--
-- Dumping data for table `tax_type`
--

LOCK TABLES `tax_type` WRITE;
/*!40000 ALTER TABLE `tax_type` DISABLE KEYS */;
INSERT INTO `tax_type` VALUES (1,'Sales Tax',1,NULL,NULL,NULL,NULL),(2,'City Tax',1,NULL,NULL,'2019-12-03 03:19:31','2019-12-03 03:19:31'),(3,'Service Charge',1,NULL,NULL,'2019-12-03 03:19:33','2019-12-03 03:19:33');
/*!40000 ALTER TABLE `tax_type` ENABLE KEYS */;
UNLOCK TABLES;

--
-- Table structure for table `tbl_amenities`
--

DROP TABLE IF EXISTS `tbl_amenities`;
/*!40101 SET @saved_cs_client     = @@character_set_client */;
/*!40101 SET character_set_client = utf8 */;
CREATE TABLE `tbl_amenities` (
  `id` bigint(20) unsigned NOT NULL AUTO_INCREMENT,
  `amenities` varchar(255) COLLATE utf8mb4_unicode_ci DEFAULT NULL,
  `icon_file` varchar(255) COLLATE utf8mb4_unicode_ci DEFAULT NULL,
  `created_by` int(11) DEFAULT NULL,
  `timestamp` timestamp NULL DEFAULT NULL,
  `created_at` timestamp NULL DEFAULT NULL,
  `updated_at` timestamp NULL DEFAULT NULL,
  `deleted_at` timestamp NULL DEFAULT NULL,
  PRIMARY KEY (`id`)
) ENGINE=InnoDB AUTO_INCREMENT=2 DEFAULT CHARSET=utf8mb4 COLLATE=utf8mb4_unicode_ci;
/*!40101 SET character_set_client = @saved_cs_client */;

--
-- Dumping data for table `tbl_amenities`
--

LOCK TABLES `tbl_amenities` WRITE;
/*!40000 ALTER TABLE `tbl_amenities` DISABLE KEYS */;
INSERT INTO `tbl_amenities` VALUES (1,'24 Hours','/kcfinder/vc/uploads/images/Amenities/46016.png',1,NULL,NULL,'2019-12-04 02:36:33',NULL);
/*!40000 ALTER TABLE `tbl_amenities` ENABLE KEYS */;
UNLOCK TABLES;

--
-- Table structure for table `tbl_amenities_setup`
--

DROP TABLE IF EXISTS `tbl_amenities_setup`;
/*!40101 SET @saved_cs_client     = @@character_set_client */;
/*!40101 SET character_set_client = utf8 */;
CREATE TABLE `tbl_amenities_setup` (
  `id` bigint(20) unsigned NOT NULL AUTO_INCREMENT,
  `user_id` int(11) NOT NULL,
  `amenities_default` text COLLATE utf8mb4_unicode_ci,
  `timestamp` timestamp NULL DEFAULT NULL,
  `created_at` timestamp NULL DEFAULT NULL,
  `updated_at` timestamp NULL DEFAULT NULL,
  `deleted_at` timestamp NULL DEFAULT NULL,
  PRIMARY KEY (`id`)
) ENGINE=InnoDB AUTO_INCREMENT=7 DEFAULT CHARSET=utf8mb4 COLLATE=utf8mb4_unicode_ci;
/*!40101 SET character_set_client = @saved_cs_client */;

--
-- Dumping data for table `tbl_amenities_setup`
--

LOCK TABLES `tbl_amenities_setup` WRITE;
/*!40000 ALTER TABLE `tbl_amenities_setup` DISABLE KEYS */;
INSERT INTO `tbl_amenities_setup` VALUES (1,1,'a:2:{s:7:\"default\";a:3:{i:0;a:3:{s:4:\"name\";s:8:\"Location\";s:5:\"is_on\";i:1;s:6:\"option\";a:2:{i:0;s:7:\"Nearest\";i:1;s:8:\"Farthest\";}}i:1;a:3:{s:4:\"name\";s:5:\"Price\";s:5:\"is_on\";i:0;s:6:\"option\";a:2:{i:0;s:6:\"Lowest\";i:1;s:7:\"Highest\";}}i:2;a:3:{s:4:\"name\";s:6:\"Rating\";s:5:\"is_on\";i:1;s:6:\"option\";a:2:{i:0;s:7:\"Highest\";i:1;s:6:\"Lowest\";}}}s:9:\"amenities\";a:1:{i:0;a:4:{s:9:\"icon_file\";s:84:\"http://buytheminute.biz/uploads/icon//kcfinder/vc/uploads/images/Amenities/46016.png\";s:2:\"id\";i:1;s:9:\"amenities\";s:8:\"24 Hours\";s:5:\"is_on\";s:1:\"0\";}}}',NULL,NULL,NULL,NULL),(2,2,'a:2:{s:7:\"default\";a:3:{i:0;a:3:{s:4:\"name\";s:8:\"Location\";s:5:\"is_on\";i:1;s:6:\"option\";a:2:{i:0;s:7:\"Nearest\";i:1;s:8:\"Farthest\";}}i:1;a:3:{s:4:\"name\";s:5:\"Price\";s:5:\"is_on\";i:1;s:6:\"option\";a:2:{i:0;s:6:\"Lowest\";i:1;s:7:\"Highest\";}}i:2;a:3:{s:4:\"name\";s:6:\"Rating\";s:5:\"is_on\";i:1;s:6:\"option\";a:2:{i:0;s:7:\"Highest\";i:1;s:6:\"Lowest\";}}}s:9:\"amenities\";a:1:{i:0;a:4:{s:9:\"icon_file\";s:84:\"http://buytheminute.biz/uploads/icon//kcfinder/vc/uploads/images/Amenities/46016.png\";s:2:\"id\";i:1;s:9:\"amenities\";s:8:\"24 Hours\";s:5:\"is_on\";i:0;}}}',NULL,NULL,NULL,NULL),(3,10,'a:2:{s:7:\"default\";a:3:{i:0;a:3:{s:4:\"name\";s:8:\"Location\";s:6:\"option\";a:2:{i:0;s:7:\"Nearest\";i:1;s:8:\"Farthest\";}s:5:\"is_on\";i:1;}i:1;a:3:{s:4:\"name\";s:5:\"Price\";s:6:\"option\";a:2:{i:0;s:6:\"Lowest\";i:1;s:7:\"Highest\";}s:5:\"is_on\";i:1;}i:2;a:3:{s:4:\"name\";s:6:\"Rating\";s:6:\"option\";a:2:{i:0;s:7:\"Highest\";i:1;s:6:\"Lowest\";}s:5:\"is_on\";i:1;}}s:9:\"amenities\";a:1:{i:0;a:4:{s:2:\"id\";i:1;s:9:\"amenities\";s:8:\"24 Hours\";s:5:\"is_on\";i:0;s:9:\"icon_file\";s:84:\"http://buytheminute.biz/uploads/icon//kcfinder/vc/uploads/images/Amenities/46016.png\";}}}',NULL,NULL,NULL,NULL),(4,11,'a:2:{s:7:\"default\";a:3:{i:0;a:3:{s:4:\"name\";s:8:\"Location\";s:5:\"is_on\";i:1;s:6:\"option\";a:2:{i:0;s:7:\"Nearest\";i:1;s:8:\"Farthest\";}}i:1;a:3:{s:4:\"name\";s:5:\"Price\";s:5:\"is_on\";i:1;s:6:\"option\";a:2:{i:0;s:6:\"Lowest\";i:1;s:7:\"Highest\";}}i:2;a:3:{s:4:\"name\";s:6:\"Rating\";s:5:\"is_on\";i:1;s:6:\"option\";a:2:{i:0;s:7:\"Highest\";i:1;s:6:\"Lowest\";}}}s:9:\"amenities\";a:1:{i:0;a:4:{s:9:\"icon_file\";s:84:\"http://buytheminute.biz/uploads/icon//kcfinder/vc/uploads/images/Amenities/46016.png\";s:2:\"id\";i:1;s:9:\"amenities\";s:8:\"24 Hours\";s:5:\"is_on\";s:1:\"0\";}}}',NULL,NULL,NULL,NULL),(5,12,'a:2:{s:7:\"default\";a:3:{i:0;a:3:{s:4:\"name\";s:8:\"Location\";s:5:\"is_on\";i:1;s:6:\"option\";a:2:{i:0;s:7:\"Nearest\";i:1;s:8:\"Farthest\";}}i:1;a:3:{s:4:\"name\";s:5:\"Price\";s:5:\"is_on\";i:0;s:6:\"option\";a:2:{i:0;s:6:\"Lowest\";i:1;s:7:\"Highest\";}}i:2;a:3:{s:4:\"name\";s:6:\"Rating\";s:5:\"is_on\";i:0;s:6:\"option\";a:2:{i:0;s:7:\"Highest\";i:1;s:6:\"Lowest\";}}}s:9:\"amenities\";a:1:{i:0;a:4:{s:9:\"icon_file\";s:84:\"http://buytheminute.biz/uploads/icon//kcfinder/vc/uploads/images/Amenities/46016.png\";s:2:\"id\";i:1;s:9:\"amenities\";s:8:\"24 Hours\";s:5:\"is_on\";i:0;}}}',NULL,NULL,NULL,NULL),(6,13,'a:2:{s:7:\"default\";a:3:{i:0;a:3:{s:4:\"name\";s:8:\"Location\";s:6:\"option\";a:2:{i:0;s:7:\"Nearest\";i:1;s:8:\"Farthest\";}s:5:\"is_on\";i:1;}i:1;a:3:{s:4:\"name\";s:5:\"Price\";s:6:\"option\";a:2:{i:0;s:6:\"Lowest\";i:1;s:7:\"Highest\";}s:5:\"is_on\";i:1;}i:2;a:3:{s:4:\"name\";s:6:\"Rating\";s:6:\"option\";a:2:{i:0;s:7:\"Highest\";i:1;s:6:\"Lowest\";}s:5:\"is_on\";i:1;}}s:9:\"amenities\";a:1:{i:0;a:4:{s:2:\"id\";i:1;s:9:\"amenities\";s:8:\"24 Hours\";s:5:\"is_on\";i:0;s:9:\"icon_file\";s:84:\"http://buytheminute.biz/uploads/icon//kcfinder/vc/uploads/images/Amenities/46016.png\";}}}',NULL,NULL,NULL,NULL);
/*!40000 ALTER TABLE `tbl_amenities_setup` ENABLE KEYS */;
UNLOCK TABLES;

--
-- Table structure for table `tbl_api_access`
--

DROP TABLE IF EXISTS `tbl_api_access`;
/*!40101 SET @saved_cs_client     = @@character_set_client */;
/*!40101 SET character_set_client = utf8 */;
CREATE TABLE `tbl_api_access` (
  `id` bigint(20) unsigned NOT NULL AUTO_INCREMENT,
  `api_key` varchar(255) COLLATE utf8mb4_unicode_ci NOT NULL,
  `api_secret` varchar(255) COLLATE utf8mb4_unicode_ci NOT NULL,
  `created_at` timestamp NULL DEFAULT NULL,
  `updated_at` timestamp NULL DEFAULT NULL,
  `deleted_at` timestamp NULL DEFAULT NULL,
  PRIMARY KEY (`id`)
) ENGINE=InnoDB AUTO_INCREMENT=2 DEFAULT CHARSET=utf8mb4 COLLATE=utf8mb4_unicode_ci;
/*!40101 SET character_set_client = @saved_cs_client */;

--
-- Dumping data for table `tbl_api_access`
--

LOCK TABLES `tbl_api_access` WRITE;
/*!40000 ALTER TABLE `tbl_api_access` DISABLE KEYS */;
INSERT INTO `tbl_api_access` VALUES (1,'1nst4st4y','EJYXjy1zMFC0JMekDQSf',NULL,NULL,NULL);
/*!40000 ALTER TABLE `tbl_api_access` ENABLE KEYS */;
UNLOCK TABLES;

--
-- Table structure for table `tbl_bookings`
--

DROP TABLE IF EXISTS `tbl_bookings`;
/*!40101 SET @saved_cs_client     = @@character_set_client */;
/*!40101 SET character_set_client = utf8 */;
CREATE TABLE `tbl_bookings` (
  `id` bigint(20) unsigned NOT NULL AUTO_INCREMENT,
  `user_id` int(11) NOT NULL,
  `hotel_id` int(11) NOT NULL,
  `booking_info` text COLLATE utf8mb4_unicode_ci NOT NULL,
  `is_paid` int(11) NOT NULL DEFAULT '0',
  `type` int(11) NOT NULL,
  `status` varchar(255) COLLATE utf8mb4_unicode_ci DEFAULT NULL,
  `timestamp` timestamp NULL DEFAULT NULL,
  `created_at` timestamp NULL DEFAULT NULL,
  `updated_at` timestamp NULL DEFAULT NULL,
  `deleted_at` timestamp NULL DEFAULT NULL,
  PRIMARY KEY (`id`)
) ENGINE=InnoDB AUTO_INCREMENT=30 DEFAULT CHARSET=utf8mb4 COLLATE=utf8mb4_unicode_ci;
/*!40101 SET character_set_client = @saved_cs_client */;

--
-- Dumping data for table `tbl_bookings`
--

LOCK TABLES `tbl_bookings` WRITE;
/*!40000 ALTER TABLE `tbl_bookings` DISABLE KEYS */;
INSERT INTO `tbl_bookings` VALUES (1,1,1,'a:16:{s:7:\"infants\";s:1:\"0\";s:9:\"device_os\";s:3:\"ios\";s:9:\"room_name\";s:8:\"Standard\";s:8:\"children\";s:1:\"0\";s:7:\"payment\";s:1:\"0\";s:8:\"time_out\";s:8:\" 01:00AM\";s:4:\"type\";s:3:\"add\";s:7:\"date_in\";s:13:\"Nov 10, 2019 \";s:8:\"hotel_id\";s:1:\"1\";s:6:\"action\";s:11:\"transaction\";s:7:\"time_in\";s:8:\" 12:00AM\";s:7:\"pricing\";a:3:{i:0;a:3:{s:5:\"price\";i:300;s:11:\"description\";s:15:\"ADDITIONAL HOUR\";s:8:\"sequence\";i:1;}i:1;a:3:{s:5:\"price\";i:300;s:11:\"description\";s:11:\"SERVICE FEE\";s:8:\"sequence\";i:2;}i:2;a:3:{s:5:\"price\";s:3:\"150\";s:8:\"sequence\";i:0;s:11:\"description\";s:6:\"1 Hour\";}}s:7:\"room_id\";s:1:\"1\";s:8:\"date_out\";s:13:\"Nov 10, 2019 \";s:6:\"adults\";s:1:\"1\";s:7:\"user_id\";s:1:\"1\";}',0,0,NULL,NULL,NULL,NULL,NULL),(2,1,1,'a:16:{s:7:\"room_id\";s:1:\"1\";s:8:\"time_out\";s:8:\" 11:21PM\";s:7:\"infants\";s:1:\"0\";s:7:\"date_in\";s:13:\"Nov 10, 2019 \";s:7:\"time_in\";s:8:\" 10:21PM\";s:6:\"adults\";s:1:\"1\";s:7:\"payment\";s:1:\"0\";s:8:\"date_out\";s:13:\"Nov 10, 2019 \";s:6:\"action\";s:11:\"transaction\";s:7:\"user_id\";s:1:\"1\";s:8:\"hotel_id\";s:1:\"1\";s:8:\"children\";s:1:\"0\";s:9:\"room_name\";s:8:\"Standard\";s:4:\"type\";s:3:\"add\";s:9:\"device_os\";s:3:\"ios\";s:7:\"pricing\";a:3:{i:0;a:3:{s:5:\"price\";i:300;s:11:\"description\";s:15:\"ADDITIONAL HOUR\";s:8:\"sequence\";i:1;}i:1;a:3:{s:5:\"price\";i:300;s:11:\"description\";s:11:\"SERVICE FEE\";s:8:\"sequence\";i:2;}i:2;a:3:{s:5:\"price\";s:3:\"150\";s:8:\"sequence\";i:0;s:11:\"description\";s:6:\"1 Hour\";}}}',0,0,'successful',NULL,NULL,NULL,NULL),(3,1,1,'a:16:{s:7:\"date_in\";s:13:\"Nov 10, 2019 \";s:8:\"date_out\";s:13:\"Nov 10, 2019 \";s:7:\"room_id\";s:1:\"1\";s:6:\"action\";s:11:\"transaction\";s:7:\"payment\";s:1:\"0\";s:8:\"children\";s:1:\"0\";s:8:\"hotel_id\";s:1:\"1\";s:9:\"device_os\";s:3:\"ios\";s:7:\"time_in\";s:8:\" 12:00AM\";s:8:\"time_out\";s:8:\" 01:00AM\";s:6:\"adults\";s:1:\"1\";s:4:\"type\";s:3:\"add\";s:7:\"user_id\";s:1:\"1\";s:7:\"infants\";s:1:\"0\";s:7:\"pricing\";a:3:{i:0;a:3:{s:8:\"sequence\";i:1;s:5:\"price\";i:300;s:11:\"description\";s:15:\"ADDITIONAL HOUR\";}i:1;a:3:{s:8:\"sequence\";i:2;s:5:\"price\";i:300;s:11:\"description\";s:11:\"SERVICE FEE\";}i:2;a:3:{s:5:\"price\";s:3:\"200\";s:11:\"description\";s:6:\"1 Hour\";s:8:\"sequence\";i:0;}}s:9:\"room_name\";s:8:\"Standard\";}',0,0,'successful',NULL,NULL,NULL,NULL),(4,1,1,'a:16:{s:7:\"infants\";s:1:\"0\";s:9:\"device_os\";s:3:\"ios\";s:8:\"time_out\";s:8:\" 01:00AM\";s:8:\"children\";s:1:\"0\";s:6:\"action\";s:11:\"transaction\";s:7:\"user_id\";s:1:\"1\";s:7:\"date_in\";s:13:\"Nov 10, 2019 \";s:7:\"time_in\";s:8:\" 12:00AM\";s:4:\"type\";s:3:\"add\";s:8:\"hotel_id\";s:1:\"1\";s:6:\"adults\";s:1:\"1\";s:7:\"payment\";s:1:\"0\";s:7:\"room_id\";s:1:\"1\";s:8:\"date_out\";s:13:\"Nov 10, 2019 \";s:7:\"pricing\";a:3:{i:0;a:3:{s:8:\"sequence\";i:1;s:5:\"price\";i:300;s:11:\"description\";s:15:\"ADDITIONAL HOUR\";}i:1;a:3:{s:8:\"sequence\";i:2;s:5:\"price\";i:300;s:11:\"description\";s:11:\"SERVICE FEE\";}i:2;a:3:{s:5:\"price\";s:3:\"200\";s:11:\"description\";s:6:\"1 Hour\";s:8:\"sequence\";i:0;}}s:9:\"room_name\";s:8:\"Standard\";}',0,0,'successful',NULL,NULL,NULL,NULL),(5,1,1,'a:16:{s:9:\"room_name\";s:6:\"Deluxe\";s:7:\"time_in\";s:8:\" 05:03PM\";s:8:\"children\";s:1:\"0\";s:9:\"device_os\";s:3:\"ios\";s:8:\"time_out\";s:8:\" 08:03PM\";s:7:\"payment\";s:1:\"0\";s:6:\"action\";s:11:\"transaction\";s:7:\"infants\";s:1:\"0\";s:4:\"type\";s:3:\"add\";s:6:\"adults\";s:1:\"1\";s:7:\"date_in\";s:13:\"Dec 05, 2019 \";s:7:\"pricing\";a:3:{i:0;a:3:{s:8:\"sequence\";i:1;s:5:\"price\";i:300;s:11:\"description\";s:15:\"ADDITIONAL HOUR\";}i:1;a:3:{s:8:\"sequence\";i:2;s:5:\"price\";i:300;s:11:\"description\";s:11:\"SERVICE FEE\";}i:2;a:3:{s:5:\"price\";s:3:\"350\";s:11:\"description\";s:7:\"3 Hours\";s:8:\"sequence\";i:0;}}s:8:\"hotel_id\";s:1:\"1\";s:8:\"date_out\";s:13:\"Dec 05, 2019 \";s:7:\"room_id\";s:1:\"2\";s:7:\"user_id\";s:1:\"1\";}',0,0,'successful',NULL,NULL,NULL,NULL),(6,1,1,'a:16:{s:7:\"infants\";s:1:\"0\";s:8:\"time_out\";s:8:\" 12:11PM\";s:7:\"payment\";s:1:\"0\";s:7:\"date_in\";s:13:\"Dec 06, 2019 \";s:9:\"room_name\";s:5:\"Suite\";s:8:\"hotel_id\";s:1:\"1\";s:4:\"type\";s:3:\"add\";s:7:\"time_in\";s:8:\" 11:11AM\";s:7:\"room_id\";s:1:\"3\";s:8:\"date_out\";s:13:\"Dec 06, 2019 \";s:6:\"adults\";s:1:\"1\";s:6:\"action\";s:11:\"transaction\";s:8:\"children\";s:1:\"0\";s:7:\"user_id\";s:1:\"1\";s:9:\"device_os\";s:3:\"ios\";s:7:\"pricing\";a:3:{i:0;a:3:{s:8:\"sequence\";i:1;s:5:\"price\";i:300;s:11:\"description\";s:15:\"ADDITIONAL HOUR\";}i:1;a:3:{s:8:\"sequence\";i:2;s:5:\"price\";i:300;s:11:\"description\";s:11:\"SERVICE FEE\";}i:2;a:3:{s:5:\"price\";s:3:\"150\";s:11:\"description\";s:6:\"1 Hour\";s:8:\"sequence\";i:0;}}}',0,0,'successful',NULL,NULL,NULL,NULL),(7,3,1,'a:16:{s:9:\"device_os\";s:3:\"ios\";s:7:\"room_id\";s:1:\"1\";s:6:\"action\";s:11:\"transaction\";s:8:\"date_out\";s:13:\"Dec 05, 2019 \";s:8:\"children\";s:1:\"0\";s:7:\"date_in\";s:13:\"Dec 05, 2019 \";s:7:\"user_id\";s:1:\"3\";s:9:\"room_name\";s:8:\"Standard\";s:8:\"time_out\";s:8:\" 06:00PM\";s:7:\"pricing\";a:3:{i:0;a:3:{s:8:\"sequence\";i:1;s:5:\"price\";i:300;s:11:\"description\";s:15:\"ADDITIONAL HOUR\";}i:1;a:3:{s:8:\"sequence\";i:2;s:5:\"price\";i:300;s:11:\"description\";s:11:\"SERVICE FEE\";}i:2;a:3:{s:5:\"price\";s:3:\"350\";s:11:\"description\";s:7:\"3 Hours\";s:8:\"sequence\";i:0;}}s:7:\"infants\";s:1:\"0\";s:7:\"payment\";s:1:\"0\";s:6:\"adults\";s:1:\"1\";s:8:\"hotel_id\";s:1:\"1\";s:7:\"time_in\";s:8:\" 03:00PM\";s:4:\"type\";s:3:\"add\";}',0,0,'successful',NULL,NULL,NULL,NULL),(8,3,3,'a:16:{s:9:\"room_name\";s:8:\"Standard\";s:8:\"date_out\";s:13:\"Dec 09, 2019 \";s:7:\"date_in\";s:13:\"Dec 08, 2019 \";s:7:\"pricing\";a:3:{i:0;a:3:{s:8:\"sequence\";i:1;s:5:\"price\";i:300;s:11:\"description\";s:15:\"ADDITIONAL HOUR\";}i:1;a:3:{s:8:\"sequence\";i:2;s:5:\"price\";i:300;s:11:\"description\";s:11:\"SERVICE FEE\";}i:2;a:3:{s:5:\"price\";s:5:\"23500\";s:11:\"description\";s:8:\"24 Hours\";s:8:\"sequence\";i:0;}}s:7:\"user_id\";s:1:\"3\";s:7:\"infants\";s:1:\"0\";s:8:\"children\";s:1:\"0\";s:9:\"device_os\";s:3:\"ios\";s:6:\"adults\";s:1:\"1\";s:7:\"payment\";s:1:\"0\";s:7:\"room_id\";s:1:\"5\";s:8:\"time_out\";s:8:\" 03:00PM\";s:4:\"type\";s:3:\"add\";s:8:\"hotel_id\";s:1:\"3\";s:7:\"time_in\";s:8:\" 03:00PM\";s:6:\"action\";s:11:\"transaction\";}',0,0,'successful',NULL,NULL,NULL,NULL),(9,3,3,'a:16:{s:9:\"room_name\";s:8:\"Standard\";s:8:\"date_out\";s:13:\"Dec 09, 2019 \";s:7:\"date_in\";s:13:\"Dec 08, 2019 \";s:7:\"pricing\";a:3:{i:0;a:3:{s:8:\"sequence\";i:1;s:5:\"price\";i:300;s:11:\"description\";s:15:\"ADDITIONAL HOUR\";}i:1;a:3:{s:8:\"sequence\";i:2;s:5:\"price\";i:300;s:11:\"description\";s:11:\"SERVICE FEE\";}i:2;a:3:{s:5:\"price\";s:5:\"23500\";s:11:\"description\";s:8:\"24 Hours\";s:8:\"sequence\";i:0;}}s:7:\"user_id\";s:1:\"3\";s:7:\"infants\";s:1:\"0\";s:8:\"children\";s:1:\"0\";s:9:\"device_os\";s:3:\"ios\";s:6:\"adults\";s:1:\"1\";s:7:\"payment\";s:1:\"0\";s:7:\"room_id\";s:1:\"5\";s:8:\"time_out\";s:8:\" 03:00PM\";s:4:\"type\";s:3:\"add\";s:8:\"hotel_id\";s:1:\"3\";s:7:\"time_in\";s:8:\" 03:00PM\";s:6:\"action\";s:11:\"transaction\";}',0,0,'successful',NULL,NULL,NULL,NULL),(10,3,3,'a:16:{s:8:\"children\";s:1:\"0\";s:4:\"type\";s:3:\"add\";s:7:\"pricing\";a:3:{i:0;a:3:{s:8:\"sequence\";i:1;s:5:\"price\";i:300;s:11:\"description\";s:15:\"ADDITIONAL HOUR\";}i:1;a:3:{s:8:\"sequence\";i:2;s:5:\"price\";i:300;s:11:\"description\";s:11:\"SERVICE FEE\";}i:2;a:3:{s:5:\"price\";s:5:\"23500\";s:11:\"description\";s:8:\"24 Hours\";s:8:\"sequence\";i:0;}}s:8:\"hotel_id\";s:1:\"3\";s:8:\"date_out\";s:13:\"Dec 09, 2019 \";s:7:\"date_in\";s:13:\"Dec 08, 2019 \";s:7:\"user_id\";s:1:\"3\";s:7:\"room_id\";s:1:\"5\";s:6:\"adults\";s:1:\"1\";s:8:\"time_out\";s:8:\" 03:00PM\";s:7:\"time_in\";s:8:\" 03:00PM\";s:9:\"device_os\";s:3:\"ios\";s:6:\"action\";s:11:\"transaction\";s:7:\"payment\";s:1:\"0\";s:9:\"room_name\";s:8:\"Standard\";s:7:\"infants\";s:1:\"0\";}',0,0,'successful',NULL,NULL,NULL,NULL),(11,3,3,'a:16:{s:9:\"room_name\";s:8:\"Standard\";s:8:\"date_out\";s:13:\"Dec 09, 2019 \";s:7:\"date_in\";s:13:\"Dec 08, 2019 \";s:7:\"pricing\";a:3:{i:0;a:3:{s:8:\"sequence\";i:1;s:5:\"price\";i:300;s:11:\"description\";s:15:\"ADDITIONAL HOUR\";}i:1;a:3:{s:8:\"sequence\";i:2;s:5:\"price\";i:300;s:11:\"description\";s:11:\"SERVICE FEE\";}i:2;a:3:{s:5:\"price\";s:5:\"23500\";s:11:\"description\";s:8:\"24 Hours\";s:8:\"sequence\";i:0;}}s:7:\"user_id\";s:1:\"3\";s:7:\"infants\";s:1:\"0\";s:8:\"children\";s:1:\"0\";s:9:\"device_os\";s:3:\"ios\";s:7:\"room_id\";s:1:\"5\";s:6:\"adults\";s:1:\"1\";s:7:\"payment\";s:1:\"0\";s:8:\"time_out\";s:8:\" 03:00PM\";s:4:\"type\";s:3:\"add\";s:8:\"hotel_id\";s:1:\"3\";s:7:\"time_in\";s:8:\" 03:00PM\";s:6:\"action\";s:11:\"transaction\";}',0,0,'successful',NULL,NULL,NULL,NULL),(12,3,3,'a:16:{s:9:\"room_name\";s:8:\"Standard\";s:8:\"date_out\";s:13:\"Dec 09, 2019 \";s:7:\"date_in\";s:13:\"Dec 08, 2019 \";s:7:\"pricing\";a:3:{i:0;a:3:{s:8:\"sequence\";i:1;s:5:\"price\";i:300;s:11:\"description\";s:15:\"ADDITIONAL HOUR\";}i:1;a:3:{s:8:\"sequence\";i:2;s:5:\"price\";i:300;s:11:\"description\";s:11:\"SERVICE FEE\";}i:2;a:3:{s:5:\"price\";s:5:\"23500\";s:11:\"description\";s:8:\"24 Hours\";s:8:\"sequence\";i:0;}}s:7:\"user_id\";s:1:\"3\";s:7:\"infants\";s:1:\"0\";s:8:\"children\";s:1:\"0\";s:9:\"device_os\";s:3:\"ios\";s:7:\"room_id\";s:1:\"5\";s:6:\"adults\";s:1:\"1\";s:7:\"payment\";s:1:\"0\";s:8:\"time_out\";s:8:\" 03:00PM\";s:4:\"type\";s:3:\"add\";s:8:\"hotel_id\";s:1:\"3\";s:7:\"time_in\";s:8:\" 03:00PM\";s:6:\"action\";s:11:\"transaction\";}',0,0,'successful',NULL,NULL,NULL,NULL),(13,3,3,'a:16:{s:9:\"room_name\";s:8:\"Standard\";s:8:\"date_out\";s:13:\"Dec 09, 2019 \";s:7:\"date_in\";s:13:\"Dec 08, 2019 \";s:7:\"pricing\";a:3:{i:0;a:3:{s:8:\"sequence\";i:1;s:5:\"price\";i:300;s:11:\"description\";s:15:\"ADDITIONAL HOUR\";}i:1;a:3:{s:8:\"sequence\";i:2;s:5:\"price\";i:300;s:11:\"description\";s:11:\"SERVICE FEE\";}i:2;a:3:{s:5:\"price\";s:5:\"23500\";s:11:\"description\";s:8:\"24 Hours\";s:8:\"sequence\";i:0;}}s:7:\"user_id\";s:1:\"3\";s:7:\"infants\";s:1:\"0\";s:8:\"children\";s:1:\"0\";s:9:\"device_os\";s:3:\"ios\";s:7:\"room_id\";s:1:\"5\";s:6:\"adults\";s:1:\"1\";s:7:\"payment\";s:1:\"0\";s:8:\"time_out\";s:8:\" 03:00PM\";s:4:\"type\";s:3:\"add\";s:8:\"hotel_id\";s:1:\"3\";s:7:\"time_in\";s:8:\" 03:00PM\";s:6:\"action\";s:11:\"transaction\";}',0,0,'successful',NULL,NULL,NULL,NULL),(14,3,3,'a:16:{s:9:\"device_os\";s:3:\"ios\";s:8:\"time_out\";s:8:\" 03:00PM\";s:7:\"room_id\";s:1:\"5\";s:6:\"action\";s:11:\"transaction\";s:8:\"hotel_id\";s:1:\"3\";s:7:\"pricing\";a:3:{i:0;a:3:{s:8:\"sequence\";i:1;s:5:\"price\";i:300;s:11:\"description\";s:15:\"ADDITIONAL HOUR\";}i:1;a:3:{s:8:\"sequence\";i:2;s:5:\"price\";i:300;s:11:\"description\";s:11:\"SERVICE FEE\";}i:2;a:3:{s:5:\"price\";s:5:\"23500\";s:11:\"description\";s:8:\"24 Hours\";s:8:\"sequence\";i:0;}}s:8:\"date_out\";s:13:\"Dec 09, 2019 \";s:7:\"date_in\";s:13:\"Dec 08, 2019 \";s:6:\"adults\";s:1:\"1\";s:7:\"user_id\";s:1:\"3\";s:8:\"children\";s:1:\"0\";s:7:\"payment\";s:1:\"0\";s:7:\"time_in\";s:8:\" 03:00PM\";s:9:\"room_name\";s:8:\"Standard\";s:7:\"infants\";s:1:\"0\";s:4:\"type\";s:3:\"add\";}',0,0,'successful',NULL,NULL,NULL,NULL),(15,3,3,'a:16:{s:8:\"children\";s:1:\"0\";s:4:\"type\";s:3:\"add\";s:7:\"pricing\";a:3:{i:0;a:3:{s:8:\"sequence\";i:1;s:5:\"price\";i:300;s:11:\"description\";s:15:\"ADDITIONAL HOUR\";}i:1;a:3:{s:8:\"sequence\";i:2;s:5:\"price\";i:300;s:11:\"description\";s:11:\"SERVICE FEE\";}i:2;a:3:{s:5:\"price\";s:5:\"23500\";s:11:\"description\";s:8:\"24 Hours\";s:8:\"sequence\";i:0;}}s:8:\"hotel_id\";s:1:\"3\";s:8:\"date_out\";s:13:\"Dec 09, 2019 \";s:7:\"date_in\";s:13:\"Dec 08, 2019 \";s:7:\"user_id\";s:1:\"3\";s:7:\"room_id\";s:1:\"5\";s:8:\"time_out\";s:8:\" 03:00PM\";s:6:\"adults\";s:1:\"1\";s:7:\"time_in\";s:8:\" 03:00PM\";s:9:\"device_os\";s:3:\"ios\";s:6:\"action\";s:11:\"transaction\";s:9:\"room_name\";s:8:\"Standard\";s:7:\"payment\";s:1:\"0\";s:7:\"infants\";s:1:\"0\";}',0,0,'successful',NULL,NULL,NULL,NULL),(16,3,3,'a:16:{s:9:\"device_os\";s:3:\"ios\";s:8:\"time_out\";s:8:\" 03:00PM\";s:7:\"room_id\";s:1:\"5\";s:6:\"action\";s:11:\"transaction\";s:8:\"date_out\";s:13:\"Dec 09, 2019 \";s:7:\"pricing\";a:3:{i:0;a:3:{s:8:\"sequence\";i:1;s:5:\"price\";i:300;s:11:\"description\";s:15:\"ADDITIONAL HOUR\";}i:1;a:3:{s:8:\"sequence\";i:2;s:5:\"price\";i:300;s:11:\"description\";s:11:\"SERVICE FEE\";}i:2;a:3:{s:5:\"price\";s:5:\"23500\";s:11:\"description\";s:8:\"24 Hours\";s:8:\"sequence\";i:0;}}s:8:\"hotel_id\";s:1:\"3\";s:7:\"date_in\";s:13:\"Dec 08, 2019 \";s:6:\"adults\";s:1:\"1\";s:7:\"user_id\";s:1:\"3\";s:8:\"children\";s:1:\"0\";s:7:\"payment\";s:1:\"0\";s:7:\"time_in\";s:8:\" 03:00PM\";s:9:\"room_name\";s:8:\"Standard\";s:7:\"infants\";s:1:\"0\";s:4:\"type\";s:3:\"add\";}',0,0,'successful',NULL,NULL,NULL,NULL),(17,3,3,'a:16:{s:8:\"children\";s:1:\"0\";s:4:\"type\";s:3:\"add\";s:7:\"pricing\";a:3:{i:0;a:3:{s:8:\"sequence\";i:1;s:5:\"price\";i:300;s:11:\"description\";s:15:\"ADDITIONAL HOUR\";}i:1;a:3:{s:8:\"sequence\";i:2;s:5:\"price\";i:300;s:11:\"description\";s:11:\"SERVICE FEE\";}i:2;a:3:{s:5:\"price\";s:5:\"23500\";s:11:\"description\";s:8:\"24 Hours\";s:8:\"sequence\";i:0;}}s:8:\"hotel_id\";s:1:\"3\";s:8:\"date_out\";s:13:\"Dec 09, 2019 \";s:7:\"date_in\";s:13:\"Dec 08, 2019 \";s:7:\"user_id\";s:1:\"3\";s:7:\"room_id\";s:1:\"5\";s:6:\"adults\";s:1:\"1\";s:8:\"time_out\";s:8:\" 03:00PM\";s:7:\"time_in\";s:8:\" 03:00PM\";s:9:\"device_os\";s:3:\"ios\";s:6:\"action\";s:11:\"transaction\";s:7:\"payment\";s:1:\"0\";s:9:\"room_name\";s:8:\"Standard\";s:7:\"infants\";s:1:\"0\";}',0,0,'successful',NULL,NULL,NULL,NULL),(18,3,3,'a:16:{s:6:\"action\";s:11:\"transaction\";s:7:\"user_id\";s:1:\"3\";s:8:\"time_out\";s:8:\" 03:00PM\";s:7:\"room_id\";s:1:\"5\";s:7:\"payment\";s:1:\"0\";s:7:\"time_in\";s:8:\" 03:00PM\";s:7:\"pricing\";a:3:{i:0;a:3:{s:8:\"sequence\";i:1;s:5:\"price\";i:300;s:11:\"description\";s:15:\"ADDITIONAL HOUR\";}i:1;a:3:{s:8:\"sequence\";i:2;s:5:\"price\";i:300;s:11:\"description\";s:11:\"SERVICE FEE\";}i:2;a:3:{s:5:\"price\";s:5:\"23500\";s:11:\"description\";s:8:\"24 Hours\";s:8:\"sequence\";i:0;}}s:9:\"room_name\";s:8:\"Standard\";s:8:\"date_out\";s:13:\"Dec 09, 2019 \";s:9:\"device_os\";s:3:\"ios\";s:4:\"type\";s:3:\"add\";s:8:\"children\";s:1:\"0\";s:6:\"adults\";s:1:\"1\";s:7:\"infants\";s:1:\"0\";s:8:\"hotel_id\";s:1:\"3\";s:7:\"date_in\";s:13:\"Dec 08, 2019 \";}',0,0,'successful',NULL,NULL,NULL,NULL),(19,3,3,'a:16:{s:8:\"children\";s:1:\"0\";s:9:\"room_name\";s:8:\"Standard\";s:8:\"hotel_id\";s:1:\"3\";s:9:\"device_os\";s:3:\"ios\";s:7:\"infants\";s:1:\"0\";s:7:\"time_in\";s:8:\" 03:00PM\";s:7:\"payment\";s:1:\"0\";s:8:\"time_out\";s:8:\" 03:00PM\";s:7:\"date_in\";s:13:\"Dec 08, 2019 \";s:8:\"date_out\";s:13:\"Dec 09, 2019 \";s:4:\"type\";s:3:\"add\";s:7:\"room_id\";s:1:\"5\";s:6:\"adults\";s:1:\"1\";s:7:\"pricing\";a:3:{i:0;a:3:{s:8:\"sequence\";i:1;s:5:\"price\";i:300;s:11:\"description\";s:15:\"ADDITIONAL HOUR\";}i:1;a:3:{s:8:\"sequence\";i:2;s:5:\"price\";i:300;s:11:\"description\";s:11:\"SERVICE FEE\";}i:2;a:3:{s:5:\"price\";s:5:\"23500\";s:11:\"description\";s:8:\"24 Hours\";s:8:\"sequence\";i:0;}}s:6:\"action\";s:11:\"transaction\";s:7:\"user_id\";s:1:\"3\";}',0,0,'successful',NULL,NULL,NULL,NULL),(20,3,3,'a:16:{s:9:\"room_name\";s:5:\"Suite\";s:8:\"time_out\";s:8:\" 01:00AM\";s:8:\"date_out\";s:13:\"Dec 12, 2019 \";s:6:\"adults\";s:1:\"1\";s:7:\"pricing\";a:3:{i:0;a:3:{s:8:\"sequence\";i:1;s:5:\"price\";i:300;s:11:\"description\";s:15:\"ADDITIONAL HOUR\";}i:1;a:3:{s:8:\"sequence\";i:2;s:5:\"price\";i:300;s:11:\"description\";s:11:\"SERVICE FEE\";}i:2;a:3:{s:5:\"price\";s:3:\"150\";s:11:\"description\";s:6:\"1 Hour\";s:8:\"sequence\";i:0;}}s:4:\"type\";s:3:\"add\";s:7:\"date_in\";s:13:\"Dec 12, 2019 \";s:7:\"time_in\";s:8:\" 12:00AM\";s:8:\"children\";s:1:\"0\";s:7:\"room_id\";s:1:\"6\";s:7:\"payment\";s:1:\"0\";s:7:\"infants\";s:1:\"0\";s:9:\"device_os\";s:3:\"ios\";s:8:\"hotel_id\";s:1:\"3\";s:6:\"action\";s:11:\"transaction\";s:7:\"user_id\";s:1:\"3\";}',0,0,'successful',NULL,NULL,NULL,NULL),(26,12,1,'a:16:{s:7:\"time_in\";s:8:\" 12:00AM\";s:4:\"type\";s:3:\"add\";s:7:\"room_id\";s:1:\"1\";s:8:\"date_out\";s:13:\"Nov 09, 2019 \";s:6:\"adults\";s:1:\"1\";s:7:\"pricing\";a:3:{i:0;a:3:{s:5:\"price\";i:300;s:11:\"description\";s:15:\"ADDITIONAL HOUR\";s:8:\"sequence\";i:1;}i:1;a:3:{s:5:\"price\";i:300;s:11:\"description\";s:11:\"SERVICE FEE\";s:8:\"sequence\";i:2;}i:2;a:3:{s:5:\"price\";s:1:\"0\";s:8:\"sequence\";i:0;s:11:\"description\";s:8:\"12 Hours\";}}s:7:\"date_in\";s:13:\"Nov 09, 2019 \";s:7:\"infants\";s:1:\"0\";s:7:\"user_id\";s:2:\"12\";s:9:\"room_name\";s:8:\"Standard\";s:6:\"action\";s:11:\"transaction\";s:7:\"payment\";s:1:\"0\";s:8:\"children\";s:1:\"0\";s:8:\"time_out\";s:8:\" 12:00PM\";s:8:\"hotel_id\";s:1:\"1\";s:9:\"device_os\";s:3:\"ios\";}',0,0,'successful',NULL,NULL,NULL,NULL),(27,12,1,'a:16:{s:9:\"device_os\";s:3:\"ios\";s:6:\"adults\";s:1:\"1\";s:8:\"children\";s:1:\"0\";s:7:\"user_id\";s:2:\"12\";s:7:\"payment\";s:1:\"0\";s:8:\"hotel_id\";s:1:\"1\";s:7:\"time_in\";s:8:\" 12:00AM\";s:7:\"infants\";s:1:\"0\";s:9:\"room_name\";s:8:\"Standard\";s:8:\"date_out\";s:13:\"Nov 09, 2019 \";s:6:\"action\";s:11:\"transaction\";s:4:\"type\";s:3:\"add\";s:7:\"room_id\";s:1:\"1\";s:7:\"pricing\";a:3:{i:0;a:3:{s:8:\"sequence\";i:1;s:5:\"price\";i:300;s:11:\"description\";s:15:\"ADDITIONAL HOUR\";}i:1;a:3:{s:8:\"sequence\";i:2;s:5:\"price\";i:300;s:11:\"description\";s:11:\"SERVICE FEE\";}i:2;a:3:{s:5:\"price\";s:1:\"0\";s:11:\"description\";s:7:\"6 Hours\";s:8:\"sequence\";i:0;}}s:7:\"date_in\";s:13:\"Nov 09, 2019 \";s:8:\"time_out\";s:8:\" 06:00AM\";}',0,0,'successful',NULL,NULL,NULL,NULL),(28,1,1,'a:16:{s:7:\"room_id\";s:1:\"1\";s:4:\"type\";s:3:\"add\";s:7:\"infants\";s:1:\"0\";s:6:\"action\";s:11:\"transaction\";s:8:\"date_out\";s:13:\"Nov 09, 2019 \";s:8:\"hotel_id\";s:1:\"1\";s:7:\"user_id\";s:1:\"1\";s:8:\"time_out\";s:8:\" 06:00AM\";s:7:\"pricing\";a:3:{i:0;a:3:{s:8:\"sequence\";i:1;s:5:\"price\";i:300;s:11:\"description\";s:15:\"ADDITIONAL HOUR\";}i:1;a:3:{s:8:\"sequence\";i:2;s:5:\"price\";i:300;s:11:\"description\";s:11:\"SERVICE FEE\";}i:2;a:3:{s:5:\"price\";s:1:\"0\";s:11:\"description\";s:7:\"6 Hours\";s:8:\"sequence\";i:0;}}s:7:\"time_in\";s:8:\" 12:00AM\";s:6:\"adults\";s:1:\"1\";s:9:\"device_os\";s:3:\"ios\";s:7:\"payment\";s:1:\"0\";s:7:\"date_in\";s:13:\"Nov 09, 2019 \";s:9:\"room_name\";s:8:\"Standard\";s:8:\"children\";s:1:\"0\";}',0,0,'successful',NULL,NULL,NULL,NULL),(29,12,3,'a:16:{s:7:\"payment\";s:1:\"0\";s:7:\"user_id\";s:2:\"12\";s:7:\"date_in\";s:13:\"Dec 10, 2019 \";s:7:\"infants\";s:1:\"0\";s:8:\"hotel_id\";s:1:\"3\";s:4:\"type\";s:3:\"add\";s:7:\"time_in\";s:8:\" 12:00AM\";s:9:\"device_os\";s:3:\"ios\";s:9:\"room_name\";s:8:\"Standard\";s:7:\"pricing\";a:3:{i:0;a:3:{s:8:\"sequence\";i:1;s:5:\"price\";i:300;s:11:\"description\";s:15:\"ADDITIONAL HOUR\";}i:1;a:3:{s:8:\"sequence\";i:2;s:5:\"price\";i:300;s:11:\"description\";s:11:\"SERVICE FEE\";}i:2;a:3:{s:5:\"price\";s:3:\"150\";s:11:\"description\";s:6:\"1 Hour\";s:8:\"sequence\";i:0;}}s:6:\"adults\";s:1:\"1\";s:8:\"time_out\";s:8:\" 01:00AM\";s:8:\"date_out\";s:13:\"Dec 10, 2019 \";s:7:\"room_id\";s:1:\"5\";s:8:\"children\";s:1:\"0\";s:6:\"action\";s:11:\"transaction\";}',0,0,'successful',NULL,NULL,NULL,NULL);
/*!40000 ALTER TABLE `tbl_bookings` ENABLE KEYS */;
UNLOCK TABLES;

--
-- Table structure for table `tbl_cities`
--

DROP TABLE IF EXISTS `tbl_cities`;
/*!40101 SET @saved_cs_client     = @@character_set_client */;
/*!40101 SET character_set_client = utf8 */;
CREATE TABLE `tbl_cities` (
  `id` bigint(20) unsigned NOT NULL AUTO_INCREMENT,
  `region_id` int(11) NOT NULL,
  `country_id` int(11) NOT NULL,
  `latitude` double(19,8) NOT NULL,
  `longitude` double(19,8) NOT NULL,
  `name` varchar(255) COLLATE utf8mb4_unicode_ci NOT NULL,
  `created_at` timestamp NULL DEFAULT NULL,
  `updated_at` timestamp NULL DEFAULT NULL,
  `deleted_at` timestamp NULL DEFAULT NULL,
  PRIMARY KEY (`id`)
) ENGINE=InnoDB DEFAULT CHARSET=utf8mb4 COLLATE=utf8mb4_unicode_ci;
/*!40101 SET character_set_client = @saved_cs_client */;

--
-- Dumping data for table `tbl_cities`
--

LOCK TABLES `tbl_cities` WRITE;
/*!40000 ALTER TABLE `tbl_cities` DISABLE KEYS */;
/*!40000 ALTER TABLE `tbl_cities` ENABLE KEYS */;
UNLOCK TABLES;

--
-- Table structure for table `tbl_countries`
--

DROP TABLE IF EXISTS `tbl_countries`;
/*!40101 SET @saved_cs_client     = @@character_set_client */;
/*!40101 SET character_set_client = utf8 */;
CREATE TABLE `tbl_countries` (
  `id` bigint(20) unsigned NOT NULL AUTO_INCREMENT,
  `code` varchar(255) COLLATE utf8mb4_unicode_ci NOT NULL,
  `name` varchar(255) COLLATE utf8mb4_unicode_ci NOT NULL,
  `created_at` timestamp NULL DEFAULT NULL,
  `updated_at` timestamp NULL DEFAULT NULL,
  `deleted_at` timestamp NULL DEFAULT NULL,
  PRIMARY KEY (`id`)
) ENGINE=InnoDB AUTO_INCREMENT=247 DEFAULT CHARSET=utf8mb4 COLLATE=utf8mb4_unicode_ci;
/*!40101 SET character_set_client = @saved_cs_client */;

--
-- Dumping data for table `tbl_countries`
--

LOCK TABLES `tbl_countries` WRITE;
/*!40000 ALTER TABLE `tbl_countries` DISABLE KEYS */;
INSERT INTO `tbl_countries` VALUES (1,'AF','Afghanistan',NULL,NULL,NULL),(2,'AL','Albania',NULL,NULL,NULL),(3,'DZ','Algeria',NULL,NULL,NULL),(4,'DS','American Samoa',NULL,NULL,NULL),(5,'AD','Andorra',NULL,NULL,NULL),(6,'AO','Angola',NULL,NULL,NULL),(7,'AI','Anguilla',NULL,NULL,NULL),(8,'AQ','Antarctica',NULL,NULL,NULL),(9,'AG','Antigua and Barbuda',NULL,NULL,NULL),(10,'AR','Argentina',NULL,NULL,NULL),(11,'AM','Armenia',NULL,NULL,NULL),(12,'AW','Aruba',NULL,NULL,NULL),(13,'AU','Australia',NULL,NULL,NULL),(14,'AT','Austria',NULL,NULL,NULL),(15,'AZ','Azerbaijan',NULL,NULL,NULL),(16,'BS','Bahamas',NULL,NULL,NULL),(17,'BH','Bahrain',NULL,NULL,NULL),(18,'BD','Bangladesh',NULL,NULL,NULL),(19,'BB','Barbados',NULL,NULL,NULL),(20,'BY','Belarus',NULL,NULL,NULL),(21,'BE','Belgium',NULL,NULL,NULL),(22,'BZ','Belize',NULL,NULL,NULL),(23,'BJ','Benin',NULL,NULL,NULL),(24,'BM','Bermuda',NULL,NULL,NULL),(25,'BT','Bhutan',NULL,NULL,NULL),(26,'BO','Bolivia',NULL,NULL,NULL),(27,'BA','Bosnia and Herzegovina',NULL,NULL,NULL),(28,'BW','Botswana',NULL,NULL,NULL),(29,'BV','Bouvet Island',NULL,NULL,NULL),(30,'BR','Brazil',NULL,NULL,NULL),(31,'IO','British Indian Ocean Territory',NULL,NULL,NULL),(32,'BN','Brunei Darussalam',NULL,NULL,NULL),(33,'BG','Bulgaria',NULL,NULL,NULL),(34,'BF','Burkina Faso',NULL,NULL,NULL),(35,'BI','Burundi',NULL,NULL,NULL),(36,'KH','Cambodia',NULL,NULL,NULL),(37,'CM','Cameroon',NULL,NULL,NULL),(38,'CA','Canada',NULL,NULL,NULL),(39,'CV','Cape Verde',NULL,NULL,NULL),(40,'KY','Cayman Islands',NULL,NULL,NULL),(41,'CF','Central African Republic',NULL,NULL,NULL),(42,'TD','Chad',NULL,NULL,NULL),(43,'CL','Chile',NULL,NULL,NULL),(44,'CN','China',NULL,NULL,NULL),(45,'CX','Christmas Island',NULL,NULL,NULL),(46,'CC','Cocos (Keeling) Islands',NULL,NULL,NULL),(47,'CO','Colombia',NULL,NULL,NULL),(48,'KM','Comoros',NULL,NULL,NULL),(49,'CD','Democratic Republic of the Congo',NULL,NULL,NULL),(50,'CG','Republic of Congo',NULL,NULL,NULL),(51,'CK','Cook Islands',NULL,NULL,NULL),(52,'CR','Costa Rica',NULL,NULL,NULL),(53,'HR','Croatia (Hrvatska)',NULL,NULL,NULL),(54,'CU','Cuba',NULL,NULL,NULL),(55,'CY','Cyprus',NULL,NULL,NULL),(56,'CZ','Czech Republic',NULL,NULL,NULL),(57,'DK','Denmark',NULL,NULL,NULL),(58,'DJ','Djibouti',NULL,NULL,NULL),(59,'DM','Dominica',NULL,NULL,NULL),(60,'DO','Dominican Republic',NULL,NULL,NULL),(61,'TP','East Timor',NULL,NULL,NULL),(62,'EC','Ecuador',NULL,NULL,NULL),(63,'EG','Egypt',NULL,NULL,NULL),(64,'SV','El Salvador',NULL,NULL,NULL),(65,'GQ','Equatorial Guinea',NULL,NULL,NULL),(66,'ER','Eritrea',NULL,NULL,NULL),(67,'EE','Estonia',NULL,NULL,NULL),(68,'ET','Ethiopia',NULL,NULL,NULL),(69,'FK','Falkland Islands (Malvinas)',NULL,NULL,NULL),(70,'FO','Faroe Islands',NULL,NULL,NULL),(71,'FJ','Fiji',NULL,NULL,NULL),(72,'FI','Finland',NULL,NULL,NULL),(73,'FR','France',NULL,NULL,NULL),(74,'FX','France, Metropolitan',NULL,NULL,NULL),(75,'GF','French Guiana',NULL,NULL,NULL),(76,'PF','French Polynesia',NULL,NULL,NULL),(77,'TF','French Southern Territories',NULL,NULL,NULL),(78,'GA','Gabon',NULL,NULL,NULL),(79,'GM','Gambia',NULL,NULL,NULL),(80,'GE','Georgia',NULL,NULL,NULL),(81,'DE','Germany',NULL,NULL,NULL),(82,'GH','Ghana',NULL,NULL,NULL),(83,'GI','Gibraltar',NULL,NULL,NULL),(84,'GK','Guernsey',NULL,NULL,NULL),(85,'GR','Greece',NULL,NULL,NULL),(86,'GL','Greenland',NULL,NULL,NULL),(87,'GD','Grenada',NULL,NULL,NULL),(88,'GP','Guadeloupe',NULL,NULL,NULL),(89,'GU','Guam',NULL,NULL,NULL),(90,'GT','Guatemala',NULL,NULL,NULL),(91,'GN','Guinea',NULL,NULL,NULL),(92,'GW','Guinea-Bissau',NULL,NULL,NULL),(93,'GY','Guyana',NULL,NULL,NULL),(94,'HT','Haiti',NULL,NULL,NULL),(95,'HM','Heard and Mc Donald Islands',NULL,NULL,NULL),(96,'HN','Honduras',NULL,NULL,NULL),(97,'HK','Hong Kong',NULL,NULL,NULL),(98,'HU','Hungary',NULL,NULL,NULL),(99,'IS','Iceland',NULL,NULL,NULL),(100,'IN','India',NULL,NULL,NULL),(101,'IM','Isle of Man',NULL,NULL,NULL),(102,'ID','Indonesia',NULL,NULL,NULL),(103,'IR','Iran (Islamic Republic of)',NULL,NULL,NULL),(104,'IQ','Iraq',NULL,NULL,NULL),(105,'IE','Ireland',NULL,NULL,NULL),(106,'IL','Israel',NULL,NULL,NULL),(107,'IT','Italy',NULL,NULL,NULL),(108,'CI','Ivory Coast',NULL,NULL,NULL),(109,'JE','Jersey',NULL,NULL,NULL),(110,'JM','Jamaica',NULL,NULL,NULL),(111,'JP','Japan',NULL,NULL,NULL),(112,'JO','Jordan',NULL,NULL,NULL),(113,'KZ','Kazakhstan',NULL,NULL,NULL),(114,'KE','Kenya',NULL,NULL,NULL),(115,'KI','Kiribati',NULL,NULL,NULL),(116,'KP','Korea, Democratic People\'s Republic of',NULL,NULL,NULL),(117,'KR','Korea, Republic of',NULL,NULL,NULL),(118,'XK','Kosovo',NULL,NULL,NULL),(119,'KW','Kuwait',NULL,NULL,NULL),(120,'KG','Kyrgyzstan',NULL,NULL,NULL),(121,'LA','Lao People\'s Democratic Republic',NULL,NULL,NULL),(122,'LV','Latvia',NULL,NULL,NULL),(123,'LB','Lebanon',NULL,NULL,NULL),(124,'LS','Lesotho',NULL,NULL,NULL),(125,'LR','Liberia',NULL,NULL,NULL),(126,'LY','Libyan Arab Jamahiriya',NULL,NULL,NULL),(127,'LI','Liechtenstein',NULL,NULL,NULL),(128,'LT','Lithuania',NULL,NULL,NULL),(129,'LU','Luxembourg',NULL,NULL,NULL),(130,'MO','Macau',NULL,NULL,NULL),(131,'MK','North Macedonia',NULL,NULL,NULL),(132,'MG','Madagascar',NULL,NULL,NULL),(133,'MW','Malawi',NULL,NULL,NULL),(134,'MY','Malaysia',NULL,NULL,NULL),(135,'MV','Maldives',NULL,NULL,NULL),(136,'ML','Mali',NULL,NULL,NULL),(137,'MT','Malta',NULL,NULL,NULL),(138,'MH','Marshall Islands',NULL,NULL,NULL),(139,'MQ','Martinique',NULL,NULL,NULL),(140,'MR','Mauritania',NULL,NULL,NULL),(141,'MU','Mauritius',NULL,NULL,NULL),(142,'TY','Mayotte',NULL,NULL,NULL),(143,'MX','Mexico',NULL,NULL,NULL),(144,'FM','Micronesia, Federated States of',NULL,NULL,NULL),(145,'MD','Moldova, Republic of',NULL,NULL,NULL),(146,'MC','Monaco',NULL,NULL,NULL),(147,'MN','Mongolia',NULL,NULL,NULL),(148,'ME','Montenegro',NULL,NULL,NULL),(149,'MS','Montserrat',NULL,NULL,NULL),(150,'MA','Morocco',NULL,NULL,NULL),(151,'MZ','Mozambique',NULL,NULL,NULL),(152,'MM','Myanmar',NULL,NULL,NULL),(153,'NA','Namibia',NULL,NULL,NULL),(154,'NR','Nauru',NULL,NULL,NULL),(155,'NP','Nepal',NULL,NULL,NULL),(156,'NL','Netherlands',NULL,NULL,NULL),(157,'AN','Netherlands Antilles',NULL,NULL,NULL),(158,'NC','New Caledonia',NULL,NULL,NULL),(159,'NZ','New Zealand',NULL,NULL,NULL),(160,'NI','Nicaragua',NULL,NULL,NULL),(161,'NE','Niger',NULL,NULL,NULL),(162,'NG','Nigeria',NULL,NULL,NULL),(163,'NU','Niue',NULL,NULL,NULL),(164,'NF','Norfolk Island',NULL,NULL,NULL),(165,'MP','Northern Mariana Islands',NULL,NULL,NULL),(166,'NO','Norway',NULL,NULL,NULL),(167,'OM','Oman',NULL,NULL,NULL),(168,'PK','Pakistan',NULL,NULL,NULL),(169,'PW','Palau',NULL,NULL,NULL),(170,'PS','Palestine',NULL,NULL,NULL),(171,'PA','Panama',NULL,NULL,NULL),(172,'PG','Papua New Guinea',NULL,NULL,NULL),(173,'PY','Paraguay',NULL,NULL,NULL),(174,'PE','Peru',NULL,NULL,NULL),(175,'PH','Philippines',NULL,NULL,NULL),(176,'PN','Pitcairn',NULL,NULL,NULL),(177,'PL','Poland',NULL,NULL,NULL),(178,'PT','Portugal',NULL,NULL,NULL),(179,'PR','Puerto Rico',NULL,NULL,NULL),(180,'QA','Qatar',NULL,NULL,NULL),(181,'RE','Reunion',NULL,NULL,NULL),(182,'RO','Romania',NULL,NULL,NULL),(183,'RU','Russian Federation',NULL,NULL,NULL),(184,'RW','Rwanda',NULL,NULL,NULL),(185,'KN','Saint Kitts and Nevis',NULL,NULL,NULL),(186,'LC','Saint Lucia',NULL,NULL,NULL),(187,'VC','Saint Vincent and the Grenadines',NULL,NULL,NULL),(188,'WS','Samoa',NULL,NULL,NULL),(189,'SM','San Marino',NULL,NULL,NULL),(190,'ST','Sao Tome and Principe',NULL,NULL,NULL),(191,'SA','Saudi Arabia',NULL,NULL,NULL),(192,'SN','Senegal',NULL,NULL,NULL),(193,'RS','Serbia',NULL,NULL,NULL),(194,'SC','Seychelles',NULL,NULL,NULL),(195,'SL','Sierra Leone',NULL,NULL,NULL),(196,'SG','Singapore',NULL,NULL,NULL),(197,'SK','Slovakia',NULL,NULL,NULL),(198,'SI','Slovenia',NULL,NULL,NULL),(199,'SB','Solomon Islands',NULL,NULL,NULL),(200,'SO','Somalia',NULL,NULL,NULL),(201,'ZA','South Africa',NULL,NULL,NULL),(202,'GS','South Georgia South Sandwich Islands',NULL,NULL,NULL),(203,'SS','South Sudan',NULL,NULL,NULL),(204,'ES','Spain',NULL,NULL,NULL),(205,'LK','Sri Lanka',NULL,NULL,NULL),(206,'SH','St. Helena',NULL,NULL,NULL),(207,'PM','St. Pierre and Miquelon',NULL,NULL,NULL),(208,'SD','Sudan',NULL,NULL,NULL),(209,'SR','Suriname',NULL,NULL,NULL),(210,'SJ','Svalbard and Jan Mayen Islands',NULL,NULL,NULL),(211,'SZ','Swaziland',NULL,NULL,NULL),(212,'SE','Sweden',NULL,NULL,NULL),(213,'CH','Switzerland',NULL,NULL,NULL),(214,'SY','Syrian Arab Republic',NULL,NULL,NULL),(215,'TW','Taiwan',NULL,NULL,NULL),(216,'TJ','Tajikistan',NULL,NULL,NULL),(217,'TZ','Tanzania, United Republic of',NULL,NULL,NULL),(218,'TH','Thailand',NULL,NULL,NULL),(219,'TG','Togo',NULL,NULL,NULL),(220,'TK','Tokelau',NULL,NULL,NULL),(221,'TO','Tonga',NULL,NULL,NULL),(222,'TT','Trinidad and Tobago',NULL,NULL,NULL),(223,'TN','Tunisia',NULL,NULL,NULL),(224,'TR','Turkey',NULL,NULL,NULL),(225,'TM','Turkmenistan',NULL,NULL,NULL),(226,'TC','Turks and Caicos Islands',NULL,NULL,NULL),(227,'TV','Tuvalu',NULL,NULL,NULL),(228,'UG','Uganda',NULL,NULL,NULL),(229,'UA','Ukraine',NULL,NULL,NULL),(230,'AE','United Arab Emirates',NULL,NULL,NULL),(231,'GB','United Kingdom',NULL,NULL,NULL),(232,'US','United States',NULL,NULL,NULL),(233,'UM','United States minor outlying islands',NULL,NULL,NULL),(234,'UY','Uruguay',NULL,NULL,NULL),(235,'UZ','Uzbekistan',NULL,NULL,NULL),(236,'VU','Vanuatu',NULL,NULL,NULL),(237,'VA','Vatican City State',NULL,NULL,NULL),(238,'VE','Venezuela',NULL,NULL,NULL),(239,'VN','Vietnam',NULL,NULL,NULL),(240,'VG','Virgin Islands (British)',NULL,NULL,NULL),(241,'VI','Virgin Islands (U.S.)',NULL,NULL,NULL),(242,'WF','Wallis and Futuna Islands',NULL,NULL,NULL),(243,'EH','Western Sahara',NULL,NULL,NULL),(244,'YE','Yemen',NULL,NULL,NULL),(245,'ZM','Zambia',NULL,NULL,NULL),(246,'ZW','Zimbabwe',NULL,NULL,NULL);
/*!40000 ALTER TABLE `tbl_countries` ENABLE KEYS */;
UNLOCK TABLES;

--
-- Table structure for table `tbl_favorites`
--

DROP TABLE IF EXISTS `tbl_favorites`;
/*!40101 SET @saved_cs_client     = @@character_set_client */;
/*!40101 SET character_set_client = utf8 */;
CREATE TABLE `tbl_favorites` (
  `id` bigint(20) unsigned NOT NULL AUTO_INCREMENT,
  `user_id` int(11) NOT NULL,
  `room_id` int(11) NOT NULL,
  `timestamp` timestamp NULL DEFAULT NULL,
  `created_at` timestamp NULL DEFAULT NULL,
  `updated_at` timestamp NULL DEFAULT NULL,
  `deleted_at` timestamp NULL DEFAULT NULL,
  PRIMARY KEY (`id`)
) ENGINE=InnoDB AUTO_INCREMENT=23 DEFAULT CHARSET=utf8mb4 COLLATE=utf8mb4_unicode_ci;
/*!40101 SET character_set_client = @saved_cs_client */;

--
-- Dumping data for table `tbl_favorites`
--

LOCK TABLES `tbl_favorites` WRITE;
/*!40000 ALTER TABLE `tbl_favorites` DISABLE KEYS */;
/*!40000 ALTER TABLE `tbl_favorites` ENABLE KEYS */;
UNLOCK TABLES;

--
-- Table structure for table `tbl_hotels`
--

DROP TABLE IF EXISTS `tbl_hotels`;
/*!40101 SET @saved_cs_client     = @@character_set_client */;
/*!40101 SET character_set_client = utf8 */;
CREATE TABLE `tbl_hotels` (
  `id` bigint(20) unsigned NOT NULL AUTO_INCREMENT,
  `hotel_name` varchar(255) COLLATE utf8mb4_unicode_ci NOT NULL,
  `email` varchar(255) COLLATE utf8mb4_unicode_ci DEFAULT NULL,
  `website` varchar(255) COLLATE utf8mb4_unicode_ci DEFAULT NULL,
  `facebook` varchar(255) COLLATE utf8mb4_unicode_ci DEFAULT NULL,
  `twitter` varchar(255) COLLATE utf8mb4_unicode_ci DEFAULT NULL,
  `instagram` varchar(255) COLLATE utf8mb4_unicode_ci DEFAULT NULL,
  `telnos` varchar(255) COLLATE utf8mb4_unicode_ci DEFAULT NULL,
  `biznos` varchar(255) COLLATE utf8mb4_unicode_ci DEFAULT NULL,
  `star` int(11) DEFAULT NULL,
  `category_id` int(11) DEFAULT NULL,
  `country_id` int(11) DEFAULT NULL,
  `region_id` int(11) DEFAULT NULL,
  `city_id` int(11) DEFAULT NULL,
  `bank` varchar(255) COLLATE utf8mb4_unicode_ci DEFAULT NULL,
  `account_number` varchar(255) COLLATE utf8mb4_unicode_ci DEFAULT NULL,
  `tin_number` varchar(255) COLLATE utf8mb4_unicode_ci DEFAULT NULL,
  `latitude` varchar(255) COLLATE utf8mb4_unicode_ci DEFAULT NULL,
  `longitude` varchar(255) COLLATE utf8mb4_unicode_ci DEFAULT NULL,
  `address` varchar(255) COLLATE utf8mb4_unicode_ci DEFAULT NULL,
  `postcode` varchar(255) COLLATE utf8mb4_unicode_ci DEFAULT NULL,
  `img_file` varchar(255) COLLATE utf8mb4_unicode_ci DEFAULT NULL,
  `approve_by` int(11) DEFAULT NULL,
  `flag` int(11) DEFAULT NULL,
  `approve_at` datetime DEFAULT NULL,
  `created_by` int(11) DEFAULT NULL,
  `timestamp` timestamp NULL DEFAULT NULL,
  `created_at` timestamp NULL DEFAULT NULL,
  `updated_at` timestamp NULL DEFAULT NULL,
  `deleted_at` timestamp NULL DEFAULT NULL,
  PRIMARY KEY (`id`)
) ENGINE=InnoDB AUTO_INCREMENT=4 DEFAULT CHARSET=utf8mb4 COLLATE=utf8mb4_unicode_ci;
/*!40101 SET character_set_client = @saved_cs_client */;

--
-- Dumping data for table `tbl_hotels`
--

LOCK TABLES `tbl_hotels` WRITE;
/*!40000 ALTER TABLE `tbl_hotels` DISABLE KEYS */;
INSERT INTO `tbl_hotels` VALUES (1,'Victoria Court - Panorama','jeffreycabang@gmail.com','http://www.victoriacourt.biz/index.php',NULL,NULL,NULL,NULL,NULL,NULL,NULL,NULL,NULL,NULL,NULL,NULL,NULL,'14.5712481','121.06880559999999','1 Victoria Drive, Canley Road, Pasig, 1600 Metro Manila','1600','canley.png',1,1,'2019-11-26 14:24:10',1,NULL,NULL,'2019-11-26 06:24:10',NULL),(2,'NERDVANA','drmercado@myvclife.biz','https://nerdvana.com.ph',NULL,NULL,NULL,'12345',NULL,NULL,NULL,NULL,NULL,NULL,NULL,NULL,NULL,'14.571779254300433','121.06557454655763','diyan lang sa tabi',NULL,'1575533360.jpg',1,1,'2019-12-05 16:13:46',NULL,NULL,'2019-12-05 08:09:20','2019-12-05 08:13:46',NULL),(3,'Test Hotel','jeffreycabang@gmail.com','https://nerdvana.com.ph',NULL,NULL,NULL,'09162834511',NULL,NULL,NULL,NULL,NULL,NULL,NULL,NULL,NULL,'14.571945393819059','121.0662182767212','Test Address',NULL,'1575615069.jpg',1,1,'2019-12-06 14:51:19',NULL,NULL,'2019-12-06 06:51:09','2019-12-06 06:51:19',NULL);
/*!40000 ALTER TABLE `tbl_hotels` ENABLE KEYS */;
UNLOCK TABLES;

--
-- Table structure for table `tbl_hotels_meta`
--

DROP TABLE IF EXISTS `tbl_hotels_meta`;
/*!40101 SET @saved_cs_client     = @@character_set_client */;
/*!40101 SET character_set_client = utf8 */;
CREATE TABLE `tbl_hotels_meta` (
  `id` bigint(20) unsigned NOT NULL AUTO_INCREMENT,
  `hotel_id` int(11) NOT NULL,
  `name` varchar(255) COLLATE utf8mb4_unicode_ci NOT NULL,
  `detail` longtext COLLATE utf8mb4_unicode_ci NOT NULL,
  `created_by` int(11) DEFAULT NULL,
  `timestamp` timestamp NULL DEFAULT NULL,
  `created_at` timestamp NULL DEFAULT NULL,
  `updated_at` timestamp NULL DEFAULT NULL,
  `deleted_at` timestamp NULL DEFAULT NULL,
  PRIMARY KEY (`id`)
) ENGINE=InnoDB AUTO_INCREMENT=2 DEFAULT CHARSET=utf8mb4 COLLATE=utf8mb4_unicode_ci;
/*!40101 SET character_set_client = @saved_cs_client */;

--
-- Dumping data for table `tbl_hotels_meta`
--

LOCK TABLES `tbl_hotels_meta` WRITE;
/*!40000 ALTER TABLE `tbl_hotels_meta` DISABLE KEYS */;
INSERT INTO `tbl_hotels_meta` VALUES (1,1,'About the Hotel','Experience the ultimate in comfort living at Richmonde Hotel Ortigas, located at the heart of Ortigas Center, Pasig City, Metro Manila, Philippines. Its strategic location in the city and easy access to the major thoroughfares make it an ideal venue whether your business of leisure destination is in Ortigas Center or the nearby commercial centers of Quezon City Taguig/Bonifacio Global City, Makati City',2,NULL,NULL,NULL,NULL);
/*!40000 ALTER TABLE `tbl_hotels_meta` ENABLE KEYS */;
UNLOCK TABLES;

--
-- Table structure for table `tbl_images`
--

DROP TABLE IF EXISTS `tbl_images`;
/*!40101 SET @saved_cs_client     = @@character_set_client */;
/*!40101 SET character_set_client = utf8 */;
CREATE TABLE `tbl_images` (
  `id` bigint(20) unsigned NOT NULL AUTO_INCREMENT,
  `link_id` int(11) NOT NULL,
  `image_file` varchar(255) COLLATE utf8mb4_unicode_ci NOT NULL,
  `target` varchar(255) COLLATE utf8mb4_unicode_ci NOT NULL,
  `created_by` int(11) DEFAULT NULL,
  `timestamp` timestamp NULL DEFAULT NULL,
  `created_at` timestamp NULL DEFAULT NULL,
  `updated_at` timestamp NULL DEFAULT NULL,
  `deleted_at` timestamp NULL DEFAULT NULL,
  PRIMARY KEY (`id`)
) ENGINE=InnoDB AUTO_INCREMENT=9 DEFAULT CHARSET=utf8mb4 COLLATE=utf8mb4_unicode_ci;
/*!40101 SET character_set_client = @saved_cs_client */;

--
-- Dumping data for table `tbl_images`
--

LOCK TABLES `tbl_images` WRITE;
/*!40000 ALTER TABLE `tbl_images` DISABLE KEYS */;
INSERT INTO `tbl_images` VALUES (1,1,'51dTjC1mFw.png','room',1,NULL,NULL,'2019-11-26 04:37:58','2019-11-26 04:37:58'),(2,1,'J9kVTdjv9M.png','room',2,NULL,'2019-11-26 04:37:58','2019-11-26 05:48:52','2019-11-26 05:48:52'),(3,3,'n0SNpdwF7I.png','room',1,NULL,'2019-11-26 06:27:51','2019-11-26 06:27:51',NULL),(4,4,'6H2N2Y4Dtl.png','room',2,NULL,'2019-12-05 08:16:41','2019-12-05 08:16:41',NULL),(5,1,'z63fcoieoT.png','room',2,NULL,'2019-12-05 08:17:51','2019-12-05 08:17:51',NULL),(6,2,'F423gA0X0Y.png','room',2,NULL,'2019-12-05 08:17:51','2019-12-05 08:17:51',NULL),(7,5,'Wgfh1yaBs2.png','room',1,NULL,'2019-12-06 06:52:49','2019-12-06 06:52:49',NULL),(8,6,'U4rcW49aFK.png','room',1,NULL,'2019-12-06 08:21:16','2019-12-06 08:21:16',NULL);
/*!40000 ALTER TABLE `tbl_images` ENABLE KEYS */;
UNLOCK TABLES;

--
-- Table structure for table `tbl_inquiries`
--

DROP TABLE IF EXISTS `tbl_inquiries`;
/*!40101 SET @saved_cs_client     = @@character_set_client */;
/*!40101 SET character_set_client = utf8 */;
CREATE TABLE `tbl_inquiries` (
  `id` bigint(20) unsigned NOT NULL AUTO_INCREMENT,
  `user_id` int(11) NOT NULL,
  `hotel_id` int(11) DEFAULT NULL,
  `timestamp` timestamp NULL DEFAULT NULL,
  `created_at` timestamp NULL DEFAULT NULL,
  `updated_at` timestamp NULL DEFAULT NULL,
  `deleted_at` timestamp NULL DEFAULT NULL,
  PRIMARY KEY (`id`)
) ENGINE=InnoDB AUTO_INCREMENT=5 DEFAULT CHARSET=utf8mb4 COLLATE=utf8mb4_unicode_ci;
/*!40101 SET character_set_client = @saved_cs_client */;

--
-- Dumping data for table `tbl_inquiries`
--

LOCK TABLES `tbl_inquiries` WRITE;
/*!40000 ALTER TABLE `tbl_inquiries` DISABLE KEYS */;
INSERT INTO `tbl_inquiries` VALUES (1,1,1,NULL,NULL,NULL,NULL);
/*!40000 ALTER TABLE `tbl_inquiries` ENABLE KEYS */;
UNLOCK TABLES;

--
-- Table structure for table `tbl_prices`
--

DROP TABLE IF EXISTS `tbl_prices`;
/*!40101 SET @saved_cs_client     = @@character_set_client */;
/*!40101 SET character_set_client = utf8 */;
CREATE TABLE `tbl_prices` (
  `id` bigint(20) unsigned NOT NULL AUTO_INCREMENT,
  `link_id` int(11) NOT NULL,
  `sequence` int(11) NOT NULL,
  `target` varchar(255) COLLATE utf8mb4_unicode_ci NOT NULL,
  `description` varchar(255) COLLATE utf8mb4_unicode_ci NOT NULL,
  `price` double(14,4) NOT NULL DEFAULT '0.0000',
  `created_by` int(11) DEFAULT NULL,
  `timestamp` timestamp NULL DEFAULT NULL,
  `created_at` timestamp NULL DEFAULT NULL,
  `updated_at` timestamp NULL DEFAULT NULL,
  `deleted_at` timestamp NULL DEFAULT NULL,
  PRIMARY KEY (`id`)
) ENGINE=InnoDB AUTO_INCREMENT=19 DEFAULT CHARSET=utf8mb4 COLLATE=utf8mb4_unicode_ci;
/*!40101 SET character_set_client = @saved_cs_client */;

--
-- Dumping data for table `tbl_prices`
--

LOCK TABLES `tbl_prices` WRITE;
/*!40000 ALTER TABLE `tbl_prices` DISABLE KEYS */;
INSERT INTO `tbl_prices` VALUES (1,1,1,'room','ADDITIONAL HOUR',300.0000,1,NULL,NULL,NULL,NULL),(2,1,2,'room','SERVICE FEE',300.0000,1,NULL,NULL,NULL,NULL),(3,1,0,'room','12 HOURS MINIMUM STAY',1500.0000,1,NULL,NULL,NULL,NULL),(4,2,1,'room','ADDITIONAL HOUR',300.0000,1,NULL,NULL,NULL,NULL),(5,2,2,'room','SERVICE FEE',300.0000,1,NULL,NULL,NULL,NULL),(6,2,0,'room','12 HOURS MINIMUM STAY',1500.0000,1,NULL,NULL,NULL,NULL),(7,3,1,'room','ADDITIONAL HOUR',300.0000,1,NULL,NULL,NULL,NULL),(8,3,2,'room','SERVICE FEE',300.0000,1,NULL,NULL,NULL,NULL),(9,3,0,'room','12 HOURS MINIMUM STAY',1500.0000,1,NULL,NULL,NULL,NULL),(10,4,1,'room','ADDITIONAL HOUR',300.0000,1,NULL,NULL,NULL,NULL),(11,4,2,'room','SERVICE FEE',300.0000,1,NULL,NULL,NULL,NULL),(12,4,0,'room','12 HOURS MINIMUM STAY',1500.0000,1,NULL,NULL,NULL,NULL),(13,5,1,'room','ADDITIONAL HOUR',300.0000,1,NULL,NULL,NULL,NULL),(14,5,2,'room','SERVICE FEE',300.0000,1,NULL,NULL,NULL,NULL),(15,5,0,'room','12 HOURS MINIMUM STAY',1500.0000,1,NULL,NULL,NULL,NULL),(16,6,1,'room','ADDITIONAL HOUR',300.0000,1,NULL,NULL,NULL,NULL),(17,6,2,'room','SERVICE FEE',300.0000,1,NULL,NULL,NULL,NULL),(18,6,0,'room','12 HOURS MINIMUM STAY',1500.0000,1,NULL,NULL,NULL,NULL);
/*!40000 ALTER TABLE `tbl_prices` ENABLE KEYS */;
UNLOCK TABLES;

--
-- Table structure for table `tbl_regions`
--

DROP TABLE IF EXISTS `tbl_regions`;
/*!40101 SET @saved_cs_client     = @@character_set_client */;
/*!40101 SET character_set_client = utf8 */;
CREATE TABLE `tbl_regions` (
  `id` bigint(20) unsigned NOT NULL AUTO_INCREMENT,
  `name` varchar(255) COLLATE utf8mb4_unicode_ci NOT NULL,
  `code` varchar(255) COLLATE utf8mb4_unicode_ci NOT NULL,
  `country_id` int(11) NOT NULL,
  `created_at` timestamp NULL DEFAULT NULL,
  `updated_at` timestamp NULL DEFAULT NULL,
  `deleted_at` timestamp NULL DEFAULT NULL,
  PRIMARY KEY (`id`)
) ENGINE=InnoDB AUTO_INCREMENT=3386 DEFAULT CHARSET=utf8mb4 COLLATE=utf8mb4_unicode_ci;
/*!40101 SET character_set_client = @saved_cs_client */;

--
-- Dumping data for table `tbl_regions`
--

LOCK TABLES `tbl_regions` WRITE;
/*!40000 ALTER TABLE `tbl_regions` DISABLE KEYS */;
INSERT INTO `tbl_regions` VALUES (1,'Sant Julia de Loria','06',1,NULL,NULL,NULL),(2,'Andorra la Vella','07',1,NULL,NULL,NULL),(3,'La Massana','04',1,NULL,NULL,NULL),(4,'Ordino','05',1,NULL,NULL,NULL),(5,'Canillo','02',1,NULL,NULL,NULL),(6,'Encamp','03',1,NULL,NULL,NULL),(7,'Escaldes-Engordany','08',1,NULL,NULL,NULL),(8,'Fujairah','04',2,NULL,NULL,NULL),(9,'Abu Dhabi','01',2,NULL,NULL,NULL),(10,'Dubai','03',2,NULL,NULL,NULL),(11,'Ras Al Khaimah','05',2,NULL,NULL,NULL),(12,'Umm Al Quwain','07',2,NULL,NULL,NULL),(13,'Sharjah','06',2,NULL,NULL,NULL),(14,'Ajman','02',2,NULL,NULL,NULL),(15,'Paktika','29',3,NULL,NULL,NULL),(16,'Farah','06',3,NULL,NULL,NULL),(17,'Helmand','10',3,NULL,NULL,NULL),(18,'Kondoz','24',3,NULL,NULL,NULL),(19,'Bamian','05',3,NULL,NULL,NULL),(20,'Ghowr','09',3,NULL,NULL,NULL),(21,'Laghman','35',3,NULL,NULL,NULL),(22,'Ghazni','08',3,NULL,NULL,NULL),(23,'Vardak','27',3,NULL,NULL,NULL),(24,'Oruzgan','39',3,NULL,NULL,NULL),(25,'Zabol','28',3,NULL,NULL,NULL),(26,'Badghis','02',3,NULL,NULL,NULL),(27,'Badakhshan','01',3,NULL,NULL,NULL),(28,'Faryab','07',3,NULL,NULL,NULL),(29,'Takhar','26',3,NULL,NULL,NULL),(30,'Lowgar','17',3,NULL,NULL,NULL),(31,'Herat','11',3,NULL,NULL,NULL),(32,'Daykondi','41',3,NULL,NULL,NULL),(33,'Sar-e Pol','33',3,NULL,NULL,NULL),(34,'Balkh','30',3,NULL,NULL,NULL),(35,'Kabol','13',3,NULL,NULL,NULL),(36,'Nimruz','19',3,NULL,NULL,NULL),(37,'Kandahar','23',3,NULL,NULL,NULL),(38,'Khowst','37',3,NULL,NULL,NULL),(39,'Kapisa','14',3,NULL,NULL,NULL),(40,'Nangarhar','18',3,NULL,NULL,NULL),(41,'Samangan','32',3,NULL,NULL,NULL),(42,'Paktia','36',3,NULL,NULL,NULL),(43,'Baghlan','03',3,NULL,NULL,NULL),(44,'Jowzjan','31',3,NULL,NULL,NULL),(45,'Konar','34',3,NULL,NULL,NULL),(46,'Nurestan','38',3,NULL,NULL,NULL),(47,'Panjshir','42',3,NULL,NULL,NULL),(48,'Saint John','04',4,NULL,NULL,NULL),(49,'Saint Paul','06',4,NULL,NULL,NULL),(50,'Saint George','03',4,NULL,NULL,NULL),(51,'Saint Peter','07',4,NULL,NULL,NULL),(52,'Saint Mary','05',4,NULL,NULL,NULL),(53,'Barbuda','01',4,NULL,NULL,NULL),(54,'Saint Philip','08',4,NULL,NULL,NULL),(55,'Vlore','51',6,NULL,NULL,NULL),(56,'Korce','46',6,NULL,NULL,NULL),(57,'Shkoder','49',6,NULL,NULL,NULL),(58,'Durres','42',6,NULL,NULL,NULL),(59,'Elbasan','43',6,NULL,NULL,NULL),(60,'Kukes','47',6,NULL,NULL,NULL),(61,'Fier','44',6,NULL,NULL,NULL),(62,'Berat','40',6,NULL,NULL,NULL),(63,'Gjirokaster','45',6,NULL,NULL,NULL),(64,'Tirane','50',6,NULL,NULL,NULL),(65,'Lezhe','48',6,NULL,NULL,NULL),(66,'Diber','41',6,NULL,NULL,NULL),(67,'Aragatsotn','01',7,NULL,NULL,NULL),(68,'Ararat','02',7,NULL,NULL,NULL),(69,'Kotayk\'','05',7,NULL,NULL,NULL),(70,'Tavush','09',7,NULL,NULL,NULL),(71,'Syunik\'','08',7,NULL,NULL,NULL),(72,'Geghark\'unik\'','04',7,NULL,NULL,NULL),(73,'Vayots\' Dzor','10',7,NULL,NULL,NULL),(74,'Lorri','06',7,NULL,NULL,NULL),(75,'Armavir','03',7,NULL,NULL,NULL),(76,'Yerevan','11',7,NULL,NULL,NULL),(77,'Shirak','07',7,NULL,NULL,NULL),(78,'Benguela','01',9,NULL,NULL,NULL),(79,'Uige','15',9,NULL,NULL,NULL),(80,'Bengo','19',9,NULL,NULL,NULL),(81,'Cuanza Norte','05',9,NULL,NULL,NULL),(82,'Malanje','12',9,NULL,NULL,NULL),(83,'Cuanza Sul','06',9,NULL,NULL,NULL),(84,'Huambo','08',9,NULL,NULL,NULL),(85,'Moxico','14',9,NULL,NULL,NULL),(86,'Cuando Cubango','04',9,NULL,NULL,NULL),(87,'Bie','02',9,NULL,NULL,NULL),(88,'Huila','09',9,NULL,NULL,NULL),(89,'Lunda Sul','18',9,NULL,NULL,NULL),(90,'Zaire','16',9,NULL,NULL,NULL),(91,'Cunene','07',9,NULL,NULL,NULL),(92,'Lunda Norte','17',9,NULL,NULL,NULL),(93,'Namibe','13',9,NULL,NULL,NULL),(94,'Cabinda','03',9,NULL,NULL,NULL),(95,'Buenos Aires','01',10,NULL,NULL,NULL),(96,'Cordoba','05',10,NULL,NULL,NULL),(97,'Entre Rios','08',10,NULL,NULL,NULL),(98,'Salta','17',10,NULL,NULL,NULL),(99,'Jujuy','10',10,NULL,NULL,NULL),(100,'La Pampa','11',10,NULL,NULL,NULL),(101,'Mendoza','13',10,NULL,NULL,NULL),(102,'Misiones','14',10,NULL,NULL,NULL),(103,'Santa Cruz','20',10,NULL,NULL,NULL),(104,'Santa Fe','21',10,NULL,NULL,NULL),(105,'Tucuman','24',10,NULL,NULL,NULL),(106,'Corrientes','06',10,NULL,NULL,NULL),(107,'San Juan','18',10,NULL,NULL,NULL),(108,'Santiago del Estero','22',10,NULL,NULL,NULL),(109,'Catamarca','02',10,NULL,NULL,NULL),(110,'Neuquen','15',10,NULL,NULL,NULL),(111,'Distrito Federal','07',10,NULL,NULL,NULL),(112,'La Rioja','12',10,NULL,NULL,NULL),(113,'Rio Negro','16',10,NULL,NULL,NULL),(114,'Chubut','04',10,NULL,NULL,NULL),(115,'San Luis','19',10,NULL,NULL,NULL),(116,'Tierra del Fuego','23',10,NULL,NULL,NULL),(117,'Formosa','09',10,NULL,NULL,NULL),(118,'Chaco','03',10,NULL,NULL,NULL),(119,'Niederosterreich','03',11,NULL,NULL,NULL),(120,'Salzburg','05',11,NULL,NULL,NULL),(121,'Oberosterreich','04',11,NULL,NULL,NULL),(122,'Tirol','07',11,NULL,NULL,NULL),(123,'Karnten','02',11,NULL,NULL,NULL),(124,'Steiermark','06',11,NULL,NULL,NULL),(125,'Vorarlberg','08',11,NULL,NULL,NULL),(126,'Wien','09',11,NULL,NULL,NULL),(127,'Burgenland','01',11,NULL,NULL,NULL),(128,'New South Wales','02',12,NULL,NULL,NULL),(129,'Tasmania','06',12,NULL,NULL,NULL),(130,'Western Australia','08',12,NULL,NULL,NULL),(131,'Queensland','04',12,NULL,NULL,NULL),(132,'Victoria','07',12,NULL,NULL,NULL),(133,'South Australia','05',12,NULL,NULL,NULL),(134,'Northern Territory','03',12,NULL,NULL,NULL),(135,'Australian Capital Territory','01',12,NULL,NULL,NULL),(136,'Neftcala','36',14,NULL,NULL,NULL),(137,'Xanlar','62',14,NULL,NULL,NULL),(138,'Yevlax','68',14,NULL,NULL,NULL),(139,'Agdas','04',14,NULL,NULL,NULL),(140,'Sabirabad','46',14,NULL,NULL,NULL),(141,'Yardimli','66',14,NULL,NULL,NULL),(142,'Calilabad','15',14,NULL,NULL,NULL),(143,'Saatli','45',14,NULL,NULL,NULL),(144,'Saki','47',14,NULL,NULL,NULL),(145,'Kurdamir','27',14,NULL,NULL,NULL),(146,'Qazax','40',14,NULL,NULL,NULL),(147,'Tovuz','58',14,NULL,NULL,NULL),(148,'Samkir','51',14,NULL,NULL,NULL),(149,'Agdam','03',14,NULL,NULL,NULL),(150,'Qubadli','43',14,NULL,NULL,NULL),(151,'Oguz','37',14,NULL,NULL,NULL),(152,'Lacin','28',14,NULL,NULL,NULL),(153,'Kalbacar','26',14,NULL,NULL,NULL),(154,'Haciqabul','23',14,NULL,NULL,NULL),(155,'Bilasuvar','13',14,NULL,NULL,NULL),(156,'Balakan','10',14,NULL,NULL,NULL),(157,'Naxcivan','35',14,NULL,NULL,NULL),(158,'Qabala','38',14,NULL,NULL,NULL),(159,'Agcabadi','02',14,NULL,NULL,NULL),(160,'Samaxi','50',14,NULL,NULL,NULL),(161,'Davaci','17',14,NULL,NULL,NULL),(162,'Quba','42',14,NULL,NULL,NULL),(163,'Qusar','44',14,NULL,NULL,NULL),(164,'Imisli','24',14,NULL,NULL,NULL),(165,'Abseron','01',14,NULL,NULL,NULL),(166,'Xacmaz','60',14,NULL,NULL,NULL),(167,'Cabrayil','14',14,NULL,NULL,NULL),(168,'Ismayilli','25',14,NULL,NULL,NULL),(169,'Goranboy','21',14,NULL,NULL,NULL),(170,'Fuzuli','18',14,NULL,NULL,NULL),(171,'Baki','09',14,NULL,NULL,NULL),(172,'Beylaqan','12',14,NULL,NULL,NULL),(173,'Daskasan','16',14,NULL,NULL,NULL),(174,'Masalli','32',14,NULL,NULL,NULL),(175,'Zaqatala','70',14,NULL,NULL,NULL),(176,'Lankaran','29',14,NULL,NULL,NULL),(177,'Lerik','31',14,NULL,NULL,NULL),(178,'Ali Bayramli','07',14,NULL,NULL,NULL),(179,'Qax','39',14,NULL,NULL,NULL),(180,'Samux','52',14,NULL,NULL,NULL),(181,'Zardab','71',14,NULL,NULL,NULL),(182,'Gadabay','19',14,NULL,NULL,NULL),(183,'Ucar','59',14,NULL,NULL,NULL),(184,'Barda','11',14,NULL,NULL,NULL),(185,'Siyazan','53',14,NULL,NULL,NULL),(186,'Xocavand','65',14,NULL,NULL,NULL),(187,'Zangilan','69',14,NULL,NULL,NULL),(188,'Xizi','63',14,NULL,NULL,NULL),(189,'Yevlax','67',14,NULL,NULL,NULL),(190,'Agsu','06',14,NULL,NULL,NULL),(191,'Qobustan','41',14,NULL,NULL,NULL),(192,'Goycay','22',14,NULL,NULL,NULL),(193,'Astara','08',14,NULL,NULL,NULL),(194,'Xocali','64',14,NULL,NULL,NULL),(195,'Xankandi','61',14,NULL,NULL,NULL),(196,'Tartar','57',14,NULL,NULL,NULL),(197,'Agstafa','05',14,NULL,NULL,NULL),(198,'Salyan','49',14,NULL,NULL,NULL),(199,'Susa','55',14,NULL,NULL,NULL),(200,'Ganca','20',14,NULL,NULL,NULL),(201,'Sumqayit','54',14,NULL,NULL,NULL),(202,'Saki','48',14,NULL,NULL,NULL),(203,'Naftalan','34',14,NULL,NULL,NULL),(204,'Lankaran','30',14,NULL,NULL,NULL),(205,'Mingacevir','33',14,NULL,NULL,NULL),(206,'Susa','56',14,NULL,NULL,NULL),(207,'Republika Srpska','02',15,NULL,NULL,NULL),(208,'Federation of Bosnia and Herzegovina','01',15,NULL,NULL,NULL),(209,'Saint Joseph','06',16,NULL,NULL,NULL),(210,'Saint Lucy','07',16,NULL,NULL,NULL),(211,'Saint Thomas','11',16,NULL,NULL,NULL),(212,'Saint James','04',16,NULL,NULL,NULL),(213,'Saint John','05',16,NULL,NULL,NULL),(214,'Saint Peter','09',16,NULL,NULL,NULL),(215,'Christ Church','01',16,NULL,NULL,NULL),(216,'Saint George','03',16,NULL,NULL,NULL),(217,'Saint Michael','08',16,NULL,NULL,NULL),(218,'Saint Andrew','02',16,NULL,NULL,NULL),(219,'Saint Philip','10',16,NULL,NULL,NULL),(220,'Khulna','82',17,NULL,NULL,NULL),(221,'Rajshahi','83',17,NULL,NULL,NULL),(222,'Dhaka','81',17,NULL,NULL,NULL),(223,'Barisal','85',17,NULL,NULL,NULL),(224,'Sylhet','86',17,NULL,NULL,NULL),(225,'Chittagong','84',17,NULL,NULL,NULL),(226,'Oost-Vlaanderen','08',18,NULL,NULL,NULL),(227,'West-Vlaanderen','09',18,NULL,NULL,NULL),(228,'Limburg','05',18,NULL,NULL,NULL),(229,'Antwerpen','01',18,NULL,NULL,NULL),(230,'Luxembourg','06',18,NULL,NULL,NULL),(231,'Hainaut','03',18,NULL,NULL,NULL),(232,'Liege','04',18,NULL,NULL,NULL),(233,'Namur','07',18,NULL,NULL,NULL),(234,'Brussels Hoofdstedelijk Gewest','11',18,NULL,NULL,NULL),(235,'Vlaams-Brabant','12',18,NULL,NULL,NULL),(236,'Brabant Wallon','10',18,NULL,NULL,NULL),(237,'Mouhoun','63',19,NULL,NULL,NULL),(238,'Bam','15',19,NULL,NULL,NULL),(239,'Tapoa','42',19,NULL,NULL,NULL),(240,'Soum','40',19,NULL,NULL,NULL),(241,'Leraba','61',19,NULL,NULL,NULL),(242,'Noumbiel','67',19,NULL,NULL,NULL),(243,'Gnagna','21',19,NULL,NULL,NULL),(244,'Yatenga','76',19,NULL,NULL,NULL),(245,'Banwa','46',19,NULL,NULL,NULL),(246,'Poni','69',19,NULL,NULL,NULL),(247,'Loroum','62',19,NULL,NULL,NULL),(248,'Kouritenga','28',19,NULL,NULL,NULL),(249,'Tuy','74',19,NULL,NULL,NULL),(250,'Kossi','58',19,NULL,NULL,NULL),(251,'Passore','34',19,NULL,NULL,NULL),(252,'Kenedougou','54',19,NULL,NULL,NULL),(253,'Bale','45',19,NULL,NULL,NULL),(254,'Bougouriba','48',19,NULL,NULL,NULL),(255,'Houet','51',19,NULL,NULL,NULL),(256,'Gourma','50',19,NULL,NULL,NULL),(257,'Namentenga','64',19,NULL,NULL,NULL),(258,'Sanmatenga','70',19,NULL,NULL,NULL),(259,'Ioba','52',19,NULL,NULL,NULL),(260,'Ganzourgou','20',19,NULL,NULL,NULL),(261,'Naouri','65',19,NULL,NULL,NULL),(262,'Boulkiemde','19',19,NULL,NULL,NULL),(263,'Zoundweogo','44',19,NULL,NULL,NULL),(264,'Zondoma','78',19,NULL,NULL,NULL),(265,'Komoe','55',19,NULL,NULL,NULL),(266,'Yagha','75',19,NULL,NULL,NULL),(267,'Komondjari','56',19,NULL,NULL,NULL),(268,'Sourou','73',19,NULL,NULL,NULL),(269,'Nayala','66',19,NULL,NULL,NULL),(270,'Sissili','72',19,NULL,NULL,NULL),(271,'Sanguie','36',19,NULL,NULL,NULL),(272,'Oudalan','33',19,NULL,NULL,NULL),(273,'Koulpelogo','59',19,NULL,NULL,NULL),(274,'Ziro','77',19,NULL,NULL,NULL),(275,'Kourweogo','60',19,NULL,NULL,NULL),(276,'Oubritenga','68',19,NULL,NULL,NULL),(277,'Seno','71',19,NULL,NULL,NULL),(278,'Bazega','47',19,NULL,NULL,NULL),(279,'Kadiogo','53',19,NULL,NULL,NULL),(280,'Kompienga','57',19,NULL,NULL,NULL),(281,'Boulgou','49',19,NULL,NULL,NULL),(282,'Lovech','46',20,NULL,NULL,NULL),(283,'Varna','61',20,NULL,NULL,NULL),(284,'Burgas','39',20,NULL,NULL,NULL),(285,'Razgrad','52',20,NULL,NULL,NULL),(286,'Plovdiv','51',20,NULL,NULL,NULL),(287,'Khaskovo','43',20,NULL,NULL,NULL),(288,'Sofiya','58',20,NULL,NULL,NULL),(289,'Silistra','55',20,NULL,NULL,NULL),(290,'Vidin','63',20,NULL,NULL,NULL),(291,'Montana','47',20,NULL,NULL,NULL),(292,'Mikhaylovgrad','33',20,NULL,NULL,NULL),(293,'Grad Sofiya','42',20,NULL,NULL,NULL),(294,'Turgovishte','60',20,NULL,NULL,NULL),(295,'Kurdzhali','44',20,NULL,NULL,NULL),(296,'Dobrich','40',20,NULL,NULL,NULL),(297,'Shumen','54',20,NULL,NULL,NULL),(298,'Blagoevgrad','38',20,NULL,NULL,NULL),(299,'Smolyan','57',20,NULL,NULL,NULL),(300,'Stara Zagora','59',20,NULL,NULL,NULL),(301,'Pazardzhik','48',20,NULL,NULL,NULL),(302,'Ruse','53',20,NULL,NULL,NULL),(303,'Vratsa','64',20,NULL,NULL,NULL),(304,'Pleven','50',20,NULL,NULL,NULL),(305,'Pernik','49',20,NULL,NULL,NULL),(306,'Kyustendil','45',20,NULL,NULL,NULL),(307,'Yambol','65',20,NULL,NULL,NULL),(308,'Gabrovo','41',20,NULL,NULL,NULL),(309,'Sliven','56',20,NULL,NULL,NULL),(310,'Veliko Turnovo','62',20,NULL,NULL,NULL),(311,'Jidd Hafs','05',21,NULL,NULL,NULL),(312,'Al Mintaqah ash Shamaliyah','10',21,NULL,NULL,NULL),(313,'Al Manamah','02',21,NULL,NULL,NULL),(314,'Sitrah','06',21,NULL,NULL,NULL),(315,'Al Mintaqah al Gharbiyah','08',21,NULL,NULL,NULL),(316,'Mintaqat Juzur Hawar','09',21,NULL,NULL,NULL),(317,'Al Hadd','01',21,NULL,NULL,NULL),(318,'Al Mintaqah al Wusta','11',21,NULL,NULL,NULL),(319,'Ar Rifa','13',21,NULL,NULL,NULL),(320,'Madinat','12',21,NULL,NULL,NULL),(321,'Karuzi','14',22,NULL,NULL,NULL),(322,'Ruyigi','21',22,NULL,NULL,NULL),(323,'Bubanza','09',22,NULL,NULL,NULL),(324,'Bururi','10',22,NULL,NULL,NULL),(325,'Makamba','17',22,NULL,NULL,NULL),(326,'Kayanza','15',22,NULL,NULL,NULL),(327,'Rutana','20',22,NULL,NULL,NULL),(328,'Muyinga','18',22,NULL,NULL,NULL),(329,'Cibitoke','12',22,NULL,NULL,NULL),(330,'Gitega','13',22,NULL,NULL,NULL),(331,'Cankuzo','11',22,NULL,NULL,NULL),(332,'Bujumbura','02',22,NULL,NULL,NULL),(333,'Ngozi','19',22,NULL,NULL,NULL),(334,'Kirundo','16',22,NULL,NULL,NULL),(335,'Plateau','17',23,NULL,NULL,NULL),(336,'Collines','11',23,NULL,NULL,NULL),(337,'Oueme','16',23,NULL,NULL,NULL),(338,'Zou','18',23,NULL,NULL,NULL),(339,'Atlanyique','09',23,NULL,NULL,NULL),(340,'Borgou','10',23,NULL,NULL,NULL),(341,'Mono','15',23,NULL,NULL,NULL),(342,'Kouffo','12',23,NULL,NULL,NULL),(343,'Donga','13',23,NULL,NULL,NULL),(344,'Littoral','14',23,NULL,NULL,NULL),(345,'Alibori','07',23,NULL,NULL,NULL),(346,'Atakora','08',23,NULL,NULL,NULL),(347,'Devonshire','01',24,NULL,NULL,NULL),(348,'Paget','04',24,NULL,NULL,NULL),(349,'Saint George\'s','07',24,NULL,NULL,NULL),(350,'Smiths','09',24,NULL,NULL,NULL),(351,'Hamilton','03',24,NULL,NULL,NULL),(352,'Warwick','11',24,NULL,NULL,NULL),(353,'Sandys','08',24,NULL,NULL,NULL),(354,'Saint George','06',24,NULL,NULL,NULL),(355,'Hamilton','02',24,NULL,NULL,NULL),(356,'Santa Cruz','08',26,NULL,NULL,NULL),(357,'Pando','06',26,NULL,NULL,NULL),(358,'Tarija','09',26,NULL,NULL,NULL),(359,'La Paz','04',26,NULL,NULL,NULL),(360,'Oruro','05',26,NULL,NULL,NULL),(361,'Cochabamba','02',26,NULL,NULL,NULL),(362,'Potosi','07',26,NULL,NULL,NULL),(363,'Chuquisaca','01',26,NULL,NULL,NULL),(364,'El Beni','03',26,NULL,NULL,NULL),(365,'Santa Catarina','26',27,NULL,NULL,NULL),(366,'Mato Grosso do Sul','11',27,NULL,NULL,NULL),(367,'Rio Grande do Sul','23',27,NULL,NULL,NULL),(368,'Espirito Santo','08',27,NULL,NULL,NULL),(369,'Bahia','05',27,NULL,NULL,NULL),(370,'Rondonia','24',27,NULL,NULL,NULL),(371,'Minas Gerais','15',27,NULL,NULL,NULL),(372,'Paraiba','17',27,NULL,NULL,NULL),(373,'Amapa','03',27,NULL,NULL,NULL),(374,'Amazonas','04',27,NULL,NULL,NULL),(375,'Para','16',27,NULL,NULL,NULL),(376,'Ceara','06',27,NULL,NULL,NULL),(377,'Rio de Janeiro','21',27,NULL,NULL,NULL),(378,'Goias','29',27,NULL,NULL,NULL),(379,'Sao Paulo','27',27,NULL,NULL,NULL),(380,'Parana','18',27,NULL,NULL,NULL),(381,'Rio Grande do Norte','22',27,NULL,NULL,NULL),(382,'Acre','01',27,NULL,NULL,NULL),(383,'Piaui','20',27,NULL,NULL,NULL),(384,'Pernambuco','30',27,NULL,NULL,NULL),(385,'Mato Grosso','14',27,NULL,NULL,NULL),(386,'Maranhao','13',27,NULL,NULL,NULL),(387,'Tocantins','31',27,NULL,NULL,NULL),(388,'Roraima','25',27,NULL,NULL,NULL),(389,'Alagoas','02',27,NULL,NULL,NULL),(390,'Sergipe','28',27,NULL,NULL,NULL),(391,'Distrito Federal','07',27,NULL,NULL,NULL),(392,'Acklins and Crooked Islands','24',28,NULL,NULL,NULL),(393,'Mayaguana','16',28,NULL,NULL,NULL),(394,'Long Island','15',28,NULL,NULL,NULL),(395,'New Providence','23',28,NULL,NULL,NULL),(396,'Exuma','10',28,NULL,NULL,NULL),(397,'Bimini','05',28,NULL,NULL,NULL),(398,'Governor\'s Harbour','27',28,NULL,NULL,NULL),(399,'San Salvador and Rum Cay','35',28,NULL,NULL,NULL),(400,'Fresh Creek','26',28,NULL,NULL,NULL),(401,'Cat Island','06',28,NULL,NULL,NULL),(402,'Nichollstown and Berry Islands','32',28,NULL,NULL,NULL),(403,'Kemps Bay','30',28,NULL,NULL,NULL),(404,'Freeport','25',28,NULL,NULL,NULL),(405,'Rock Sound','33',28,NULL,NULL,NULL),(406,'Harbour Island','22',28,NULL,NULL,NULL),(407,'High Rock','29',28,NULL,NULL,NULL),(408,'Green Turtle Cay','28',28,NULL,NULL,NULL),(409,'Marsh Harbour','31',28,NULL,NULL,NULL),(410,'Ragged Island','18',28,NULL,NULL,NULL),(411,'Sandy Point','34',28,NULL,NULL,NULL),(412,'Inagua','13',28,NULL,NULL,NULL),(413,'Wangdi Phodrang','22',29,NULL,NULL,NULL),(414,'Paro','13',29,NULL,NULL,NULL),(415,'Daga','08',29,NULL,NULL,NULL),(416,'Mongar','12',29,NULL,NULL,NULL),(417,'Shemgang','18',29,NULL,NULL,NULL),(418,'Thimphu','20',29,NULL,NULL,NULL),(419,'Tashigang','19',29,NULL,NULL,NULL),(420,'Chirang','07',29,NULL,NULL,NULL),(421,'Geylegphug','09',29,NULL,NULL,NULL),(422,'Samdrup','17',29,NULL,NULL,NULL),(423,'Bumthang','05',29,NULL,NULL,NULL),(424,'Samchi','16',29,NULL,NULL,NULL),(425,'Tongsa','21',29,NULL,NULL,NULL),(426,'Chhukha','06',29,NULL,NULL,NULL),(427,'Pemagatsel','14',29,NULL,NULL,NULL),(428,'Ha','10',29,NULL,NULL,NULL),(429,'Punakha','15',29,NULL,NULL,NULL),(430,'Lhuntshi','11',29,NULL,NULL,NULL),(431,'Central','01',30,NULL,NULL,NULL),(432,'South-East','09',30,NULL,NULL,NULL),(433,'North-East','08',30,NULL,NULL,NULL),(434,'North-West','11',30,NULL,NULL,NULL),(435,'Ghanzi','03',30,NULL,NULL,NULL),(436,'Kweneng','06',30,NULL,NULL,NULL),(437,'Kgalagadi','04',30,NULL,NULL,NULL),(438,'Southern','10',30,NULL,NULL,NULL),(439,'Kgatleng','05',30,NULL,NULL,NULL),(440,'Homyel\'skaya Voblasts\'','02',31,NULL,NULL,NULL),(441,'Minsk','04',31,NULL,NULL,NULL),(442,'Brestskaya Voblasts\'','01',31,NULL,NULL,NULL),(443,'Hrodzyenskaya Voblasts\'','03',31,NULL,NULL,NULL),(444,'Mahilyowskaya Voblasts\'','06',31,NULL,NULL,NULL),(445,'Vitsyebskaya Voblasts\'','07',31,NULL,NULL,NULL),(446,'Toledo','06',32,NULL,NULL,NULL),(447,'Cayo','02',32,NULL,NULL,NULL),(448,'Stann Creek','05',32,NULL,NULL,NULL),(449,'Corozal','03',32,NULL,NULL,NULL),(450,'Orange Walk','04',32,NULL,NULL,NULL),(451,'Belize','01',32,NULL,NULL,NULL),(452,'Equateur','02',35,NULL,NULL,NULL),(453,'Orientale','09',35,NULL,NULL,NULL),(454,'Nord-Kivu','11',35,NULL,NULL,NULL),(455,'Maniema','10',35,NULL,NULL,NULL),(456,'Bandundu','01',35,NULL,NULL,NULL),(457,'Katanga','05',35,NULL,NULL,NULL),(458,'Sud-Kivu','12',35,NULL,NULL,NULL),(459,'Bas-Congo','08',35,NULL,NULL,NULL),(460,'Kasai-Oriental','04',35,NULL,NULL,NULL),(461,'Kinshasa','06',35,NULL,NULL,NULL),(462,'Nana-Mambere','09',36,NULL,NULL,NULL),(463,'Ouaka','11',36,NULL,NULL,NULL),(464,'Haute-Kotto','03',36,NULL,NULL,NULL),(465,'Sangha-Mbaere','16',36,NULL,NULL,NULL),(466,'Bamingui-Bangoran','01',36,NULL,NULL,NULL),(467,'Mbomou','08',36,NULL,NULL,NULL),(468,'Basse-Kotto','02',36,NULL,NULL,NULL),(469,'Kemo','06',36,NULL,NULL,NULL),(470,'Haut-Mbomou','05',36,NULL,NULL,NULL),(471,'Ouham-Pende','13',36,NULL,NULL,NULL),(472,'Ouham','12',36,NULL,NULL,NULL),(473,'Ombella-Mpoko','17',36,NULL,NULL,NULL),(474,'Cuvette-Ouest','14',36,NULL,NULL,NULL),(475,'Mambere-Kadei','04',36,NULL,NULL,NULL),(476,'Lobaye','07',36,NULL,NULL,NULL),(477,'Nana-Grebizi','15',36,NULL,NULL,NULL),(478,'Bangui','18',36,NULL,NULL,NULL),(479,'Plateaux','08',37,NULL,NULL,NULL),(480,'Pool','11',37,NULL,NULL,NULL),(481,'Sangha','10',37,NULL,NULL,NULL),(482,'Lekoumou','05',37,NULL,NULL,NULL),(483,'Likouala','06',37,NULL,NULL,NULL),(484,'Kouilou','04',37,NULL,NULL,NULL),(485,'Niari','07',37,NULL,NULL,NULL),(486,'Bouenza','01',37,NULL,NULL,NULL),(487,'Brazzaville','12',37,NULL,NULL,NULL),(488,'Cuvette-Ouest','14',37,NULL,NULL,NULL),(489,'Cuvette','13',37,NULL,NULL,NULL),(490,'Thurgau','19',38,NULL,NULL,NULL),(491,'Aargau','01',38,NULL,NULL,NULL),(492,'Bern','05',38,NULL,NULL,NULL),(493,'Zurich','25',38,NULL,NULL,NULL),(494,'Fribourg','06',38,NULL,NULL,NULL),(495,'Ausser-Rhoden','02',38,NULL,NULL,NULL),(496,'Valais','22',38,NULL,NULL,NULL),(497,'Uri','21',38,NULL,NULL,NULL),(498,'Graubunden','09',38,NULL,NULL,NULL),(499,'Ticino','20',38,NULL,NULL,NULL),(500,'Luzern','11',38,NULL,NULL,NULL),(501,'Obwalden','14',38,NULL,NULL,NULL),(502,'Solothurn','18',38,NULL,NULL,NULL),(503,'Basel-Stadt','04',38,NULL,NULL,NULL),(504,'Inner-Rhoden','10',38,NULL,NULL,NULL),(505,'Zug','24',38,NULL,NULL,NULL),(506,'Vaud','23',38,NULL,NULL,NULL),(507,'Jura','26',38,NULL,NULL,NULL),(508,'Basel-Landschaft','03',38,NULL,NULL,NULL),(509,'Schwyz','17',38,NULL,NULL,NULL),(510,'Sankt Gallen','15',38,NULL,NULL,NULL),(511,'Schaffhausen','16',38,NULL,NULL,NULL),(512,'Glarus','08',38,NULL,NULL,NULL),(513,'Geneve','07',38,NULL,NULL,NULL),(514,'Neuchatel','12',38,NULL,NULL,NULL),(515,'Nidwalden','13',38,NULL,NULL,NULL),(516,'Vallee du Bandama','90',39,NULL,NULL,NULL),(517,'N\'zi-Comoe','86',39,NULL,NULL,NULL),(518,'Moyen-Comoe','85',39,NULL,NULL,NULL),(519,'Lagunes','82',39,NULL,NULL,NULL),(520,'Zanzan','92',39,NULL,NULL,NULL),(521,'Sud-Comoe','89',39,NULL,NULL,NULL),(522,'Lacs','81',39,NULL,NULL,NULL),(523,'Fromager','79',39,NULL,NULL,NULL),(524,'Agneby','74',39,NULL,NULL,NULL),(525,'Bas-Sassandra','76',39,NULL,NULL,NULL),(526,'Marahoue','83',39,NULL,NULL,NULL),(527,'Bafing','75',39,NULL,NULL,NULL),(528,'Savanes','87',39,NULL,NULL,NULL),(529,'Sud-Bandama','88',39,NULL,NULL,NULL),(530,'Haut-Sassandra','80',39,NULL,NULL,NULL),(531,'Moyen-Cavally','84',39,NULL,NULL,NULL),(532,'Dix-Huit Montagnes','78',39,NULL,NULL,NULL),(533,'Denguele','77',39,NULL,NULL,NULL),(534,'Worodougou','91',39,NULL,NULL,NULL),(535,'Bio-Bio','06',41,NULL,NULL,NULL),(536,'Maule','11',41,NULL,NULL,NULL),(537,'Los Lagos','09',41,NULL,NULL,NULL),(538,'Tarapaca','13',41,NULL,NULL,NULL),(539,'Valparaiso','01',41,NULL,NULL,NULL),(540,'Atacama','05',41,NULL,NULL,NULL),(541,'Coquimbo','07',41,NULL,NULL,NULL),(542,'Libertador General Bernardo O\'Higgins','08',41,NULL,NULL,NULL),(543,'Antofagasta','03',41,NULL,NULL,NULL),(544,'Araucania','04',41,NULL,NULL,NULL),(545,'Aisen del General Carlos Ibanez del Campo','02',41,NULL,NULL,NULL),(546,'Region Metropolitana','12',41,NULL,NULL,NULL),(547,'Magallanes y de la Antartica Chilena','10',41,NULL,NULL,NULL),(548,'Est','04',42,NULL,NULL,NULL),(549,'Adamaoua','10',42,NULL,NULL,NULL),(550,'Centre','11',42,NULL,NULL,NULL),(551,'Sud','14',42,NULL,NULL,NULL),(552,'Nord-Ouest','07',42,NULL,NULL,NULL),(553,'Extreme-Nord','12',42,NULL,NULL,NULL),(554,'Sud-Ouest','09',42,NULL,NULL,NULL),(555,'Littoral','05',42,NULL,NULL,NULL),(556,'Nord','13',42,NULL,NULL,NULL),(557,'Ouest','08',42,NULL,NULL,NULL),(558,'Sichuan','32',43,NULL,NULL,NULL),(559,'Xinjiang','13',43,NULL,NULL,NULL),(560,'Nei Mongol','20',43,NULL,NULL,NULL),(561,'Yunnan','29',43,NULL,NULL,NULL),(562,'Guizhou','18',43,NULL,NULL,NULL),(563,'Heilongjiang','08',43,NULL,NULL,NULL),(564,'Shandong','25',43,NULL,NULL,NULL),(565,'Liaoning','19',43,NULL,NULL,NULL),(566,'Shaanxi','26',43,NULL,NULL,NULL),(567,'Qinghai','06',43,NULL,NULL,NULL),(568,'Gansu','15',43,NULL,NULL,NULL),(569,'Jiangsu','04',43,NULL,NULL,NULL),(570,'Fujian','07',43,NULL,NULL,NULL),(571,'Hunan','11',43,NULL,NULL,NULL),(572,'Jiangxi','03',43,NULL,NULL,NULL),(573,'Guangxi','16',43,NULL,NULL,NULL),(574,'Zhejiang','02',43,NULL,NULL,NULL),(575,'Hebei','10',43,NULL,NULL,NULL),(576,'Hubei','12',43,NULL,NULL,NULL),(577,'Anhui','01',43,NULL,NULL,NULL),(578,'Tianjin','28',43,NULL,NULL,NULL),(579,'Hainan','31',43,NULL,NULL,NULL),(580,'Guangdong','30',43,NULL,NULL,NULL),(581,'Xizang','14',43,NULL,NULL,NULL),(582,'Jilin','05',43,NULL,NULL,NULL),(583,'Chongqing','33',43,NULL,NULL,NULL),(584,'Beijing','22',43,NULL,NULL,NULL),(585,'Shanxi','24',43,NULL,NULL,NULL),(586,'Shanghai','23',43,NULL,NULL,NULL),(587,'Henan','09',43,NULL,NULL,NULL),(588,'Ningxia','21',43,NULL,NULL,NULL),(589,'Cundinamarca','33',44,NULL,NULL,NULL),(590,'Norte de Santander','21',44,NULL,NULL,NULL),(591,'Narino','20',44,NULL,NULL,NULL),(592,'Risaralda','24',44,NULL,NULL,NULL),(593,'Antioquia','02',44,NULL,NULL,NULL),(594,'Amazonas','01',44,NULL,NULL,NULL),(595,'La Guajira','17',44,NULL,NULL,NULL),(596,'Choco','11',44,NULL,NULL,NULL),(597,'Cauca','09',44,NULL,NULL,NULL),(598,'Valle del Cauca','29',44,NULL,NULL,NULL),(599,'Arauca','03',44,NULL,NULL,NULL),(600,'Meta','19',44,NULL,NULL,NULL),(601,'Caqueta','08',44,NULL,NULL,NULL),(602,'Casanare','32',44,NULL,NULL,NULL),(603,'Vaupes','30',44,NULL,NULL,NULL),(604,'Tolima','28',44,NULL,NULL,NULL),(605,'Huila','16',44,NULL,NULL,NULL),(606,'Atlantico','04',44,NULL,NULL,NULL),(607,'Cordoba','12',44,NULL,NULL,NULL),(608,'Santander','26',44,NULL,NULL,NULL),(609,'Cesar','10',44,NULL,NULL,NULL),(610,'Sucre','27',44,NULL,NULL,NULL),(611,'Putumayo','22',44,NULL,NULL,NULL),(612,'Guaviare','14',44,NULL,NULL,NULL),(613,'San Andres y Providencia','25',44,NULL,NULL,NULL),(614,'Vichada','31',44,NULL,NULL,NULL),(615,'Quindio','23',44,NULL,NULL,NULL),(616,'Guainia','15',44,NULL,NULL,NULL),(617,'Distrito Especial','34',44,NULL,NULL,NULL),(618,'Guanacaste','03',45,NULL,NULL,NULL),(619,'Limon','06',45,NULL,NULL,NULL),(620,'Puntarenas','07',45,NULL,NULL,NULL),(621,'Alajuela','01',45,NULL,NULL,NULL),(622,'Heredia','04',45,NULL,NULL,NULL),(623,'San Jose','08',45,NULL,NULL,NULL),(624,'Cartago','02',45,NULL,NULL,NULL),(625,'Cienfuegos','08',46,NULL,NULL,NULL),(626,'La Habana','11',46,NULL,NULL,NULL),(627,'Santiago de Cuba','15',46,NULL,NULL,NULL),(628,'Camaguey','05',46,NULL,NULL,NULL),(629,'Ciudad de la Habana','02',46,NULL,NULL,NULL),(630,'Villa Clara','16',46,NULL,NULL,NULL),(631,'Pinar del Rio','01',46,NULL,NULL,NULL),(632,'Matanzas','03',46,NULL,NULL,NULL),(633,'Guantanamo','10',46,NULL,NULL,NULL),(634,'Las Tunas','13',46,NULL,NULL,NULL),(635,'Ciego de Avila','07',46,NULL,NULL,NULL),(636,'Sancti Spiritus','14',46,NULL,NULL,NULL),(637,'Holguin','12',46,NULL,NULL,NULL),(638,'Granma','09',46,NULL,NULL,NULL),(639,'Isla de la Juventud','04',46,NULL,NULL,NULL),(640,'Sao Domingos','17',47,NULL,NULL,NULL),(641,'Limassol','05',49,NULL,NULL,NULL),(642,'Nicosia','04',49,NULL,NULL,NULL),(643,'Paphos','06',49,NULL,NULL,NULL),(644,'Famagusta','01',49,NULL,NULL,NULL),(645,'Larnaca','03',49,NULL,NULL,NULL),(646,'Kyrenia','02',49,NULL,NULL,NULL),(647,'Karlovarsky kraj','81',50,NULL,NULL,NULL),(648,'Pardubicky kraj','86',50,NULL,NULL,NULL),(649,'Jihomoravsky kraj','78',50,NULL,NULL,NULL),(650,'Jihocesky kraj','79',50,NULL,NULL,NULL),(651,'Olomoucky kraj','84',50,NULL,NULL,NULL),(652,'Moravskoslezsky kraj','85',50,NULL,NULL,NULL),(653,'Kralovehradecky kraj','82',50,NULL,NULL,NULL),(654,'Ustecky kraj','89',50,NULL,NULL,NULL),(655,'Stredocesky kraj','88',50,NULL,NULL,NULL),(656,'Vysocina','80',50,NULL,NULL,NULL),(657,'Plzensky kraj','87',50,NULL,NULL,NULL),(658,'Zlinsky kraj','90',50,NULL,NULL,NULL),(659,'Hlavni mesto Praha','52',50,NULL,NULL,NULL),(660,'Liberecky kraj','83',50,NULL,NULL,NULL),(661,'Nordrhein-Westfalen','07',51,NULL,NULL,NULL),(662,'Baden-Wurttemberg','01',51,NULL,NULL,NULL),(663,'Bayern','02',51,NULL,NULL,NULL),(664,'Rheinland-Pfalz','08',51,NULL,NULL,NULL),(665,'Niedersachsen','06',51,NULL,NULL,NULL),(666,'Schleswig-Holstein','10',51,NULL,NULL,NULL),(667,'Brandenburg','11',51,NULL,NULL,NULL),(668,'Sachsen-Anhalt','14',51,NULL,NULL,NULL),(669,'Sachsen','13',51,NULL,NULL,NULL),(670,'Thuringen','15',51,NULL,NULL,NULL),(671,'Hessen','05',51,NULL,NULL,NULL),(672,'Mecklenburg-Vorpommern','12',51,NULL,NULL,NULL),(673,'Hamburg','04',51,NULL,NULL,NULL),(674,'Berlin','16',51,NULL,NULL,NULL),(675,'Saarland','09',51,NULL,NULL,NULL),(676,'Bremen','03',51,NULL,NULL,NULL),(677,'Ali Sabieh','01',52,NULL,NULL,NULL),(678,'Tadjoura','05',52,NULL,NULL,NULL),(679,'Obock','04',52,NULL,NULL,NULL),(680,'Arta','08',52,NULL,NULL,NULL),(681,'Dikhil','06',52,NULL,NULL,NULL),(682,'Syddanmark','21',53,NULL,NULL,NULL),(683,'Midtjylland','18',53,NULL,NULL,NULL),(684,'Nordjylland','19',53,NULL,NULL,NULL),(685,'Sjelland','20',53,NULL,NULL,NULL),(686,'Hovedstaden','17',53,NULL,NULL,NULL),(687,'Saint Andrew','02',54,NULL,NULL,NULL),(688,'Saint David','03',54,NULL,NULL,NULL),(689,'Saint Joseph','06',54,NULL,NULL,NULL),(690,'Saint George','04',54,NULL,NULL,NULL),(691,'Saint Patrick','09',54,NULL,NULL,NULL),(692,'Saint Peter','11',54,NULL,NULL,NULL),(693,'Saint John','05',54,NULL,NULL,NULL),(694,'Saint Mark','08',54,NULL,NULL,NULL),(695,'Saint Paul','10',54,NULL,NULL,NULL),(696,'Saint Luke','07',54,NULL,NULL,NULL),(697,'Sanchez Ramirez','21',55,NULL,NULL,NULL),(698,'Espaillat','08',55,NULL,NULL,NULL),(699,'Duarte','06',55,NULL,NULL,NULL),(700,'Samana','20',55,NULL,NULL,NULL),(701,'Maria Trinidad Sanchez','14',55,NULL,NULL,NULL),(702,'La Romana','12',55,NULL,NULL,NULL),(703,'Azua','01',55,NULL,NULL,NULL),(704,'San Cristobal','33',55,NULL,NULL,NULL),(705,'El Seibo','28',55,NULL,NULL,NULL),(706,'Monte Plata','32',55,NULL,NULL,NULL),(707,'Distrito Nacional','05',55,NULL,NULL,NULL),(708,'Elias Pina','11',55,NULL,NULL,NULL),(709,'Santiago','25',55,NULL,NULL,NULL),(710,'Santiago Rodriguez','26',55,NULL,NULL,NULL),(711,'Peravia','17',55,NULL,NULL,NULL),(712,'Monte Cristi','15',55,NULL,NULL,NULL),(713,'Salcedo','19',55,NULL,NULL,NULL),(714,'Puerto Plata','18',55,NULL,NULL,NULL),(715,'San Pedro De Macoris','24',55,NULL,NULL,NULL),(716,'Pedernales','16',55,NULL,NULL,NULL),(717,'Independencia','09',55,NULL,NULL,NULL),(718,'La Vega','30',55,NULL,NULL,NULL),(719,'Dajabon','04',55,NULL,NULL,NULL),(720,'Hato Mayor','29',55,NULL,NULL,NULL),(721,'Barahona','03',55,NULL,NULL,NULL),(722,'San Juan','23',55,NULL,NULL,NULL),(723,'La Altagracia','10',55,NULL,NULL,NULL),(724,'Valverde','27',55,NULL,NULL,NULL),(725,'Baoruco','02',55,NULL,NULL,NULL),(726,'Monsenor Nouel','31',55,NULL,NULL,NULL),(727,'Ain Temouchent','36',56,NULL,NULL,NULL),(728,'Oran','09',56,NULL,NULL,NULL),(729,'Medea','06',56,NULL,NULL,NULL),(730,'Chlef','41',56,NULL,NULL,NULL),(731,'Bechar','38',56,NULL,NULL,NULL),(732,'Tamanghasset','53',56,NULL,NULL,NULL),(733,'Bejaia','18',56,NULL,NULL,NULL),(734,'Tizi Ouzou','14',56,NULL,NULL,NULL),(735,'Boumerdes','40',56,NULL,NULL,NULL),(736,'Ain Defla','35',56,NULL,NULL,NULL),(737,'Annaba','37',56,NULL,NULL,NULL),(738,'Setif','12',56,NULL,NULL,NULL),(739,'Relizane','51',56,NULL,NULL,NULL),(740,'Mascara','26',56,NULL,NULL,NULL),(741,'Mostaganem','07',56,NULL,NULL,NULL),(742,'Tiaret','13',56,NULL,NULL,NULL),(743,'Bordj Bou Arreridj','39',56,NULL,NULL,NULL),(744,'Tipaza','55',56,NULL,NULL,NULL),(745,'Bouira','21',56,NULL,NULL,NULL),(746,'Tissemsilt','56',56,NULL,NULL,NULL),(747,'Jijel','24',56,NULL,NULL,NULL),(748,'Saida','10',56,NULL,NULL,NULL),(749,'Illizi','46',56,NULL,NULL,NULL),(750,'Tlemcen','15',56,NULL,NULL,NULL),(751,'Adrar','34',56,NULL,NULL,NULL),(752,'Laghouat','25',56,NULL,NULL,NULL),(753,'Constantine','04',56,NULL,NULL,NULL),(754,'Khenchela','47',56,NULL,NULL,NULL),(755,'Batna','03',56,NULL,NULL,NULL),(756,'Alger','01',56,NULL,NULL,NULL),(757,'M\'sila','27',56,NULL,NULL,NULL),(758,'Skikda','31',56,NULL,NULL,NULL),(759,'Oum el Bouaghi','29',56,NULL,NULL,NULL),(760,'Naama','49',56,NULL,NULL,NULL),(761,'Sidi Bel Abbes','30',56,NULL,NULL,NULL),(762,'Mila','48',56,NULL,NULL,NULL),(763,'Ouargla','50',56,NULL,NULL,NULL),(764,'Djelfa','22',56,NULL,NULL,NULL),(765,'El Bayadh','42',56,NULL,NULL,NULL),(766,'Souk Ahras','52',56,NULL,NULL,NULL),(767,'El Oued','43',56,NULL,NULL,NULL),(768,'Blida','20',56,NULL,NULL,NULL),(769,'Biskra','19',56,NULL,NULL,NULL),(770,'Tebessa','33',56,NULL,NULL,NULL),(771,'Guelma','23',56,NULL,NULL,NULL),(772,'Tindouf','54',56,NULL,NULL,NULL),(773,'Ghardaia','45',56,NULL,NULL,NULL),(774,'Manabi','14',57,NULL,NULL,NULL),(775,'Zamora-Chinchipe','20',57,NULL,NULL,NULL),(776,'Morona-Santiago','15',57,NULL,NULL,NULL),(777,'El Oro','08',57,NULL,NULL,NULL),(778,'Azuay','02',57,NULL,NULL,NULL),(779,'Sucumbios','22',57,NULL,NULL,NULL),(780,'Guayas','10',57,NULL,NULL,NULL),(781,'Los Rios','13',57,NULL,NULL,NULL),(782,'Loja','12',57,NULL,NULL,NULL),(783,'Chimborazo','06',57,NULL,NULL,NULL),(784,'Tungurahua','19',57,NULL,NULL,NULL),(785,'Esmeraldas','09',57,NULL,NULL,NULL),(786,'Pichincha','18',57,NULL,NULL,NULL),(787,'Imbabura','11',57,NULL,NULL,NULL),(788,'Cotopaxi','07',57,NULL,NULL,NULL),(789,'Carchi','05',57,NULL,NULL,NULL),(790,'Napo','23',57,NULL,NULL,NULL),(791,'Canar','04',57,NULL,NULL,NULL),(792,'Pastaza','17',57,NULL,NULL,NULL),(793,'Orellana','24',57,NULL,NULL,NULL),(794,'Bolivar','03',57,NULL,NULL,NULL),(795,'Galapagos','01',57,NULL,NULL,NULL),(796,'Harjumaa','01',58,NULL,NULL,NULL),(797,'Tartumaa','18',58,NULL,NULL,NULL),(798,'Hiiumaa','02',58,NULL,NULL,NULL),(799,'Raplamaa','13',58,NULL,NULL,NULL),(800,'Valgamaa','19',58,NULL,NULL,NULL),(801,'Laanemaa','07',58,NULL,NULL,NULL),(802,'Polvamaa','12',58,NULL,NULL,NULL),(803,'Parnumaa','11',58,NULL,NULL,NULL),(804,'Laane-Virumaa','08',58,NULL,NULL,NULL),(805,'Jarvamaa','04',58,NULL,NULL,NULL),(806,'Viljandimaa','20',58,NULL,NULL,NULL),(807,'Saaremaa','14',58,NULL,NULL,NULL),(808,'Jogevamaa','05',58,NULL,NULL,NULL),(809,'Ida-Virumaa','03',58,NULL,NULL,NULL),(810,'Vorumaa','21',58,NULL,NULL,NULL),(811,'Ash Sharqiyah','14',59,NULL,NULL,NULL),(812,'Al Gharbiyah','05',59,NULL,NULL,NULL),(813,'Ad Daqahliyah','01',59,NULL,NULL,NULL),(814,'Al Jizah','08',59,NULL,NULL,NULL),(815,'Al Minya','10',59,NULL,NULL,NULL),(816,'Kafr ash Shaykh','21',59,NULL,NULL,NULL),(817,'Al Buhayrah','03',59,NULL,NULL,NULL),(818,'Qina','23',59,NULL,NULL,NULL),(819,'Al Qahirah','11',59,NULL,NULL,NULL),(820,'Al Iskandariyah','06',59,NULL,NULL,NULL),(821,'Al Fayyum','04',59,NULL,NULL,NULL),(822,'Asyut','17',59,NULL,NULL,NULL),(823,'Al Minufiyah','09',59,NULL,NULL,NULL),(824,'Bani Suwayf','18',59,NULL,NULL,NULL),(825,'Al Qalyubiyah','12',59,NULL,NULL,NULL),(826,'Aswan','16',59,NULL,NULL,NULL),(827,'Shamal Sina\'','27',59,NULL,NULL,NULL),(828,'Suhaj','24',59,NULL,NULL,NULL),(829,'Janub Sina\'','26',59,NULL,NULL,NULL),(830,'Al Bahr al Ahmar','02',59,NULL,NULL,NULL),(831,'Al Isma\'iliyah','07',59,NULL,NULL,NULL),(832,'Dumyat','20',59,NULL,NULL,NULL),(833,'Matruh','22',59,NULL,NULL,NULL),(834,'As Suways','15',59,NULL,NULL,NULL),(835,'Al Wadi al Jadid','13',59,NULL,NULL,NULL),(836,'Bur Sa\'id','19',59,NULL,NULL,NULL),(837,'Aragon','52',62,NULL,NULL,NULL),(838,'Galicia','58',62,NULL,NULL,NULL),(839,'Castilla y Leon','55',62,NULL,NULL,NULL),(840,'Extremadura','57',62,NULL,NULL,NULL),(841,'Pais Vasco','59',62,NULL,NULL,NULL),(842,'Cantabria','39',62,NULL,NULL,NULL),(843,'Navarra','32',62,NULL,NULL,NULL),(844,'Asturias','34',62,NULL,NULL,NULL),(845,'La Rioja','27',62,NULL,NULL,NULL),(846,'Castilla-La Mancha','54',62,NULL,NULL,NULL),(847,'Murcia','31',62,NULL,NULL,NULL),(848,'Andalucia','51',62,NULL,NULL,NULL),(849,'Comunidad Valenciana','60',62,NULL,NULL,NULL),(850,'Catalonia','56',62,NULL,NULL,NULL),(851,'Canarias','53',62,NULL,NULL,NULL),(852,'Madrid','29',62,NULL,NULL,NULL),(853,'Islas Baleares','07',62,NULL,NULL,NULL),(854,'Oulu','08',64,NULL,NULL,NULL),(855,'Western Finland','15',64,NULL,NULL,NULL),(856,'Lapland','06',64,NULL,NULL,NULL),(857,'Eastern Finland','14',64,NULL,NULL,NULL),(858,'Southern Finland','13',64,NULL,NULL,NULL),(859,'Aland','01',64,NULL,NULL,NULL),(860,'Northern','03',65,NULL,NULL,NULL),(861,'Western','05',65,NULL,NULL,NULL),(862,'Central','01',65,NULL,NULL,NULL),(863,'Eastern','02',65,NULL,NULL,NULL),(864,'Yap','04',67,NULL,NULL,NULL),(865,'Pohnpei','02',67,NULL,NULL,NULL),(866,'Chuuk','03',67,NULL,NULL,NULL),(867,'Kosrae','01',67,NULL,NULL,NULL),(868,'Aquitaine','97',69,NULL,NULL,NULL),(869,'Nord-Pas-de-Calais','B4',69,NULL,NULL,NULL),(870,'Lorraine','B2',69,NULL,NULL,NULL),(871,'Haute-Normandie','A7',69,NULL,NULL,NULL),(872,'Picardie','B6',69,NULL,NULL,NULL),(873,'Franche-Comte','A6',69,NULL,NULL,NULL),(874,'Pays de la Loire','B5',69,NULL,NULL,NULL),(875,'Champagne-Ardenne','A4',69,NULL,NULL,NULL),(876,'Centre','A3',69,NULL,NULL,NULL),(877,'Languedoc-Roussillon','A9',69,NULL,NULL,NULL),(878,'Poitou-Charentes','B7',69,NULL,NULL,NULL),(879,'Rhone-Alpes','B9',69,NULL,NULL,NULL),(880,'Basse-Normandie','99',69,NULL,NULL,NULL),(881,'Ile-de-France','A8',69,NULL,NULL,NULL),(882,'Bourgogne','A1',69,NULL,NULL,NULL),(883,'Auvergne','98',69,NULL,NULL,NULL),(884,'Provence-Alpes-Cote d\'Azur','B8',69,NULL,NULL,NULL),(885,'Corse','A5',69,NULL,NULL,NULL),(886,'Alsace','C1',69,NULL,NULL,NULL),(887,'Bretagne','A2',69,NULL,NULL,NULL),(888,'Midi-Pyrenees','B3',69,NULL,NULL,NULL),(889,'Limousin','B1',69,NULL,NULL,NULL),(890,'Estuaire','01',70,NULL,NULL,NULL),(891,'Woleu-Ntem','09',70,NULL,NULL,NULL),(892,'Moyen-Ogooue','03',70,NULL,NULL,NULL),(893,'Ogooue-Maritime','08',70,NULL,NULL,NULL),(894,'Ogooue-Lolo','07',70,NULL,NULL,NULL),(895,'Ogooue-Ivindo','06',70,NULL,NULL,NULL),(896,'Haut-Ogooue','02',70,NULL,NULL,NULL),(897,'Ngounie','04',70,NULL,NULL,NULL),(898,'Nyanga','05',70,NULL,NULL,NULL),(899,'Worcestershire','Q4',71,NULL,NULL,NULL),(900,'Hampshire','F2',71,NULL,NULL,NULL),(901,'Herefordshire','F7',71,NULL,NULL,NULL),(902,'Essex','E4',71,NULL,NULL,NULL),(903,'Powys','Y8',71,NULL,NULL,NULL),(904,'Monmouthshire','Y4',71,NULL,NULL,NULL),(905,'Scottish Borders','T9',71,NULL,NULL,NULL),(906,'Cumbria','C9',71,NULL,NULL,NULL),(907,'Devon','D4',71,NULL,NULL,NULL),(908,'Staffordshire','M9',71,NULL,NULL,NULL),(909,'Dorset','D6',71,NULL,NULL,NULL),(910,'Hertford','F8',71,NULL,NULL,NULL),(911,'Cambridgeshire','C3',71,NULL,NULL,NULL),(912,'Lancashire','H2',71,NULL,NULL,NULL),(913,'Conwy','X8',71,NULL,NULL,NULL),(914,'Ceredigion','X6',71,NULL,NULL,NULL),(915,'Rhondda Cynon Taff','Y9',71,NULL,NULL,NULL),(916,'Highland','V3',71,NULL,NULL,NULL),(917,'Perth and Kinross','W1',71,NULL,NULL,NULL),(918,'Caerphilly','X4',71,NULL,NULL,NULL),(919,'Blaenau Gwent','X2',71,NULL,NULL,NULL),(920,'Merthyr Tydfil','Y3',71,NULL,NULL,NULL),(921,'Pembrokeshire','Y7',71,NULL,NULL,NULL),(922,'Aberdeenshire','T6',71,NULL,NULL,NULL),(923,'Gwynedd','Y2',71,NULL,NULL,NULL),(924,'Aberdeen City','T5',71,NULL,NULL,NULL),(925,'Fife','V1',71,NULL,NULL,NULL),(926,'Neath Port Talbot','Y5',71,NULL,NULL,NULL),(927,'Isle of Anglesey','X1',71,NULL,NULL,NULL),(928,'Wokingham','Q2',71,NULL,NULL,NULL),(929,'York','Q5',71,NULL,NULL,NULL),(930,'Stirling','W6',71,NULL,NULL,NULL),(931,'Carmarthenshire','X7',71,NULL,NULL,NULL),(932,'Bridgend','X3',71,NULL,NULL,NULL),(933,'East Lothian','U6',71,NULL,NULL,NULL),(934,'Angus','T7',71,NULL,NULL,NULL),(935,'Moray','V6',71,NULL,NULL,NULL),(936,'Torfaen','Z2',71,NULL,NULL,NULL),(937,'Swansea','Z1',71,NULL,NULL,NULL),(938,'Vale of Glamorgan','Z3',71,NULL,NULL,NULL),(939,'Oxfordshire','K2',71,NULL,NULL,NULL),(940,'Surrey','N7',71,NULL,NULL,NULL),(941,'South Lanarkshire','W5',71,NULL,NULL,NULL),(942,'Leicestershire','H5',71,NULL,NULL,NULL),(943,'Wigan','P7',71,NULL,NULL,NULL),(944,'Northamptonshire','J1',71,NULL,NULL,NULL),(945,'Lincolnshire','H7',71,NULL,NULL,NULL),(946,'Argyll and Bute','T8',71,NULL,NULL,NULL),(947,'Northumberland','J6',71,NULL,NULL,NULL),(948,'Norfolk','I9',71,NULL,NULL,NULL),(949,'Solihull','M2',71,NULL,NULL,NULL),(950,'Wrexham','Z4',71,NULL,NULL,NULL),(951,'Cheshire','C5',71,NULL,NULL,NULL),(952,'Shropshire','L6',71,NULL,NULL,NULL),(953,'Banbridge','R2',71,NULL,NULL,NULL),(954,'South Gloucestershire','M6',71,NULL,NULL,NULL),(955,'West Lothian','W9',71,NULL,NULL,NULL),(956,'Kent','G5',71,NULL,NULL,NULL),(957,'Leeds','H3',71,NULL,NULL,NULL),(958,'Somerset','M3',71,NULL,NULL,NULL),(959,'Gloucestershire','E6',71,NULL,NULL,NULL),(960,'Buckinghamshire','B9',71,NULL,NULL,NULL),(961,'Coleraine','R6',71,NULL,NULL,NULL),(962,'Craigavon','R8',71,NULL,NULL,NULL),(963,'Antrim','Q6',71,NULL,NULL,NULL),(964,'Limavady','S4',71,NULL,NULL,NULL),(965,'Armagh','Q8',71,NULL,NULL,NULL),(966,'Ballymena','Q9',71,NULL,NULL,NULL),(967,'North Yorkshire','J7',71,NULL,NULL,NULL),(968,'Sefton','L8',71,NULL,NULL,NULL),(969,'Warwickshire','P3',71,NULL,NULL,NULL),(970,'Derry','S6',71,NULL,NULL,NULL),(971,'Eilean Siar','W8',71,NULL,NULL,NULL),(972,'North Lanarkshire','V8',71,NULL,NULL,NULL),(973,'Falkirk','U9',71,NULL,NULL,NULL),(974,'Shetland Islands','W3',71,NULL,NULL,NULL),(975,'Wiltshire','P8',71,NULL,NULL,NULL),(976,'Durham','D8',71,NULL,NULL,NULL),(977,'Darlington','D1',71,NULL,NULL,NULL),(978,'Suffolk','N5',71,NULL,NULL,NULL),(979,'Derbyshire','D3',71,NULL,NULL,NULL),(980,'Walsall','O8',71,NULL,NULL,NULL),(981,'Rotherham','L3',71,NULL,NULL,NULL),(982,'West Dunbartonshire','W7',71,NULL,NULL,NULL),(983,'East Sussex','E2',71,NULL,NULL,NULL),(984,'Coventry','C7',71,NULL,NULL,NULL),(985,'Derby','D2',71,NULL,NULL,NULL),(986,'Southend-on-Sea','M5',71,NULL,NULL,NULL),(987,'Clackmannanshire','U1',71,NULL,NULL,NULL),(988,'Kirklees','G8',71,NULL,NULL,NULL),(989,'St. Helens','N1',71,NULL,NULL,NULL),(990,'Omagh','T3',71,NULL,NULL,NULL),(991,'Cornwall','C6',71,NULL,NULL,NULL),(992,'North Lincolnshire','J3',71,NULL,NULL,NULL),(993,'Newry and Mourne','S9',71,NULL,NULL,NULL),(994,'South Ayrshire','W4',71,NULL,NULL,NULL),(995,'Isle of Wight','G2',71,NULL,NULL,NULL),(996,'Dumfries and Galloway','U2',71,NULL,NULL,NULL),(997,'Bedfordshire','A5',71,NULL,NULL,NULL),(998,'Down','R9',71,NULL,NULL,NULL),(999,'Dungannon','S1',71,NULL,NULL,NULL),(1000,'Renfrewshire','W2',71,NULL,NULL,NULL),(1001,'Leicester','H4',71,NULL,NULL,NULL),(1002,'Glasgow City','V2',71,NULL,NULL,NULL),(1003,'West Sussex','P6',71,NULL,NULL,NULL),(1004,'Warrington','P2',71,NULL,NULL,NULL),(1005,'Cookstown','R7',71,NULL,NULL,NULL),(1006,'North Ayrshire','V7',71,NULL,NULL,NULL),(1007,'Barnsley','A3',71,NULL,NULL,NULL),(1008,'Strabane','T4',71,NULL,NULL,NULL),(1009,'Doncaster','D5',71,NULL,NULL,NULL),(1010,'Ballymoney','R1',71,NULL,NULL,NULL),(1011,'Fermanagh','S2',71,NULL,NULL,NULL),(1012,'Nottingham','J8',71,NULL,NULL,NULL),(1013,'Tameside','O1',71,NULL,NULL,NULL),(1014,'Rutland','L4',71,NULL,NULL,NULL),(1015,'Nottinghamshire','J9',71,NULL,NULL,NULL),(1016,'Midlothian','V5',71,NULL,NULL,NULL),(1017,'East Ayrshire','U4',71,NULL,NULL,NULL),(1018,'Stoke-on-Trent','N4',71,NULL,NULL,NULL),(1019,'Bristol','B7',71,NULL,NULL,NULL),(1020,'Flintshire','Y1',71,NULL,NULL,NULL),(1021,'Blackburn with Darwen','A8',71,NULL,NULL,NULL),(1022,'Moyle','S8',71,NULL,NULL,NULL),(1023,'Carrickfergus','R4',71,NULL,NULL,NULL),(1024,'Castlereagh','R5',71,NULL,NULL,NULL),(1025,'Larne','S3',71,NULL,NULL,NULL),(1026,'Belfast','R3',71,NULL,NULL,NULL),(1027,'Magherafelt','S7',71,NULL,NULL,NULL),(1028,'North Down','T2',71,NULL,NULL,NULL),(1029,'North Somerset','J4',71,NULL,NULL,NULL),(1030,'East Renfrewshire','U7',71,NULL,NULL,NULL),(1031,'Newport','Y6',71,NULL,NULL,NULL),(1032,'Bath and North East Somerset','A4',71,NULL,NULL,NULL),(1033,'Newham','I8',71,NULL,NULL,NULL),(1034,'Denbighshire','X9',71,NULL,NULL,NULL),(1035,'East Riding of Yorkshire','E1',71,NULL,NULL,NULL),(1036,'Bexley','A6',71,NULL,NULL,NULL),(1037,'Bromley','B8',71,NULL,NULL,NULL),(1038,'Bradford','B4',71,NULL,NULL,NULL),(1039,'Bracknell Forest','B3',71,NULL,NULL,NULL),(1040,'Cardiff','X5',71,NULL,NULL,NULL),(1041,'Birmingham','A7',71,NULL,NULL,NULL),(1042,'Orkney','V9',71,NULL,NULL,NULL),(1043,'East Dunbartonshire','U5',71,NULL,NULL,NULL),(1044,'Blackpool','A9',71,NULL,NULL,NULL),(1045,'Southampton','M4',71,NULL,NULL,NULL),(1046,'Newcastle upon Tyne','I7',71,NULL,NULL,NULL),(1047,'Bolton','B1',71,NULL,NULL,NULL),(1048,'Redcar and Cleveland','K9',71,NULL,NULL,NULL),(1049,'Bournemouth','B2',71,NULL,NULL,NULL),(1050,'Swindon','N9',71,NULL,NULL,NULL),(1051,'Stockport','N2',71,NULL,NULL,NULL),(1052,'Windsor and Maidenhead','P9',71,NULL,NULL,NULL),(1053,'Inverclyde','V4',71,NULL,NULL,NULL),(1054,'Medway','I3',71,NULL,NULL,NULL),(1055,'Milton Keynes','I6',71,NULL,NULL,NULL),(1056,'Dundee City','U3',71,NULL,NULL,NULL),(1057,'Telford and Wrekin','O2',71,NULL,NULL,NULL),(1058,'Reading','K7',71,NULL,NULL,NULL),(1059,'Bury','C1',71,NULL,NULL,NULL),(1060,'Wolverhampton','Q3',71,NULL,NULL,NULL),(1061,'Southwark','M8',71,NULL,NULL,NULL),(1062,'Camden','C4',71,NULL,NULL,NULL),(1063,'Slough','M1',71,NULL,NULL,NULL),(1064,'Middlesbrough','I5',71,NULL,NULL,NULL),(1065,'Stockton-on-Tees','N3',71,NULL,NULL,NULL),(1066,'Newtownabbey','T1',71,NULL,NULL,NULL),(1067,'Lisburn','S5',71,NULL,NULL,NULL),(1068,'Lewisham','H6',71,NULL,NULL,NULL),(1069,'West Berkshire','P4',71,NULL,NULL,NULL),(1070,'Manchester','I2',71,NULL,NULL,NULL),(1071,'Westminster','P5',71,NULL,NULL,NULL),(1072,'Ards','Q7',71,NULL,NULL,NULL),(1073,'Plymouth','K4',71,NULL,NULL,NULL),(1074,'Croydon','C8',71,NULL,NULL,NULL),(1075,'Barking and Dagenham','A1',71,NULL,NULL,NULL),(1076,'Hartlepool','F5',71,NULL,NULL,NULL),(1077,'Sheffield','L9',71,NULL,NULL,NULL),(1078,'Oldham','K1',71,NULL,NULL,NULL),(1079,'Knowsley','G9',71,NULL,NULL,NULL),(1080,'Liverpool','H8',71,NULL,NULL,NULL),(1081,'Dudley','D7',71,NULL,NULL,NULL),(1082,'Gateshead','E5',71,NULL,NULL,NULL),(1083,'Ealing','D9',71,NULL,NULL,NULL),(1084,'Edinburgh','U8',71,NULL,NULL,NULL),(1085,'Enfield','E3',71,NULL,NULL,NULL),(1086,'Calderdale','C2',71,NULL,NULL,NULL),(1087,'Halton','E9',71,NULL,NULL,NULL),(1088,'North Tyneside','J5',71,NULL,NULL,NULL),(1089,'Thurrock','O3',71,NULL,NULL,NULL),(1090,'North East Lincolnshire','J2',71,NULL,NULL,NULL),(1091,'Wirral','Q1',71,NULL,NULL,NULL),(1092,'Hackney','E8',71,NULL,NULL,NULL),(1093,'Hammersmith and Fulham','F1',71,NULL,NULL,NULL),(1094,'Havering','F6',71,NULL,NULL,NULL),(1095,'Harrow','F4',71,NULL,NULL,NULL),(1096,'Barnet','A2',71,NULL,NULL,NULL),(1097,'Hounslow','G1',71,NULL,NULL,NULL),(1098,'Brighton and Hove','B6',71,NULL,NULL,NULL),(1099,'Kingston upon Hull','G6',71,NULL,NULL,NULL),(1100,'Redbridge','K8',71,NULL,NULL,NULL),(1101,'Islington','G3',71,NULL,NULL,NULL),(1102,'Kensington and Chelsea','G4',71,NULL,NULL,NULL),(1103,'Kingston upon Thames','G7',71,NULL,NULL,NULL),(1104,'Lambeth','H1',71,NULL,NULL,NULL),(1105,'London','H9',71,NULL,NULL,NULL),(1106,'Luton','I1',71,NULL,NULL,NULL),(1107,'Sunderland','N6',71,NULL,NULL,NULL),(1108,'Merton','I4',71,NULL,NULL,NULL),(1109,'Sandwell','L7',71,NULL,NULL,NULL),(1110,'Salford','L5',71,NULL,NULL,NULL),(1111,'Peterborough','K3',71,NULL,NULL,NULL),(1112,'Poole','K5',71,NULL,NULL,NULL),(1113,'Tower Hamlets','O5',71,NULL,NULL,NULL),(1114,'Portsmouth','K6',71,NULL,NULL,NULL),(1115,'Rochdale','L2',71,NULL,NULL,NULL),(1116,'Greenwich','E7',71,NULL,NULL,NULL),(1117,'South Tyneside','M7',71,NULL,NULL,NULL),(1118,'Trafford','O6',71,NULL,NULL,NULL),(1119,'Sutton','N8',71,NULL,NULL,NULL),(1120,'Torbay','O4',71,NULL,NULL,NULL),(1121,'Richmond upon Thames','L1',71,NULL,NULL,NULL),(1122,'Hillingdon','F9',71,NULL,NULL,NULL),(1123,'Wakefield','O7',71,NULL,NULL,NULL),(1124,'Waltham Forest','O9',71,NULL,NULL,NULL),(1125,'Wandsworth','P1',71,NULL,NULL,NULL),(1126,'Brent','B5',71,NULL,NULL,NULL),(1127,'Haringey','F3',71,NULL,NULL,NULL),(1128,'Saint Andrew','01',72,NULL,NULL,NULL),(1129,'Saint George','03',72,NULL,NULL,NULL),(1130,'Saint David','02',72,NULL,NULL,NULL),(1131,'Saint Patrick','06',72,NULL,NULL,NULL),(1132,'Saint Mark','05',72,NULL,NULL,NULL),(1133,'Saint John','04',72,NULL,NULL,NULL),(1134,'Abkhazia','02',73,NULL,NULL,NULL),(1135,'Ninotsmindis Raioni','39',73,NULL,NULL,NULL),(1136,'P\'ot\'i','42',73,NULL,NULL,NULL),(1137,'Ambrolauris Raioni','09',73,NULL,NULL,NULL),(1138,'Abashis Raioni','01',73,NULL,NULL,NULL),(1139,'Akhalts\'ikhis Raioni','07',73,NULL,NULL,NULL),(1140,'Zestap\'onis Raioni','62',73,NULL,NULL,NULL),(1141,'Tsalenjikhis Raioni','58',73,NULL,NULL,NULL),(1142,'Marneulis Raioni','35',73,NULL,NULL,NULL),(1143,'Goris Raioni','22',73,NULL,NULL,NULL),(1144,'K\'arelis Raioni','25',73,NULL,NULL,NULL),(1145,'Khashuris Raioni','28',73,NULL,NULL,NULL),(1146,'Kaspis Raioni','26',73,NULL,NULL,NULL),(1147,'Ajaria','04',73,NULL,NULL,NULL),(1148,'Mts\'khet\'is Raioni','38',73,NULL,NULL,NULL),(1149,'Ch\'okhatauris Raioni','16',73,NULL,NULL,NULL),(1150,'Akhalk\'alak\'is Raioni','06',73,NULL,NULL,NULL),(1151,'Samtrediis Raioni','48',73,NULL,NULL,NULL),(1152,'Tqibuli','56',73,NULL,NULL,NULL),(1153,'Dushet\'is Raioni','19',73,NULL,NULL,NULL),(1154,'Onis Raioni','40',73,NULL,NULL,NULL),(1155,'Lentekhis Raioni','34',73,NULL,NULL,NULL),(1156,'Martvilis Raioni','36',73,NULL,NULL,NULL),(1157,'K\'ut\'aisi','31',73,NULL,NULL,NULL),(1158,'Akhalgoris Raioni','05',73,NULL,NULL,NULL),(1159,'Aspindzis Raioni','10',73,NULL,NULL,NULL),(1160,'Akhmetis Raioni','08',73,NULL,NULL,NULL),(1161,'Lagodekhis Raioni','32',73,NULL,NULL,NULL),(1162,'Zugdidis Raioni','64',73,NULL,NULL,NULL),(1163,'Borjomis Raioni','13',73,NULL,NULL,NULL),(1164,'T\'ianet\'is Raioni','55',73,NULL,NULL,NULL),(1165,'Khobis Raioni','29',73,NULL,NULL,NULL),(1166,'Kharagaulis Raioni','27',73,NULL,NULL,NULL),(1167,'Vanis Raioni','61',73,NULL,NULL,NULL),(1168,'T\'elavis Raioni','52',73,NULL,NULL,NULL),(1169,'Tsalkis Raioni','59',73,NULL,NULL,NULL),(1170,'Qazbegis Raioni','43',73,NULL,NULL,NULL),(1171,'Sagarejos Raioni','47',73,NULL,NULL,NULL),(1172,'T\'et\'ritsqaros Raioni','54',73,NULL,NULL,NULL),(1173,'Dedop\'listsqaros Raioni','17',73,NULL,NULL,NULL),(1174,'Javis Raioni','24',73,NULL,NULL,NULL),(1175,'Ch\'khorotsqus Raioni','15',73,NULL,NULL,NULL),(1176,'Tsqaltubo','60',73,NULL,NULL,NULL),(1177,'Rust\'avi','45',73,NULL,NULL,NULL),(1178,'T\'bilisi','51',73,NULL,NULL,NULL),(1179,'Baghdat\'is Raioni','11',73,NULL,NULL,NULL),(1180,'Lanch\'khut\'is Raioni','33',73,NULL,NULL,NULL),(1181,'Chiat\'ura','14',73,NULL,NULL,NULL),(1182,'Ts\'ageris Raioni','57',73,NULL,NULL,NULL),(1183,'Central','04',76,NULL,NULL,NULL),(1184,'Western','09',76,NULL,NULL,NULL),(1185,'Ashanti','02',76,NULL,NULL,NULL),(1186,'Upper East','10',76,NULL,NULL,NULL),(1187,'Volta','08',76,NULL,NULL,NULL),(1188,'Brong-Ahafo','03',76,NULL,NULL,NULL),(1189,'Northern','06',76,NULL,NULL,NULL),(1190,'Greater Accra','01',76,NULL,NULL,NULL),(1191,'Upper West','11',76,NULL,NULL,NULL),(1192,'Eastern','05',76,NULL,NULL,NULL),(1193,'Vestgronland','03',78,NULL,NULL,NULL),(1194,'Nordgronland','01',78,NULL,NULL,NULL),(1195,'Ostgronland','02',78,NULL,NULL,NULL),(1196,'Central River','03',79,NULL,NULL,NULL),(1197,'Western','05',79,NULL,NULL,NULL),(1198,'North Bank','07',79,NULL,NULL,NULL),(1199,'Upper River','04',79,NULL,NULL,NULL),(1200,'Lower River','02',79,NULL,NULL,NULL),(1201,'Banjul','01',79,NULL,NULL,NULL),(1202,'Kouroussa','19',80,NULL,NULL,NULL),(1203,'Beyla','01',80,NULL,NULL,NULL),(1204,'Koundara','18',80,NULL,NULL,NULL),(1205,'Dinguiraye','07',80,NULL,NULL,NULL),(1206,'Mali','22',80,NULL,NULL,NULL),(1207,'Macenta','21',80,NULL,NULL,NULL),(1208,'Kissidougou','17',80,NULL,NULL,NULL),(1209,'Forecariah','10',80,NULL,NULL,NULL),(1210,'Pita','25',80,NULL,NULL,NULL),(1211,'Dabola','05',80,NULL,NULL,NULL),(1212,'Boke','03',80,NULL,NULL,NULL),(1213,'Mamou','23',80,NULL,NULL,NULL),(1214,'Faranah','09',80,NULL,NULL,NULL),(1215,'Telimele','27',80,NULL,NULL,NULL),(1216,'Boffa','02',80,NULL,NULL,NULL),(1217,'Gueckedou','13',80,NULL,NULL,NULL),(1218,'Kindia','16',80,NULL,NULL,NULL),(1219,'Fria','11',80,NULL,NULL,NULL),(1220,'Tougue','28',80,NULL,NULL,NULL),(1221,'Yomou','29',80,NULL,NULL,NULL),(1222,'Gaoual','12',80,NULL,NULL,NULL),(1223,'Kerouane','15',80,NULL,NULL,NULL),(1224,'Dalaba','06',80,NULL,NULL,NULL),(1225,'Conakry','04',80,NULL,NULL,NULL),(1226,'Coyah','30',80,NULL,NULL,NULL),(1227,'Dubreka','31',80,NULL,NULL,NULL),(1228,'Kankan','32',80,NULL,NULL,NULL),(1229,'Koubia','33',80,NULL,NULL,NULL),(1230,'Labe','34',80,NULL,NULL,NULL),(1231,'Lelouma','35',80,NULL,NULL,NULL),(1232,'Lola','36',80,NULL,NULL,NULL),(1233,'Mandiana','37',80,NULL,NULL,NULL),(1234,'Nzerekore','38',80,NULL,NULL,NULL),(1235,'Siguiri','39',80,NULL,NULL,NULL),(1236,'Centro Sur','06',82,NULL,NULL,NULL),(1237,'Wele-Nzas','09',82,NULL,NULL,NULL),(1238,'Kie-Ntem','07',82,NULL,NULL,NULL),(1239,'Litoral','08',82,NULL,NULL,NULL),(1240,'Annobon','03',82,NULL,NULL,NULL),(1241,'Bioko Norte','04',82,NULL,NULL,NULL),(1242,'Bioko Sur','05',82,NULL,NULL,NULL),(1243,'Kilkis','06',83,NULL,NULL,NULL),(1244,'Larisa','21',83,NULL,NULL,NULL),(1245,'Attiki','35',83,NULL,NULL,NULL),(1246,'Trikala','22',83,NULL,NULL,NULL),(1247,'Preveza','19',83,NULL,NULL,NULL),(1248,'Kerkira','25',83,NULL,NULL,NULL),(1249,'Ioannina','17',83,NULL,NULL,NULL),(1250,'Pella','07',83,NULL,NULL,NULL),(1251,'Thessaloniki','13',83,NULL,NULL,NULL),(1252,'Voiotia','33',83,NULL,NULL,NULL),(1253,'Kikladhes','49',83,NULL,NULL,NULL),(1254,'Kavala','14',83,NULL,NULL,NULL),(1255,'Argolis','36',83,NULL,NULL,NULL),(1256,'Rethimni','44',83,NULL,NULL,NULL),(1257,'Serrai','05',83,NULL,NULL,NULL),(1258,'Lakonia','42',83,NULL,NULL,NULL),(1259,'Iraklion','45',83,NULL,NULL,NULL),(1260,'Lasithi','46',83,NULL,NULL,NULL),(1261,'Rodhopi','02',83,NULL,NULL,NULL),(1262,'Drama','04',83,NULL,NULL,NULL),(1263,'Messinia','40',83,NULL,NULL,NULL),(1264,'Evvoia','34',83,NULL,NULL,NULL),(1265,'Akhaia','38',83,NULL,NULL,NULL),(1266,'Magnisia','24',83,NULL,NULL,NULL),(1267,'Khania','43',83,NULL,NULL,NULL),(1268,'Kardhitsa','23',83,NULL,NULL,NULL),(1269,'Evros','01',83,NULL,NULL,NULL),(1270,'Arkadhia','41',83,NULL,NULL,NULL),(1271,'Aitolia kai Akarnania','31',83,NULL,NULL,NULL),(1272,'Kozani','11',83,NULL,NULL,NULL),(1273,'Thesprotia','18',83,NULL,NULL,NULL),(1274,'Lesvos','51',83,NULL,NULL,NULL),(1275,'Dhodhekanisos','47',83,NULL,NULL,NULL),(1276,'Kefallinia','27',83,NULL,NULL,NULL),(1277,'Khios','50',83,NULL,NULL,NULL),(1278,'Arta','20',83,NULL,NULL,NULL),(1279,'Grevena','10',83,NULL,NULL,NULL),(1280,'Zakinthos','28',83,NULL,NULL,NULL),(1281,'Evritania','30',83,NULL,NULL,NULL),(1282,'Fthiotis','29',83,NULL,NULL,NULL),(1283,'Kastoria','09',83,NULL,NULL,NULL),(1284,'Samos','48',83,NULL,NULL,NULL),(1285,'Imathia','12',83,NULL,NULL,NULL),(1286,'Florina','08',83,NULL,NULL,NULL),(1287,'Pieria','16',83,NULL,NULL,NULL),(1288,'Levkas','26',83,NULL,NULL,NULL),(1289,'Fokis','32',83,NULL,NULL,NULL),(1290,'Ilia','39',83,NULL,NULL,NULL),(1291,'Korinthia','37',83,NULL,NULL,NULL),(1292,'Xanthi','03',83,NULL,NULL,NULL),(1293,'Khalkidhiki','15',83,NULL,NULL,NULL),(1294,'Izabal','09',85,NULL,NULL,NULL),(1295,'Alta Verapaz','01',85,NULL,NULL,NULL),(1296,'Retalhuleu','15',85,NULL,NULL,NULL),(1297,'El Progreso','05',85,NULL,NULL,NULL),(1298,'Guatemala','07',85,NULL,NULL,NULL),(1299,'Jutiapa','11',85,NULL,NULL,NULL),(1300,'Chimaltenango','03',85,NULL,NULL,NULL),(1301,'Chiquimula','04',85,NULL,NULL,NULL),(1302,'Zacapa','22',85,NULL,NULL,NULL),(1303,'Jalapa','10',85,NULL,NULL,NULL),(1304,'San Marcos','17',85,NULL,NULL,NULL),(1305,'Quiche','14',85,NULL,NULL,NULL),(1306,'Huehuetenango','08',85,NULL,NULL,NULL),(1307,'Quetzaltenango','13',85,NULL,NULL,NULL),(1308,'Baja Verapaz','02',85,NULL,NULL,NULL),(1309,'Santa Rosa','18',85,NULL,NULL,NULL),(1310,'Solola','19',85,NULL,NULL,NULL),(1311,'Peten','12',85,NULL,NULL,NULL),(1312,'Escuintla','06',85,NULL,NULL,NULL),(1313,'Sacatepequez','16',85,NULL,NULL,NULL),(1314,'Totonicapan','21',85,NULL,NULL,NULL),(1315,'Suchitepequez','20',85,NULL,NULL,NULL),(1316,'Cacheu','06',86,NULL,NULL,NULL),(1317,'Biombo','12',86,NULL,NULL,NULL),(1318,'Oio','04',86,NULL,NULL,NULL),(1319,'Bissau','11',86,NULL,NULL,NULL),(1320,'Bafata','01',86,NULL,NULL,NULL),(1321,'Tombali','07',86,NULL,NULL,NULL),(1322,'Gabu','10',86,NULL,NULL,NULL),(1323,'Bolama','05',86,NULL,NULL,NULL),(1324,'Quinara','02',86,NULL,NULL,NULL),(1325,'Mahaica-Berbice','15',87,NULL,NULL,NULL),(1326,'Upper Takutu-Upper Essequibo','19',87,NULL,NULL,NULL),(1327,'Barima-Waini','10',87,NULL,NULL,NULL),(1328,'Pomeroon-Supenaam','16',87,NULL,NULL,NULL),(1329,'Demerara-Mahaica','12',87,NULL,NULL,NULL),(1330,'Cuyuni-Mazaruni','11',87,NULL,NULL,NULL),(1331,'East Berbice-Corentyne','13',87,NULL,NULL,NULL),(1332,'Essequibo Islands-West Demerara','14',87,NULL,NULL,NULL),(1333,'Potaro-Siparuni','17',87,NULL,NULL,NULL),(1334,'Upper Demerara-Berbice','18',87,NULL,NULL,NULL),(1335,'Colon','03',89,NULL,NULL,NULL),(1336,'Choluteca','02',89,NULL,NULL,NULL),(1337,'Comayagua','04',89,NULL,NULL,NULL),(1338,'Valle','17',89,NULL,NULL,NULL),(1339,'Santa Barbara','16',89,NULL,NULL,NULL),(1340,'Francisco Morazan','08',89,NULL,NULL,NULL),(1341,'El Paraiso','07',89,NULL,NULL,NULL),(1342,'Lempira','13',89,NULL,NULL,NULL),(1343,'Copan','05',89,NULL,NULL,NULL),(1344,'Olancho','15',89,NULL,NULL,NULL),(1345,'Cortes','06',89,NULL,NULL,NULL),(1346,'Yoro','18',89,NULL,NULL,NULL),(1347,'Atlantida','01',89,NULL,NULL,NULL),(1348,'Intibuca','10',89,NULL,NULL,NULL),(1349,'La Paz','12',89,NULL,NULL,NULL),(1350,'Ocotepeque','14',89,NULL,NULL,NULL),(1351,'Gracias a Dios','09',89,NULL,NULL,NULL),(1352,'Islas de la Bahia','11',89,NULL,NULL,NULL),(1353,'Primorsko-Goranska','12',90,NULL,NULL,NULL),(1354,'Splitsko-Dalmatinska','15',90,NULL,NULL,NULL),(1355,'Istarska','04',90,NULL,NULL,NULL),(1356,'Osjecko-Baranjska','10',90,NULL,NULL,NULL),(1357,'Viroviticko-Podravska','17',90,NULL,NULL,NULL),(1358,'Grad Zagreb','21',90,NULL,NULL,NULL),(1359,'Sisacko-Moslavacka','14',90,NULL,NULL,NULL),(1360,'Licko-Senjska','08',90,NULL,NULL,NULL),(1361,'Brodsko-Posavska','02',90,NULL,NULL,NULL),(1362,'Dubrovacko-Neretvanska','03',90,NULL,NULL,NULL),(1363,'Pozesko-Slavonska','11',90,NULL,NULL,NULL),(1364,'Zagrebacka','20',90,NULL,NULL,NULL),(1365,'Bjelovarsko-Bilogorska','01',90,NULL,NULL,NULL),(1366,'Varazdinska','16',90,NULL,NULL,NULL),(1367,'Vukovarsko-Srijemska','18',90,NULL,NULL,NULL),(1368,'Krapinsko-Zagorska','07',90,NULL,NULL,NULL),(1369,'Koprivnicko-Krizevacka','06',90,NULL,NULL,NULL),(1370,'Karlovacka','05',90,NULL,NULL,NULL),(1371,'Sibensko-Kninska','13',90,NULL,NULL,NULL),(1372,'Medimurska','09',90,NULL,NULL,NULL),(1373,'Sud','12',91,NULL,NULL,NULL),(1374,'Centre','07',91,NULL,NULL,NULL),(1375,'Ouest','11',91,NULL,NULL,NULL),(1376,'Nord','09',91,NULL,NULL,NULL),(1377,'Nord-Ouest','03',91,NULL,NULL,NULL),(1378,'Nord-Est','10',91,NULL,NULL,NULL),(1379,'Sud-Est','13',91,NULL,NULL,NULL),(1380,'Artibonite','06',91,NULL,NULL,NULL),(1381,'Komarom-Esztergom','12',92,NULL,NULL,NULL),(1382,'Fejer','08',92,NULL,NULL,NULL),(1383,'Jasz-Nagykun-Szolnok','20',92,NULL,NULL,NULL),(1384,'Baranya','02',92,NULL,NULL,NULL),(1385,'Szabolcs-Szatmar-Bereg','18',92,NULL,NULL,NULL),(1386,'Heves','11',92,NULL,NULL,NULL),(1387,'Borsod-Abauj-Zemplen','04',92,NULL,NULL,NULL),(1388,'Gyor-Moson-Sopron','09',92,NULL,NULL,NULL),(1389,'Pest','16',92,NULL,NULL,NULL),(1390,'Veszprem','23',92,NULL,NULL,NULL),(1391,'Bacs-Kiskun','01',92,NULL,NULL,NULL),(1392,'Vas','22',92,NULL,NULL,NULL),(1393,'Hajdu-Bihar','10',92,NULL,NULL,NULL),(1394,'Zala','24',92,NULL,NULL,NULL),(1395,'Somogy','17',92,NULL,NULL,NULL),(1396,'Tolna','21',92,NULL,NULL,NULL),(1397,'Nograd','14',92,NULL,NULL,NULL),(1398,'Budapest','05',92,NULL,NULL,NULL),(1399,'Miskolc','13',92,NULL,NULL,NULL),(1400,'Csongrad','06',92,NULL,NULL,NULL),(1401,'Debrecen','07',92,NULL,NULL,NULL),(1402,'Bekes','03',92,NULL,NULL,NULL),(1403,'Szeged','19',92,NULL,NULL,NULL),(1404,'Pecs','15',92,NULL,NULL,NULL),(1405,'Gyor','25',92,NULL,NULL,NULL),(1406,'Jawa Timur','08',93,NULL,NULL,NULL),(1407,'Sulawesi Tenggara','22',93,NULL,NULL,NULL),(1408,'Nusa Tenggara Timur','18',93,NULL,NULL,NULL),(1409,'Sulawesi Utara','31',93,NULL,NULL,NULL),(1410,'Sumatera Barat','24',93,NULL,NULL,NULL),(1411,'Aceh','01',93,NULL,NULL,NULL),(1412,'Sulawesi Tengah','21',93,NULL,NULL,NULL),(1413,'Jawa Tengah','07',93,NULL,NULL,NULL),(1414,'Jawa Barat','30',93,NULL,NULL,NULL),(1415,'Bali','02',93,NULL,NULL,NULL),(1416,'Banten','33',93,NULL,NULL,NULL),(1417,'Sumatera Utara','26',93,NULL,NULL,NULL),(1418,'Kalimantan Timur','14',93,NULL,NULL,NULL),(1419,'Lampung','15',93,NULL,NULL,NULL),(1420,'Nusa Tenggara Barat','17',93,NULL,NULL,NULL),(1421,'Kalimantan Barat','11',93,NULL,NULL,NULL),(1422,'Kalimantan Tengah','13',93,NULL,NULL,NULL),(1423,'Bengkulu','03',93,NULL,NULL,NULL),(1424,'Jambi','05',93,NULL,NULL,NULL),(1425,'Kalimantan Selatan','12',93,NULL,NULL,NULL),(1426,'Yogyakarta','10',93,NULL,NULL,NULL),(1427,'Jakarta Raya','04',93,NULL,NULL,NULL),(1428,'Maluku','28',93,NULL,NULL,NULL),(1429,'Galway','10',94,NULL,NULL,NULL),(1430,'Cork','04',94,NULL,NULL,NULL),(1431,'Kerry','11',94,NULL,NULL,NULL),(1432,'Limerick','16',94,NULL,NULL,NULL),(1433,'Longford','18',94,NULL,NULL,NULL),(1434,'Laois','15',94,NULL,NULL,NULL),(1435,'Waterford','27',94,NULL,NULL,NULL),(1436,'Mayo','20',94,NULL,NULL,NULL),(1437,'Sligo','25',94,NULL,NULL,NULL),(1438,'Kildare','12',94,NULL,NULL,NULL),(1439,'Dublin','07',94,NULL,NULL,NULL),(1440,'Wicklow','31',94,NULL,NULL,NULL),(1441,'Cavan','02',94,NULL,NULL,NULL),(1442,'Kilkenny','13',94,NULL,NULL,NULL),(1443,'Wexford','30',94,NULL,NULL,NULL),(1444,'Carlow','01',94,NULL,NULL,NULL),(1445,'Offaly','23',94,NULL,NULL,NULL),(1446,'Monaghan','22',94,NULL,NULL,NULL),(1447,'Leitrim','14',94,NULL,NULL,NULL),(1448,'Clare','03',94,NULL,NULL,NULL),(1449,'Donegal','06',94,NULL,NULL,NULL),(1450,'Louth','19',94,NULL,NULL,NULL),(1451,'Roscommon','24',94,NULL,NULL,NULL),(1452,'Tipperary','26',94,NULL,NULL,NULL),(1453,'Westmeath','29',94,NULL,NULL,NULL),(1454,'Meath','21',94,NULL,NULL,NULL),(1455,'HaZafon','03',95,NULL,NULL,NULL),(1456,'HaDarom','01',95,NULL,NULL,NULL),(1457,'HaMerkaz','02',95,NULL,NULL,NULL),(1458,'Yerushalayim','06',95,NULL,NULL,NULL),(1459,'Tel Aviv','05',95,NULL,NULL,NULL),(1460,'Hefa','04',95,NULL,NULL,NULL),(1461,'West Bengal','28',96,NULL,NULL,NULL),(1462,'Uttar Pradesh','36',96,NULL,NULL,NULL),(1463,'Punjab','23',96,NULL,NULL,NULL),(1464,'Madhya Pradesh','35',96,NULL,NULL,NULL),(1465,'Karnataka','19',96,NULL,NULL,NULL),(1466,'Maharashtra','16',96,NULL,NULL,NULL),(1467,'Haryana','10',96,NULL,NULL,NULL),(1468,'Uttarakhand','39',96,NULL,NULL,NULL),(1469,'Andhra Pradesh','02',96,NULL,NULL,NULL),(1470,'Tripura','26',96,NULL,NULL,NULL),(1471,'Tamil Nadu','25',96,NULL,NULL,NULL),(1472,'Jammu and Kashmir','12',96,NULL,NULL,NULL),(1473,'Andaman and Nicobar Islands','01',96,NULL,NULL,NULL),(1474,'Assam','03',96,NULL,NULL,NULL),(1475,'Chhattisgarh','37',96,NULL,NULL,NULL),(1476,'Rajasthan','24',96,NULL,NULL,NULL),(1477,'Goa','33',96,NULL,NULL,NULL),(1478,'Puducherry','22',96,NULL,NULL,NULL),(1479,'Gujarat','09',96,NULL,NULL,NULL),(1480,'Kerala','13',96,NULL,NULL,NULL),(1481,'Arunachal Pradesh','30',96,NULL,NULL,NULL),(1482,'Orissa','21',96,NULL,NULL,NULL),(1483,'Himachal Pradesh','11',96,NULL,NULL,NULL),(1484,'Bihar','34',96,NULL,NULL,NULL),(1485,'Meghalaya','18',96,NULL,NULL,NULL),(1486,'Nagaland','20',96,NULL,NULL,NULL),(1487,'Manipur','17',96,NULL,NULL,NULL),(1488,'Mizoram','31',96,NULL,NULL,NULL),(1489,'Jharkhand','38',96,NULL,NULL,NULL),(1490,'Delhi','07',96,NULL,NULL,NULL),(1491,'Dadra and Nagar Haveli','06',96,NULL,NULL,NULL),(1492,'Daman and Diu','32',96,NULL,NULL,NULL),(1493,'Sikkim','29',96,NULL,NULL,NULL),(1494,'Chandigarh','05',96,NULL,NULL,NULL),(1495,'Lakshadweep','14',96,NULL,NULL,NULL),(1496,'As Sulaymaniyah','05',97,NULL,NULL,NULL),(1497,'Dhi Qar','09',97,NULL,NULL,NULL),(1498,'Maysan','14',97,NULL,NULL,NULL),(1499,'Diyala','10',97,NULL,NULL,NULL),(1500,'Baghdad','07',97,NULL,NULL,NULL),(1501,'Wasit','16',97,NULL,NULL,NULL),(1502,'Salah ad Din','18',97,NULL,NULL,NULL),(1503,'Al Qadisiyah','04',97,NULL,NULL,NULL),(1504,'Babil','06',97,NULL,NULL,NULL),(1505,'Karbala\'','12',97,NULL,NULL,NULL),(1506,'An Najaf','17',97,NULL,NULL,NULL),(1507,'Al Muthanna','03',97,NULL,NULL,NULL),(1508,'Al Anbar','01',97,NULL,NULL,NULL),(1509,'Dahuk','08',97,NULL,NULL,NULL),(1510,'Ninawa','15',97,NULL,NULL,NULL),(1511,'Arbil','11',97,NULL,NULL,NULL),(1512,'Al Basrah','02',97,NULL,NULL,NULL),(1513,'At Ta\'mim','13',97,NULL,NULL,NULL),(1514,'Zanjan','27',98,NULL,NULL,NULL),(1515,'Azarbayjan-e Bakhtari','01',98,NULL,NULL,NULL),(1516,'Yazd','31',98,NULL,NULL,NULL),(1517,'Khuzestan','15',98,NULL,NULL,NULL),(1518,'Esfahan','28',98,NULL,NULL,NULL),(1519,'Ardabil','32',98,NULL,NULL,NULL),(1520,'Tehran','26',98,NULL,NULL,NULL),(1521,'East Azarbaijan','33',98,NULL,NULL,NULL),(1522,'Bushehr','22',98,NULL,NULL,NULL),(1523,'Hormozgan','11',98,NULL,NULL,NULL),(1524,'Mazandaran','17',98,NULL,NULL,NULL),(1525,'Kerman','29',98,NULL,NULL,NULL),(1526,'Fars','07',98,NULL,NULL,NULL),(1527,'Kohkiluyeh va Buyer Ahmadi','05',98,NULL,NULL,NULL),(1528,'Khorasan','30',98,NULL,NULL,NULL),(1529,'Sistan va Baluchestan','04',98,NULL,NULL,NULL),(1530,'Chahar Mahall va Bakhtiari','03',98,NULL,NULL,NULL),(1531,'Kerman','12',98,NULL,NULL,NULL),(1532,'Mazandaran','35',98,NULL,NULL,NULL),(1533,'Qazvin','38',98,NULL,NULL,NULL),(1534,'Zanjan','36',98,NULL,NULL,NULL),(1535,'Markazi','24',98,NULL,NULL,NULL),(1536,'Markazi','19',98,NULL,NULL,NULL),(1537,'Lorestan','23',98,NULL,NULL,NULL),(1538,'Markazi','34',98,NULL,NULL,NULL),(1539,'Khorasan-e Razavi','42',98,NULL,NULL,NULL),(1540,'Hamadan','09',98,NULL,NULL,NULL),(1541,'Semnan','25',98,NULL,NULL,NULL),(1542,'Gilan','08',98,NULL,NULL,NULL),(1543,'Kordestan','16',98,NULL,NULL,NULL),(1544,'Bakhtaran','13',98,NULL,NULL,NULL),(1545,'Ilam','10',98,NULL,NULL,NULL),(1546,'Semnan Province','18',98,NULL,NULL,NULL),(1547,'Golestan','37',98,NULL,NULL,NULL),(1548,'Qom','39',98,NULL,NULL,NULL),(1549,'Zanjan','21',98,NULL,NULL,NULL),(1550,'Skagafjardarsysla','28',99,NULL,NULL,NULL),(1551,'Borgarfjardarsysla','07',99,NULL,NULL,NULL),(1552,'Myrasysla','17',99,NULL,NULL,NULL),(1553,'Rangarvallasysla','23',99,NULL,NULL,NULL),(1554,'Eyjafjardarsysla','09',99,NULL,NULL,NULL),(1555,'Kjosarsysla','15',99,NULL,NULL,NULL),(1556,'Vestur-Isafjardarsysla','36',99,NULL,NULL,NULL),(1557,'Strandasysla','30',99,NULL,NULL,NULL),(1558,'Gullbringusysla','10',99,NULL,NULL,NULL),(1559,'Austur-Hunavatnssysla','05',99,NULL,NULL,NULL),(1560,'Austur-Skaftafellssysla','06',99,NULL,NULL,NULL),(1561,'Nordur-Mulasysla','20',99,NULL,NULL,NULL),(1562,'Sudur-Mulasysla','31',99,NULL,NULL,NULL),(1563,'Vestur-Bardastrandarsysla','34',99,NULL,NULL,NULL),(1564,'Snafellsnes- og Hnappadalssysla','29',99,NULL,NULL,NULL),(1565,'Arnessysla','03',99,NULL,NULL,NULL),(1566,'Vestur-Hunavatnssysla','35',99,NULL,NULL,NULL),(1567,'Sudur-Tingeyjarsysla','32',99,NULL,NULL,NULL),(1568,'Vestur-Skaftafellssysla','37',99,NULL,NULL,NULL),(1569,'Nordur-Tingeyjarsysla','21',99,NULL,NULL,NULL),(1570,'Toscana','16',100,NULL,NULL,NULL),(1571,'Veneto','20',100,NULL,NULL,NULL),(1572,'Campania','04',100,NULL,NULL,NULL),(1573,'Marche','10',100,NULL,NULL,NULL),(1574,'Piemonte','12',100,NULL,NULL,NULL),(1575,'Lombardia','09',100,NULL,NULL,NULL),(1576,'Sardegna','14',100,NULL,NULL,NULL),(1577,'Abruzzi','01',100,NULL,NULL,NULL),(1578,'Emilia-Romagna','05',100,NULL,NULL,NULL),(1579,'Trentino-Alto Adige','17',100,NULL,NULL,NULL),(1580,'Umbria','18',100,NULL,NULL,NULL),(1581,'Basilicata','02',100,NULL,NULL,NULL),(1582,'Puglia','13',100,NULL,NULL,NULL),(1583,'Sicilia','15',100,NULL,NULL,NULL),(1584,'Lazio','07',100,NULL,NULL,NULL),(1585,'Liguria','08',100,NULL,NULL,NULL),(1586,'Calabria','03',100,NULL,NULL,NULL),(1587,'Molise','11',100,NULL,NULL,NULL),(1588,'Friuli-Venezia Giulia','06',100,NULL,NULL,NULL),(1589,'Valle d\'Aosta','19',100,NULL,NULL,NULL),(1590,'Saint Ann','09',101,NULL,NULL,NULL),(1591,'Saint Elizabeth','11',101,NULL,NULL,NULL),(1592,'Hanover','02',101,NULL,NULL,NULL),(1593,'Westmoreland','16',101,NULL,NULL,NULL),(1594,'Trelawny','15',101,NULL,NULL,NULL),(1595,'Manchester','04',101,NULL,NULL,NULL),(1596,'Saint James','12',101,NULL,NULL,NULL),(1597,'Saint Andrew','08',101,NULL,NULL,NULL),(1598,'Saint Thomas','14',101,NULL,NULL,NULL),(1599,'Saint Mary','13',101,NULL,NULL,NULL),(1600,'Portland','07',101,NULL,NULL,NULL),(1601,'Clarendon','01',101,NULL,NULL,NULL),(1602,'Saint Catherine','10',101,NULL,NULL,NULL),(1603,'Kingston','17',101,NULL,NULL,NULL),(1604,'At Tafilah','12',102,NULL,NULL,NULL),(1605,'Al Karak','09',102,NULL,NULL,NULL),(1606,'Al Balqa\'','02',102,NULL,NULL,NULL),(1607,'Amman','16',102,NULL,NULL,NULL),(1608,'Al Aqabah','21',102,NULL,NULL,NULL),(1609,'Okinawa','47',103,NULL,NULL,NULL),(1610,'Nagasaki','27',103,NULL,NULL,NULL),(1611,'Hokkaido','12',103,NULL,NULL,NULL),(1612,'Tokushima','39',103,NULL,NULL,NULL),(1613,'Mie','23',103,NULL,NULL,NULL),(1614,'Kanagawa','19',103,NULL,NULL,NULL),(1615,'Chiba','04',103,NULL,NULL,NULL),(1616,'Hyogo','13',103,NULL,NULL,NULL),(1617,'Yamaguchi','45',103,NULL,NULL,NULL),(1618,'Aomori','03',103,NULL,NULL,NULL),(1619,'Miyazaki','25',103,NULL,NULL,NULL),(1620,'Shizuoka','37',103,NULL,NULL,NULL),(1621,'Shimane','36',103,NULL,NULL,NULL),(1622,'Fukushima','08',103,NULL,NULL,NULL),(1623,'Okayama','31',103,NULL,NULL,NULL),(1624,'Shiga','35',103,NULL,NULL,NULL),(1625,'Kagoshima','18',103,NULL,NULL,NULL),(1626,'Hiroshima','11',103,NULL,NULL,NULL),(1627,'Tottori','41',103,NULL,NULL,NULL),(1628,'Akita','02',103,NULL,NULL,NULL),(1629,'Nagano','26',103,NULL,NULL,NULL),(1630,'Fukui','06',103,NULL,NULL,NULL),(1631,'Saitama','34',103,NULL,NULL,NULL),(1632,'Wakayama','43',103,NULL,NULL,NULL),(1633,'Kochi','20',103,NULL,NULL,NULL),(1634,'Iwate','16',103,NULL,NULL,NULL),(1635,'Miyagi','24',103,NULL,NULL,NULL),(1636,'Niigata','29',103,NULL,NULL,NULL),(1637,'Gumma','10',103,NULL,NULL,NULL),(1638,'Aichi','01',103,NULL,NULL,NULL),(1639,'Toyama','42',103,NULL,NULL,NULL),(1640,'Kumamoto','21',103,NULL,NULL,NULL),(1641,'Kagawa','17',103,NULL,NULL,NULL),(1642,'Ehime','05',103,NULL,NULL,NULL),(1643,'Tokyo','40',103,NULL,NULL,NULL),(1644,'Fukuoka','07',103,NULL,NULL,NULL),(1645,'Tochigi','38',103,NULL,NULL,NULL),(1646,'Yamagata','44',103,NULL,NULL,NULL),(1647,'Saga','33',103,NULL,NULL,NULL),(1648,'Oita','30',103,NULL,NULL,NULL),(1649,'Gifu','09',103,NULL,NULL,NULL),(1650,'Ishikawa','15',103,NULL,NULL,NULL),(1651,'Nara','28',103,NULL,NULL,NULL),(1652,'Ibaraki','14',103,NULL,NULL,NULL),(1653,'Kyoto','22',103,NULL,NULL,NULL),(1654,'Yamanashi','46',103,NULL,NULL,NULL),(1655,'Osaka','32',103,NULL,NULL,NULL),(1656,'Coast','02',104,NULL,NULL,NULL),(1657,'Nyanza','07',104,NULL,NULL,NULL),(1658,'Rift Valley','08',104,NULL,NULL,NULL),(1659,'Western','09',104,NULL,NULL,NULL),(1660,'North-Eastern','06',104,NULL,NULL,NULL),(1661,'Eastern','03',104,NULL,NULL,NULL),(1662,'Nairobi Area','05',104,NULL,NULL,NULL),(1663,'Central','01',104,NULL,NULL,NULL),(1664,'Jalal-Abad','03',105,NULL,NULL,NULL),(1665,'Naryn','04',105,NULL,NULL,NULL),(1666,'Osh','05',105,NULL,NULL,NULL),(1667,'Chuy','02',105,NULL,NULL,NULL),(1668,'Ysyk-Kol','07',105,NULL,NULL,NULL),(1669,'Bishkek','01',105,NULL,NULL,NULL),(1670,'Talas','06',105,NULL,NULL,NULL),(1671,'Batken','09',105,NULL,NULL,NULL),(1672,'Siem Reap','16',106,NULL,NULL,NULL),(1673,'Kracheh','09',106,NULL,NULL,NULL),(1674,'Kampong Thum','05',106,NULL,NULL,NULL),(1675,'Kampong Chhnang','03',106,NULL,NULL,NULL),(1676,'Kampong Cham','02',106,NULL,NULL,NULL),(1677,'Kampong Speu','04',106,NULL,NULL,NULL),(1678,'Takeo','19',106,NULL,NULL,NULL),(1679,'Batdambang','01',106,NULL,NULL,NULL),(1680,'Prey Veng','14',106,NULL,NULL,NULL),(1681,'Ratanakiri Kiri','15',106,NULL,NULL,NULL),(1682,'Svay Rieng','18',106,NULL,NULL,NULL),(1683,'Koh Kong','08',106,NULL,NULL,NULL),(1684,'Pursat','12',106,NULL,NULL,NULL),(1685,'Phnum Penh','11',106,NULL,NULL,NULL),(1686,'Mondulkiri','10',106,NULL,NULL,NULL),(1687,'Stung Treng','17',106,NULL,NULL,NULL),(1688,'Kampot','06',106,NULL,NULL,NULL),(1689,'Banteay Meanchey','25',106,NULL,NULL,NULL),(1690,'Preah Vihear','13',106,NULL,NULL,NULL),(1691,'Kandal','07',106,NULL,NULL,NULL),(1692,'Anjouan','01',108,NULL,NULL,NULL),(1693,'Moheli','03',108,NULL,NULL,NULL),(1694,'Grande Comore','02',108,NULL,NULL,NULL),(1695,'Saint George Gingerland','04',109,NULL,NULL,NULL),(1696,'Saint James Windward','05',109,NULL,NULL,NULL),(1697,'Saint Thomas Lowland','12',109,NULL,NULL,NULL),(1698,'Saint George Basseterre','03',109,NULL,NULL,NULL),(1699,'Saint John Figtree','07',109,NULL,NULL,NULL),(1700,'Saint Peter Basseterre','11',109,NULL,NULL,NULL),(1701,'Saint John Capisterre','06',109,NULL,NULL,NULL),(1702,'Christ Church Nichola Town','01',109,NULL,NULL,NULL),(1703,'Trinity Palmetto Point','15',109,NULL,NULL,NULL),(1704,'Saint Anne Sandy Point','02',109,NULL,NULL,NULL),(1705,'Saint Mary Cayon','08',109,NULL,NULL,NULL),(1706,'Saint Thomas Middle Island','13',109,NULL,NULL,NULL),(1707,'Saint Paul Capisterre','09',109,NULL,NULL,NULL),(1708,'P\'yongan-namdo','15',110,NULL,NULL,NULL),(1709,'P\'yongan-bukto','11',110,NULL,NULL,NULL),(1710,'P\'yongyang-si','12',110,NULL,NULL,NULL),(1711,'Kangwon-do','09',110,NULL,NULL,NULL),(1712,'Hwanghae-bukto','07',110,NULL,NULL,NULL),(1713,'Hamgyong-namdo','03',110,NULL,NULL,NULL),(1714,'Chagang-do','01',110,NULL,NULL,NULL),(1715,'Hamgyong-bukto','17',110,NULL,NULL,NULL),(1716,'Hwanghae-namdo','06',110,NULL,NULL,NULL),(1717,'Namp\'o-si','14',110,NULL,NULL,NULL),(1718,'Kaesong-si','08',110,NULL,NULL,NULL),(1719,'Yanggang-do','13',110,NULL,NULL,NULL),(1720,'Najin Sonbong-si','18',110,NULL,NULL,NULL),(1721,'Ch\'ungch\'ong-bukto','05',111,NULL,NULL,NULL),(1722,'Kangwon-do','06',111,NULL,NULL,NULL),(1723,'Ch\'ungch\'ong-namdo','17',111,NULL,NULL,NULL),(1724,'Kyongsang-bukto','14',111,NULL,NULL,NULL),(1725,'Cholla-namdo','16',111,NULL,NULL,NULL),(1726,'Kyonggi-do','13',111,NULL,NULL,NULL),(1727,'Cheju-do','01',111,NULL,NULL,NULL),(1728,'Cholla-bukto','03',111,NULL,NULL,NULL),(1729,'Seoul-t\'ukpyolsi','11',111,NULL,NULL,NULL),(1730,'Kyongsang-namdo','20',111,NULL,NULL,NULL),(1731,'Taegu-jikhalsi','15',111,NULL,NULL,NULL),(1732,'Pusan-jikhalsi','10',111,NULL,NULL,NULL),(1733,'Kwangju-jikhalsi','18',111,NULL,NULL,NULL),(1734,'Ulsan-gwangyoksi','21',111,NULL,NULL,NULL),(1735,'Inch\'on-jikhalsi','12',111,NULL,NULL,NULL),(1736,'Taejon-jikhalsi','19',111,NULL,NULL,NULL),(1737,'Al Kuwayt','02',112,NULL,NULL,NULL),(1738,'Al Jahra','05',112,NULL,NULL,NULL),(1739,'Almaty','01',114,NULL,NULL,NULL),(1740,'South Kazakhstan','10',114,NULL,NULL,NULL),(1741,'North Kazakhstan','16',114,NULL,NULL,NULL),(1742,'Pavlodar','11',114,NULL,NULL,NULL),(1743,'Qaraghandy','12',114,NULL,NULL,NULL),(1744,'Qyzylorda','14',114,NULL,NULL,NULL),(1745,'East Kazakhstan','15',114,NULL,NULL,NULL),(1746,'Aqmola','03',114,NULL,NULL,NULL),(1747,'Aqtobe','04',114,NULL,NULL,NULL),(1748,'Qostanay','13',114,NULL,NULL,NULL),(1749,'West Kazakhstan','07',114,NULL,NULL,NULL),(1750,'Atyrau','06',114,NULL,NULL,NULL),(1751,'Zhambyl','17',114,NULL,NULL,NULL),(1752,'Astana','05',114,NULL,NULL,NULL),(1753,'Mangghystau','09',114,NULL,NULL,NULL),(1754,'Almaty City','02',114,NULL,NULL,NULL),(1755,'Bayqonyr','08',114,NULL,NULL,NULL),(1756,'Savannakhet','10',115,NULL,NULL,NULL),(1757,'Phongsali','08',115,NULL,NULL,NULL),(1758,'Saravan','09',115,NULL,NULL,NULL),(1759,'Houaphan','03',115,NULL,NULL,NULL),(1760,'Attapu','01',115,NULL,NULL,NULL),(1761,'Champasak','02',115,NULL,NULL,NULL),(1762,'Louangphrabang','17',115,NULL,NULL,NULL),(1763,'Oudomxai','07',115,NULL,NULL,NULL),(1764,'Xiangkhoang','14',115,NULL,NULL,NULL),(1765,'Vientiane','11',115,NULL,NULL,NULL),(1766,'Xaignabouri','13',115,NULL,NULL,NULL),(1767,'Khammouan','04',115,NULL,NULL,NULL),(1768,'Liban-Nord','03',116,NULL,NULL,NULL),(1769,'Al Janub','02',116,NULL,NULL,NULL),(1770,'Beyrouth','04',116,NULL,NULL,NULL),(1771,'Mont-Liban','05',116,NULL,NULL,NULL),(1772,'Beqaa','01',116,NULL,NULL,NULL),(1773,'Liban-Sud','06',116,NULL,NULL,NULL),(1774,'Micoud','08',117,NULL,NULL,NULL),(1775,'Laborie','07',117,NULL,NULL,NULL),(1776,'Dennery','05',117,NULL,NULL,NULL),(1777,'Anse-la-Raye','01',117,NULL,NULL,NULL),(1778,'Vieux-Fort','10',117,NULL,NULL,NULL),(1779,'Castries','03',117,NULL,NULL,NULL),(1780,'Soufriere','09',117,NULL,NULL,NULL),(1781,'Gros-Islet','06',117,NULL,NULL,NULL),(1782,'Choiseul','04',117,NULL,NULL,NULL),(1783,'Dauphin','02',117,NULL,NULL,NULL),(1784,'Praslin','11',117,NULL,NULL,NULL),(1785,'Balzers','01',118,NULL,NULL,NULL),(1786,'Gamprin','03',118,NULL,NULL,NULL),(1787,'Planken','05',118,NULL,NULL,NULL),(1788,'Vaduz','11',118,NULL,NULL,NULL),(1789,'Eschen','02',118,NULL,NULL,NULL),(1790,'Triesenberg','10',118,NULL,NULL,NULL),(1791,'Schellenberg','08',118,NULL,NULL,NULL),(1792,'Mauren','04',118,NULL,NULL,NULL),(1793,'Ruggell','06',118,NULL,NULL,NULL),(1794,'Schaan','07',118,NULL,NULL,NULL),(1795,'Triesen','09',118,NULL,NULL,NULL),(1796,'North Western','32',119,NULL,NULL,NULL),(1797,'Southern','34',119,NULL,NULL,NULL),(1798,'Central','29',119,NULL,NULL,NULL),(1799,'Sabaragamuwa','33',119,NULL,NULL,NULL),(1800,'North Central','30',119,NULL,NULL,NULL),(1801,'Western','36',119,NULL,NULL,NULL),(1802,'Uva','35',119,NULL,NULL,NULL),(1803,'Nimba','09',120,NULL,NULL,NULL),(1804,'Grand Bassa','11',120,NULL,NULL,NULL),(1805,'Lofa','05',120,NULL,NULL,NULL),(1806,'Bong','01',120,NULL,NULL,NULL),(1807,'Montserrado','14',120,NULL,NULL,NULL),(1808,'Margibi','17',120,NULL,NULL,NULL),(1809,'Sino','10',120,NULL,NULL,NULL),(1810,'River Cess','18',120,NULL,NULL,NULL),(1811,'Grand Cape Mount','12',120,NULL,NULL,NULL),(1812,'Maryland','13',120,NULL,NULL,NULL),(1813,'Grand Cape Mount','04',120,NULL,NULL,NULL),(1814,'Gbarpolu','21',120,NULL,NULL,NULL),(1815,'River Gee','22',120,NULL,NULL,NULL),(1816,'Grand Gedeh','19',120,NULL,NULL,NULL),(1817,'Lofa','20',120,NULL,NULL,NULL),(1818,'Maseru','14',121,NULL,NULL,NULL),(1819,'Quthing','18',121,NULL,NULL,NULL),(1820,'Mafeteng','13',121,NULL,NULL,NULL),(1821,'Berea','10',121,NULL,NULL,NULL),(1822,'Mohales Hoek','15',121,NULL,NULL,NULL),(1823,'Thaba-Tseka','19',121,NULL,NULL,NULL),(1824,'Butha-Buthe','11',121,NULL,NULL,NULL),(1825,'Leribe','12',121,NULL,NULL,NULL),(1826,'Qachas Nek','17',121,NULL,NULL,NULL),(1827,'Mokhotlong','16',121,NULL,NULL,NULL),(1828,'Panevezio Apskritis','60',122,NULL,NULL,NULL),(1829,'Telsiu Apskritis','63',122,NULL,NULL,NULL),(1830,'Klaipedos Apskritis','58',122,NULL,NULL,NULL),(1831,'Vilniaus Apskritis','65',122,NULL,NULL,NULL),(1832,'Siauliu Apskritis','61',122,NULL,NULL,NULL),(1833,'Taurages Apskritis','62',122,NULL,NULL,NULL),(1834,'Marijampoles Apskritis','59',122,NULL,NULL,NULL),(1835,'Utenos Apskritis','64',122,NULL,NULL,NULL),(1836,'Alytaus Apskritis','56',122,NULL,NULL,NULL),(1837,'Kauno Apskritis','57',122,NULL,NULL,NULL),(1838,'Luxembourg','03',123,NULL,NULL,NULL),(1839,'Grevenmacher','02',123,NULL,NULL,NULL),(1840,'Diekirch','01',123,NULL,NULL,NULL),(1841,'Madonas','20',124,NULL,NULL,NULL),(1842,'Kuldigas','15',124,NULL,NULL,NULL),(1843,'Daugavpils','07',124,NULL,NULL,NULL),(1844,'Tukuma','29',124,NULL,NULL,NULL),(1845,'Ventspils','33',124,NULL,NULL,NULL),(1846,'Dobeles','08',124,NULL,NULL,NULL),(1847,'Liepajas','17',124,NULL,NULL,NULL),(1848,'Balvu','03',124,NULL,NULL,NULL),(1849,'Saldus','27',124,NULL,NULL,NULL),(1850,'Bauskas','04',124,NULL,NULL,NULL),(1851,'Limbazu','18',124,NULL,NULL,NULL),(1852,'Ludzas','19',124,NULL,NULL,NULL),(1853,'Cesu','05',124,NULL,NULL,NULL),(1854,'Jekabpils','10',124,NULL,NULL,NULL),(1855,'Aluksnes','02',124,NULL,NULL,NULL),(1856,'Rezeknes','24',124,NULL,NULL,NULL),(1857,'Rigas','26',124,NULL,NULL,NULL),(1858,'Ogres','21',124,NULL,NULL,NULL),(1859,'Kraslavas','14',124,NULL,NULL,NULL),(1860,'Gulbenes','09',124,NULL,NULL,NULL),(1861,'Riga','25',124,NULL,NULL,NULL),(1862,'Preilu','22',124,NULL,NULL,NULL),(1863,'Aizkraukles','01',124,NULL,NULL,NULL),(1864,'Talsu','28',124,NULL,NULL,NULL),(1865,'Jelgavas','12',124,NULL,NULL,NULL),(1866,'Valkas','30',124,NULL,NULL,NULL),(1867,'Valmieras','31',124,NULL,NULL,NULL),(1868,'Liepaja','16',124,NULL,NULL,NULL),(1869,'Ventspils','32',124,NULL,NULL,NULL),(1870,'Daugavpils','06',124,NULL,NULL,NULL),(1871,'Rezekne','23',124,NULL,NULL,NULL),(1872,'Yafran','62',125,NULL,NULL,NULL),(1873,'Tarabulus','61',125,NULL,NULL,NULL),(1874,'An Nuqat al Khams','51',125,NULL,NULL,NULL),(1875,'Al Aziziyah','03',125,NULL,NULL,NULL),(1876,'Az Zawiyah','53',125,NULL,NULL,NULL),(1877,'Misratah','58',125,NULL,NULL,NULL),(1878,'Gharyan','57',125,NULL,NULL,NULL),(1879,'Tubruq','42',125,NULL,NULL,NULL),(1880,'Tarhunah','41',125,NULL,NULL,NULL),(1881,'Ash Shati\'','13',125,NULL,NULL,NULL),(1882,'Ajdabiya','47',125,NULL,NULL,NULL),(1883,'Murzuq','30',125,NULL,NULL,NULL),(1884,'Al Jabal al Akhdar','49',125,NULL,NULL,NULL),(1885,'Ghadamis','56',125,NULL,NULL,NULL),(1886,'Awbari','52',125,NULL,NULL,NULL),(1887,'Al Khums','50',125,NULL,NULL,NULL),(1888,'Al Kufrah','08',125,NULL,NULL,NULL),(1889,'Al Fatih','48',125,NULL,NULL,NULL),(1890,'Banghazi','54',125,NULL,NULL,NULL),(1891,'Zlitan','45',125,NULL,NULL,NULL),(1892,'Al Jufrah','05',125,NULL,NULL,NULL),(1893,'Sawfajjin','59',125,NULL,NULL,NULL),(1894,'Darnah','55',125,NULL,NULL,NULL),(1895,'Sabha','34',125,NULL,NULL,NULL),(1896,'Surt','60',125,NULL,NULL,NULL),(1897,'Gagauzia','51',128,NULL,NULL,NULL),(1898,'Antananarivo','05',129,NULL,NULL,NULL),(1899,'Mahajanga','03',129,NULL,NULL,NULL),(1900,'Toliara','06',129,NULL,NULL,NULL),(1901,'Fianarantsoa','02',129,NULL,NULL,NULL),(1902,'Antsiranana','01',129,NULL,NULL,NULL),(1903,'Toamasina','04',129,NULL,NULL,NULL),(1904,'Petrovec','79',131,NULL,NULL,NULL),(1905,'Bogovinje','10',131,NULL,NULL,NULL),(1906,'Lozovo','60',131,NULL,NULL,NULL),(1907,'Rostusa','88',131,NULL,NULL,NULL),(1908,'Staro Nagoricane','97',131,NULL,NULL,NULL),(1909,'Gevgelija','33',131,NULL,NULL,NULL),(1910,'Srbinovo','94',131,NULL,NULL,NULL),(1911,'Orasac','75',131,NULL,NULL,NULL),(1912,'Valandovo','A8',131,NULL,NULL,NULL),(1913,'Ilinden','36',131,NULL,NULL,NULL),(1914,'Ohrid','74',131,NULL,NULL,NULL),(1915,'Sveti Nikole','A4',131,NULL,NULL,NULL),(1916,'Lipkovo','59',131,NULL,NULL,NULL),(1917,'Zitose','C4',131,NULL,NULL,NULL),(1918,'Studenicani','A2',131,NULL,NULL,NULL),(1919,'Krivogastani','53',131,NULL,NULL,NULL),(1920,'Radovis','84',131,NULL,NULL,NULL),(1921,'Dobrusevo','26',131,NULL,NULL,NULL),(1922,'Rankovce','85',131,NULL,NULL,NULL),(1923,'Topolcani','A7',131,NULL,NULL,NULL),(1924,'Kriva Palanka','52',131,NULL,NULL,NULL),(1925,'Zajas','C1',131,NULL,NULL,NULL),(1926,'Vitoliste','B5',131,NULL,NULL,NULL),(1927,'Debar','21',131,NULL,NULL,NULL),(1928,'Bosilovo','11',131,NULL,NULL,NULL),(1929,'Dzepciste','31',131,NULL,NULL,NULL),(1930,'Vasilevo','A9',131,NULL,NULL,NULL),(1931,'Star Dojran','96',131,NULL,NULL,NULL),(1932,'Saraj','90',131,NULL,NULL,NULL),(1933,'Aracinovo','01',131,NULL,NULL,NULL),(1934,'Oslomej','77',131,NULL,NULL,NULL),(1935,'Miravci','66',131,NULL,NULL,NULL),(1936,'Belcista','03',131,NULL,NULL,NULL),(1937,'Karbinci','40',131,NULL,NULL,NULL),(1938,'Krusevo','54',131,NULL,NULL,NULL),(1939,'Kondovo','48',131,NULL,NULL,NULL),(1940,'Resen','86',131,NULL,NULL,NULL),(1941,'Lukovo','61',131,NULL,NULL,NULL),(1942,'Vranestica','B6',131,NULL,NULL,NULL),(1943,'Negotino-Polosko','70',131,NULL,NULL,NULL),(1944,'Stip','98',131,NULL,NULL,NULL),(1945,'Sopotnica','93',131,NULL,NULL,NULL),(1946,'Orizari','76',131,NULL,NULL,NULL),(1947,'Veles','B1',131,NULL,NULL,NULL),(1948,'Bac','02',131,NULL,NULL,NULL),(1949,'Zelenikovo','C2',131,NULL,NULL,NULL),(1950,'Novo Selo','72',131,NULL,NULL,NULL),(1951,'Strumica','A1',131,NULL,NULL,NULL),(1952,'Mavrovi Anovi','64',131,NULL,NULL,NULL),(1953,'Novaci','71',131,NULL,NULL,NULL),(1954,'Gostivar','34',131,NULL,NULL,NULL),(1955,'Cucer-Sandevo','20',131,NULL,NULL,NULL),(1956,'Demir Kapija','25',131,NULL,NULL,NULL),(1957,'Oblesevo','73',131,NULL,NULL,NULL),(1958,'Caska','15',131,NULL,NULL,NULL),(1959,'Murtino','68',131,NULL,NULL,NULL),(1960,'Demir Hisar','24',131,NULL,NULL,NULL),(1961,'Probistip','83',131,NULL,NULL,NULL),(1962,'Makedonski Brod','63',131,NULL,NULL,NULL),(1963,'Karpos','41',131,NULL,NULL,NULL),(1964,'Bistrica','05',131,NULL,NULL,NULL),(1965,'Sopiste','92',131,NULL,NULL,NULL),(1966,'Kumanovo','57',131,NULL,NULL,NULL),(1967,'Kavadarci','42',131,NULL,NULL,NULL),(1968,'Prilep','82',131,NULL,NULL,NULL),(1969,'Kocani','46',131,NULL,NULL,NULL),(1970,'Samokov','89',131,NULL,NULL,NULL),(1971,'Klecevce','45',131,NULL,NULL,NULL),(1972,'Dolneni','28',131,NULL,NULL,NULL),(1973,'Dolna Banjica','27',131,NULL,NULL,NULL),(1974,'Vratnica','B8',131,NULL,NULL,NULL),(1975,'Mogila','67',131,NULL,NULL,NULL),(1976,'Berovo','04',131,NULL,NULL,NULL),(1977,'Brvenica','12',131,NULL,NULL,NULL),(1978,'Makedonska Kamenica','62',131,NULL,NULL,NULL),(1979,'Sipkovica','91',131,NULL,NULL,NULL),(1980,'Delogozdi','23',131,NULL,NULL,NULL),(1981,'Delcevo','22',131,NULL,NULL,NULL),(1982,'Vinica','B4',131,NULL,NULL,NULL),(1983,'Bogomila','09',131,NULL,NULL,NULL),(1984,'Bitola','06',131,NULL,NULL,NULL),(1985,'Blatec','07',131,NULL,NULL,NULL),(1986,'Cegrane','16',131,NULL,NULL,NULL),(1987,'Kratovo','51',131,NULL,NULL,NULL),(1988,'Bogdanci','08',131,NULL,NULL,NULL),(1989,'Konopiste','49',131,NULL,NULL,NULL),(1990,'Zelino','C3',131,NULL,NULL,NULL),(1991,'Labunista','58',131,NULL,NULL,NULL),(1992,'Suto Orizari','A3',131,NULL,NULL,NULL),(1993,'Tearce','A5',131,NULL,NULL,NULL),(1994,'Vrutok','B9',131,NULL,NULL,NULL),(1995,'Staravina','95',131,NULL,NULL,NULL),(1996,'Negotino','69',131,NULL,NULL,NULL),(1997,'Drugovo','30',131,NULL,NULL,NULL),(1998,'Zletovo','C5',131,NULL,NULL,NULL),(1999,'Pehcevo','78',131,NULL,NULL,NULL),(2000,'Cesinovo','19',131,NULL,NULL,NULL),(2001,'Capari','14',131,NULL,NULL,NULL),(2002,'Kukurecani','56',131,NULL,NULL,NULL),(2003,'Vrapciste','B7',131,NULL,NULL,NULL),(2004,'Rosoman','87',131,NULL,NULL,NULL),(2005,'Velesta','B2',131,NULL,NULL,NULL),(2006,'Konce','47',131,NULL,NULL,NULL),(2007,'Gradsko','35',131,NULL,NULL,NULL),(2008,'Kosel','50',131,NULL,NULL,NULL),(2009,'Kisela Voda','44',131,NULL,NULL,NULL),(2010,'Jegunovce','38',131,NULL,NULL,NULL),(2011,'Plasnica','80',131,NULL,NULL,NULL),(2012,'Kamenjane','39',131,NULL,NULL,NULL),(2013,'Izvor','37',131,NULL,NULL,NULL),(2014,'Struga','99',131,NULL,NULL,NULL),(2015,'Podares','81',131,NULL,NULL,NULL),(2016,'Tetovo','A6',131,NULL,NULL,NULL),(2017,'Meseista','65',131,NULL,NULL,NULL),(2018,'Vevcani','B3',131,NULL,NULL,NULL),(2019,'Zrnovci','C6',131,NULL,NULL,NULL),(2020,'Kicevo','43',131,NULL,NULL,NULL),(2021,'Kuklis','55',131,NULL,NULL,NULL),(2022,'Koulikoro','07',132,NULL,NULL,NULL),(2023,'Mopti','04',132,NULL,NULL,NULL),(2024,'Kayes','03',132,NULL,NULL,NULL),(2025,'Tombouctou','08',132,NULL,NULL,NULL),(2026,'Segou','05',132,NULL,NULL,NULL),(2027,'Sikasso','06',132,NULL,NULL,NULL),(2028,'Bamako','01',132,NULL,NULL,NULL),(2029,'Gao','09',132,NULL,NULL,NULL),(2030,'Kidal','10',132,NULL,NULL,NULL),(2031,'Pegu','09',133,NULL,NULL,NULL),(2032,'Mon State','13',133,NULL,NULL,NULL),(2033,'Kachin State','04',133,NULL,NULL,NULL),(2034,'Rakhine State','01',133,NULL,NULL,NULL),(2035,'Yangon','17',133,NULL,NULL,NULL),(2036,'Irrawaddy','03',133,NULL,NULL,NULL),(2037,'Tenasserim','12',133,NULL,NULL,NULL),(2038,'Karan State','05',133,NULL,NULL,NULL),(2039,'Sagaing','10',133,NULL,NULL,NULL),(2040,'Magwe','07',133,NULL,NULL,NULL),(2041,'Chin State','02',133,NULL,NULL,NULL),(2042,'Shan State','11',133,NULL,NULL,NULL),(2043,'Mandalay','08',133,NULL,NULL,NULL),(2044,'Kayah State','06',133,NULL,NULL,NULL),(2045,'Dornogovi','07',134,NULL,NULL,NULL),(2046,'Omnogovi','14',134,NULL,NULL,NULL),(2047,'Dundgovi','08',134,NULL,NULL,NULL),(2048,'Dzavhan','09',134,NULL,NULL,NULL),(2049,'Tov','18',134,NULL,NULL,NULL),(2050,'Suhbaatar','17',134,NULL,NULL,NULL),(2051,'Bulgan','21',134,NULL,NULL,NULL),(2052,'Arhangay','01',134,NULL,NULL,NULL),(2053,'Govisumber','24',134,NULL,NULL,NULL),(2054,'Hentiy','11',134,NULL,NULL,NULL),(2055,'Bayan-Olgiy','03',134,NULL,NULL,NULL),(2056,'Dornod','06',134,NULL,NULL,NULL),(2057,'Hovsgol','13',134,NULL,NULL,NULL),(2058,'Govi-Altay','10',134,NULL,NULL,NULL),(2059,'Hovd','12',134,NULL,NULL,NULL),(2060,'Selenge','16',134,NULL,NULL,NULL),(2061,'Bayanhongor','02',134,NULL,NULL,NULL),(2062,'Ulaanbaatar','20',134,NULL,NULL,NULL),(2063,'Ovorhangay','15',134,NULL,NULL,NULL),(2064,'Uvs','19',134,NULL,NULL,NULL),(2065,'Darhan-Uul','23',134,NULL,NULL,NULL),(2066,'Orhon','25',134,NULL,NULL,NULL),(2067,'Ilhas','01',135,NULL,NULL,NULL),(2068,'Brakna','05',138,NULL,NULL,NULL),(2069,'Hodh Ech Chargui','01',138,NULL,NULL,NULL),(2070,'Gorgol','04',138,NULL,NULL,NULL),(2071,'Assaba','03',138,NULL,NULL,NULL),(2072,'Guidimaka','10',138,NULL,NULL,NULL),(2073,'Adrar','07',138,NULL,NULL,NULL),(2074,'Hodh El Gharbi','02',138,NULL,NULL,NULL),(2075,'Tiris Zemmour','11',138,NULL,NULL,NULL),(2076,'Inchiri','12',138,NULL,NULL,NULL),(2077,'Trarza','06',138,NULL,NULL,NULL),(2078,'Dakhlet Nouadhibou','08',138,NULL,NULL,NULL),(2079,'Tagant','09',138,NULL,NULL,NULL),(2080,'Saint Anthony','01',139,NULL,NULL,NULL),(2081,'Saint Peter','03',139,NULL,NULL,NULL),(2082,'Saint Georges','02',139,NULL,NULL,NULL),(2083,'Port Louis','18',141,NULL,NULL,NULL),(2084,'Black River','12',141,NULL,NULL,NULL),(2085,'Moka','15',141,NULL,NULL,NULL),(2086,'Riviere du Rempart','19',141,NULL,NULL,NULL),(2087,'Pamplemousses','16',141,NULL,NULL,NULL),(2088,'Rodrigues','23',141,NULL,NULL,NULL),(2089,'Grand Port','14',141,NULL,NULL,NULL),(2090,'Flacq','13',141,NULL,NULL,NULL),(2091,'Plaines Wilhems','17',141,NULL,NULL,NULL),(2092,'Savanne','20',141,NULL,NULL,NULL),(2093,'Seenu','01',142,NULL,NULL,NULL),(2094,'Maale','40',142,NULL,NULL,NULL),(2095,'Nkhotakota','18',143,NULL,NULL,NULL),(2096,'Rumphi','21',143,NULL,NULL,NULL),(2097,'Mzimba','15',143,NULL,NULL,NULL),(2098,'Lilongwe','11',143,NULL,NULL,NULL),(2099,'Ntchisi','20',143,NULL,NULL,NULL),(2100,'Salima','22',143,NULL,NULL,NULL),(2101,'Mchinji','13',143,NULL,NULL,NULL),(2102,'Chitipa','04',143,NULL,NULL,NULL),(2103,'Ntcheu','16',143,NULL,NULL,NULL),(2104,'Dowa','07',143,NULL,NULL,NULL),(2105,'Kasungu','09',143,NULL,NULL,NULL),(2106,'Zomba','23',143,NULL,NULL,NULL),(2107,'Nsanje','19',143,NULL,NULL,NULL),(2108,'Chikwawa','02',143,NULL,NULL,NULL),(2109,'Thyolo','05',143,NULL,NULL,NULL),(2110,'Dedza','06',143,NULL,NULL,NULL),(2111,'Balaka','26',143,NULL,NULL,NULL),(2112,'Mangochi','12',143,NULL,NULL,NULL),(2113,'Machinga','28',143,NULL,NULL,NULL),(2114,'Nkhata Bay','17',143,NULL,NULL,NULL),(2115,'Chiradzulu','03',143,NULL,NULL,NULL),(2116,'Blantyre','24',143,NULL,NULL,NULL),(2117,'Karonga','08',143,NULL,NULL,NULL),(2118,'Phalombe','30',143,NULL,NULL,NULL),(2119,'Mwanza','25',143,NULL,NULL,NULL),(2120,'Mulanje','29',143,NULL,NULL,NULL),(2121,'Michoacan de Ocampo','16',144,NULL,NULL,NULL),(2122,'Chihuahua','06',144,NULL,NULL,NULL),(2123,'Veracruz-Llave','30',144,NULL,NULL,NULL),(2124,'Yucatan','31',144,NULL,NULL,NULL),(2125,'Quintana Roo','23',144,NULL,NULL,NULL),(2126,'Sonora','26',144,NULL,NULL,NULL),(2127,'Tlaxcala','29',144,NULL,NULL,NULL),(2128,'Chiapas','05',144,NULL,NULL,NULL),(2129,'Coahuila de Zaragoza','07',144,NULL,NULL,NULL),(2130,'Durango','10',144,NULL,NULL,NULL),(2131,'Guanajuato','11',144,NULL,NULL,NULL),(2132,'Nuevo Leon','19',144,NULL,NULL,NULL),(2133,'Oaxaca','20',144,NULL,NULL,NULL),(2134,'Tabasco','27',144,NULL,NULL,NULL),(2135,'Tamaulipas','28',144,NULL,NULL,NULL),(2136,'Guerrero','12',144,NULL,NULL,NULL),(2137,'Baja California','02',144,NULL,NULL,NULL),(2138,'Campeche','04',144,NULL,NULL,NULL),(2139,'Nayarit','18',144,NULL,NULL,NULL),(2140,'Puebla','21',144,NULL,NULL,NULL),(2141,'Sinaloa','25',144,NULL,NULL,NULL),(2142,'Aguascalientes','01',144,NULL,NULL,NULL),(2143,'San Luis Potosi','24',144,NULL,NULL,NULL),(2144,'Zacatecas','32',144,NULL,NULL,NULL),(2145,'Mexico','15',144,NULL,NULL,NULL),(2146,'Jalisco','14',144,NULL,NULL,NULL),(2147,'Hidalgo','13',144,NULL,NULL,NULL),(2148,'Morelos','17',144,NULL,NULL,NULL),(2149,'Colima','08',144,NULL,NULL,NULL),(2150,'Queretaro de Arteaga','22',144,NULL,NULL,NULL),(2151,'Baja California Sur','03',144,NULL,NULL,NULL),(2152,'Distrito Federal','09',144,NULL,NULL,NULL),(2153,'Sarawak','11',145,NULL,NULL,NULL),(2154,'Sabah','16',145,NULL,NULL,NULL),(2155,'Melaka','04',145,NULL,NULL,NULL),(2156,'Perlis','08',145,NULL,NULL,NULL),(2157,'Negeri Sembilan','05',145,NULL,NULL,NULL),(2158,'Kedah','02',145,NULL,NULL,NULL),(2159,'Johor','01',145,NULL,NULL,NULL),(2160,'Perak','07',145,NULL,NULL,NULL),(2161,'Pulau Pinang','09',145,NULL,NULL,NULL),(2162,'Terengganu','13',145,NULL,NULL,NULL),(2163,'Kelantan','03',145,NULL,NULL,NULL),(2164,'Pahang','06',145,NULL,NULL,NULL),(2165,'Kuala Lumpur','14',145,NULL,NULL,NULL),(2166,'Selangor','12',145,NULL,NULL,NULL),(2167,'Labuan','15',145,NULL,NULL,NULL),(2168,'Maputo','04',146,NULL,NULL,NULL),(2169,'Nampula','06',146,NULL,NULL,NULL),(2170,'Zambezia','09',146,NULL,NULL,NULL),(2171,'Niassa','07',146,NULL,NULL,NULL),(2172,'Cabo Delgado','01',146,NULL,NULL,NULL),(2173,'Gaza','02',146,NULL,NULL,NULL),(2174,'Inhambane','03',146,NULL,NULL,NULL),(2175,'Manica','10',146,NULL,NULL,NULL),(2176,'Tete','08',146,NULL,NULL,NULL),(2177,'Sofala','05',146,NULL,NULL,NULL),(2178,'Hardap','30',147,NULL,NULL,NULL),(2179,'Otjozondjupa','39',147,NULL,NULL,NULL),(2180,'Karas','31',147,NULL,NULL,NULL),(2181,'Omusati','36',147,NULL,NULL,NULL),(2182,'Oshana','37',147,NULL,NULL,NULL),(2183,'Kunene','32',147,NULL,NULL,NULL),(2184,'Erongo','29',147,NULL,NULL,NULL),(2185,'Oshikoto','38',147,NULL,NULL,NULL),(2186,'Omaheke','35',147,NULL,NULL,NULL),(2187,'Caprivi','28',147,NULL,NULL,NULL),(2188,'Okavango','34',147,NULL,NULL,NULL),(2189,'Ohangwena','33',147,NULL,NULL,NULL),(2190,'Windhoek','21',147,NULL,NULL,NULL),(2191,'Niamey','05',149,NULL,NULL,NULL),(2192,'Diffa','02',149,NULL,NULL,NULL),(2193,'Tahoua','06',149,NULL,NULL,NULL),(2194,'Agadez','01',149,NULL,NULL,NULL),(2195,'Zinder','07',149,NULL,NULL,NULL),(2196,'Dosso','03',149,NULL,NULL,NULL),(2197,'Maradi','04',149,NULL,NULL,NULL),(2198,'Niamey','08',149,NULL,NULL,NULL),(2199,'Benue','26',151,NULL,NULL,NULL),(2200,'Nassarawa','56',151,NULL,NULL,NULL),(2201,'Kaduna','23',151,NULL,NULL,NULL),(2202,'Oyo','32',151,NULL,NULL,NULL),(2203,'Adamawa','35',151,NULL,NULL,NULL),(2204,'Osun','42',151,NULL,NULL,NULL),(2205,'Borno','27',151,NULL,NULL,NULL),(2206,'Bauchi','46',151,NULL,NULL,NULL),(2207,'Ogun','16',151,NULL,NULL,NULL),(2208,'Anambra','25',151,NULL,NULL,NULL),(2209,'Yobe','44',151,NULL,NULL,NULL),(2210,'Lagos','05',151,NULL,NULL,NULL),(2211,'Delta','36',151,NULL,NULL,NULL),(2212,'Enugu','47',151,NULL,NULL,NULL),(2213,'Federal Capital Territory','11',151,NULL,NULL,NULL),(2214,'Kogi','41',151,NULL,NULL,NULL),(2215,'Taraba','43',151,NULL,NULL,NULL),(2216,'Akwa Ibom','21',151,NULL,NULL,NULL),(2217,'Ebonyi','53',151,NULL,NULL,NULL),(2218,'Imo','28',151,NULL,NULL,NULL),(2219,'Jigawa','39',151,NULL,NULL,NULL),(2220,'Kwara','30',151,NULL,NULL,NULL),(2221,'Abia','45',151,NULL,NULL,NULL),(2222,'Gombe','55',151,NULL,NULL,NULL),(2223,'Cross River','22',151,NULL,NULL,NULL),(2224,'Katsina','24',151,NULL,NULL,NULL),(2225,'Sokoto','51',151,NULL,NULL,NULL),(2226,'Niger','31',151,NULL,NULL,NULL),(2227,'Zamfara','57',151,NULL,NULL,NULL),(2228,'Edo','37',151,NULL,NULL,NULL),(2229,'Kano','29',151,NULL,NULL,NULL),(2230,'Kebbi','40',151,NULL,NULL,NULL),(2231,'Ekiti','54',151,NULL,NULL,NULL),(2232,'Bayelsa','52',151,NULL,NULL,NULL),(2233,'Plateau','49',151,NULL,NULL,NULL),(2234,'Ondo','48',151,NULL,NULL,NULL),(2235,'Rivers','50',151,NULL,NULL,NULL),(2236,'Leon','08',152,NULL,NULL,NULL),(2237,'Chontales','04',152,NULL,NULL,NULL),(2238,'Managua','10',152,NULL,NULL,NULL),(2239,'Autonoma Atlantico Norte','17',152,NULL,NULL,NULL),(2240,'Granada','06',152,NULL,NULL,NULL),(2241,'Matagalpa','12',152,NULL,NULL,NULL),(2242,'Boaco','01',152,NULL,NULL,NULL),(2243,'Carazo','02',152,NULL,NULL,NULL),(2244,'Chinandega','03',152,NULL,NULL,NULL),(2245,'Rio San Juan','14',152,NULL,NULL,NULL),(2246,'Rivas','15',152,NULL,NULL,NULL),(2247,'Masaya','11',152,NULL,NULL,NULL),(2248,'Jinotega','07',152,NULL,NULL,NULL),(2249,'Nueva Segovia','13',152,NULL,NULL,NULL),(2250,'Region Autonoma Atlantico Sur','18',152,NULL,NULL,NULL),(2251,'Madriz','09',152,NULL,NULL,NULL),(2252,'Esteli','05',152,NULL,NULL,NULL),(2253,'Drenthe','01',153,NULL,NULL,NULL),(2254,'Zuid-Holland','11',153,NULL,NULL,NULL),(2255,'Overijssel','15',153,NULL,NULL,NULL),(2256,'Noord-Holland','07',153,NULL,NULL,NULL),(2257,'Zeeland','10',153,NULL,NULL,NULL),(2258,'Limburg','05',153,NULL,NULL,NULL),(2259,'Noord-Brabant','06',153,NULL,NULL,NULL),(2260,'Gelderland','03',153,NULL,NULL,NULL),(2261,'Friesland','02',153,NULL,NULL,NULL),(2262,'Groningen','04',153,NULL,NULL,NULL),(2263,'Utrecht','09',153,NULL,NULL,NULL),(2264,'Flevoland','16',153,NULL,NULL,NULL),(2265,'Nordland','09',154,NULL,NULL,NULL),(2266,'Sor-Trondelag','16',154,NULL,NULL,NULL),(2267,'Troms','18',154,NULL,NULL,NULL),(2268,'Vestfold','20',154,NULL,NULL,NULL),(2269,'Hedmark','06',154,NULL,NULL,NULL),(2270,'Hordaland','07',154,NULL,NULL,NULL),(2271,'Vest-Agder','19',154,NULL,NULL,NULL),(2272,'More og Romsdal','08',154,NULL,NULL,NULL),(2273,'Telemark','17',154,NULL,NULL,NULL),(2274,'Buskerud','04',154,NULL,NULL,NULL),(2275,'Rogaland','14',154,NULL,NULL,NULL),(2276,'Aust-Agder','02',154,NULL,NULL,NULL),(2277,'Oppland','11',154,NULL,NULL,NULL),(2278,'Sogn og Fjordane','15',154,NULL,NULL,NULL),(2279,'Akershus','01',154,NULL,NULL,NULL),(2280,'Nord-Trondelag','10',154,NULL,NULL,NULL),(2281,'Ostfold','13',154,NULL,NULL,NULL),(2282,'Finnmark','05',154,NULL,NULL,NULL),(2283,'Oslo','12',154,NULL,NULL,NULL),(2284,'Wellington','G2',158,NULL,NULL,NULL),(2285,'West Coast','G3',158,NULL,NULL,NULL),(2286,'Canterbury','E9',158,NULL,NULL,NULL),(2287,'Otago','F7',158,NULL,NULL,NULL),(2288,'Auckland','E7',158,NULL,NULL,NULL),(2289,'Gisborne','F1',158,NULL,NULL,NULL),(2290,'Hawke\'s Bay','F2',158,NULL,NULL,NULL),(2291,'Taranaki','F9',158,NULL,NULL,NULL),(2292,'Marlborough','F4',158,NULL,NULL,NULL),(2293,'Nelson','F5',158,NULL,NULL,NULL),(2294,'Waikato','G1',158,NULL,NULL,NULL),(2295,'Southland','F8',158,NULL,NULL,NULL),(2296,'Bay of Plenty','E8',158,NULL,NULL,NULL),(2297,'Manawatu-Wanganui','F3',158,NULL,NULL,NULL),(2298,'Al Batinah','02',159,NULL,NULL,NULL),(2299,'Az Zahirah','05',159,NULL,NULL,NULL),(2300,'Ash Sharqiyah','04',159,NULL,NULL,NULL),(2301,'Masqat','06',159,NULL,NULL,NULL),(2302,'Musandam','07',159,NULL,NULL,NULL),(2303,'Zufar','08',159,NULL,NULL,NULL),(2304,'Los Santos','07',160,NULL,NULL,NULL),(2305,'Darien','05',160,NULL,NULL,NULL),(2306,'Chiriqui','02',160,NULL,NULL,NULL),(2307,'Colon','04',160,NULL,NULL,NULL),(2308,'Veraguas','10',160,NULL,NULL,NULL),(2309,'San Blas','09',160,NULL,NULL,NULL),(2310,'Bocas del Toro','01',160,NULL,NULL,NULL),(2311,'Herrera','06',160,NULL,NULL,NULL),(2312,'Panama','08',160,NULL,NULL,NULL),(2313,'Cocle','03',160,NULL,NULL,NULL),(2314,'Ancash','02',161,NULL,NULL,NULL),(2315,'Apurimac','03',161,NULL,NULL,NULL),(2316,'Arequipa','04',161,NULL,NULL,NULL),(2317,'Ica','11',161,NULL,NULL,NULL),(2318,'Cusco','08',161,NULL,NULL,NULL),(2319,'Lambayeque','14',161,NULL,NULL,NULL),(2320,'Ucayali','25',161,NULL,NULL,NULL),(2321,'La Libertad','13',161,NULL,NULL,NULL),(2322,'Ayacucho','05',161,NULL,NULL,NULL),(2323,'Lima','15',161,NULL,NULL,NULL),(2324,'Puno','21',161,NULL,NULL,NULL),(2325,'Junin','12',161,NULL,NULL,NULL),(2326,'Tumbes','24',161,NULL,NULL,NULL),(2327,'Tacna','23',161,NULL,NULL,NULL),(2328,'Cajamarca','06',161,NULL,NULL,NULL),(2329,'Huancavelica','09',161,NULL,NULL,NULL),(2330,'Moquegua','18',161,NULL,NULL,NULL),(2331,'Amazonas','01',161,NULL,NULL,NULL),(2332,'Huanuco','10',161,NULL,NULL,NULL),(2333,'San Martin','22',161,NULL,NULL,NULL),(2334,'Piura','20',161,NULL,NULL,NULL),(2335,'Loreto','16',161,NULL,NULL,NULL),(2336,'Pasco','19',161,NULL,NULL,NULL),(2337,'Madre de Dios','17',161,NULL,NULL,NULL),(2338,'Callao','07',161,NULL,NULL,NULL),(2339,'Eastern Highlands','09',163,NULL,NULL,NULL),(2340,'Madang','12',163,NULL,NULL,NULL),(2341,'Milne Bay','03',163,NULL,NULL,NULL),(2342,'Western','06',163,NULL,NULL,NULL),(2343,'Central','01',163,NULL,NULL,NULL),(2344,'Sandaun','18',163,NULL,NULL,NULL),(2345,'East Sepik','11',163,NULL,NULL,NULL),(2346,'West New Britain','17',163,NULL,NULL,NULL),(2347,'Southern Highlands','05',163,NULL,NULL,NULL),(2348,'Northern','04',163,NULL,NULL,NULL),(2349,'Gulf','02',163,NULL,NULL,NULL),(2350,'Western Highlands','16',163,NULL,NULL,NULL),(2351,'Morobe','14',163,NULL,NULL,NULL),(2352,'Chimbu','08',163,NULL,NULL,NULL),(2353,'East New Britain','10',163,NULL,NULL,NULL),(2354,'North Solomons','07',163,NULL,NULL,NULL),(2355,'Enga','19',163,NULL,NULL,NULL),(2356,'Manus','13',163,NULL,NULL,NULL),(2357,'New Ireland','15',163,NULL,NULL,NULL),(2358,'National Capital','20',163,NULL,NULL,NULL),(2359,'Pangasinan','51',164,NULL,NULL,NULL),(2360,'Cebu','21',164,NULL,NULL,NULL),(2361,'Samar','55',164,NULL,NULL,NULL),(2362,'Camarines Sur','16',164,NULL,NULL,NULL),(2363,'Iloilo','30',164,NULL,NULL,NULL),(2364,'Ilocos Norte','28',164,NULL,NULL,NULL),(2365,'Antique','06',164,NULL,NULL,NULL),(2366,'Bohol','11',164,NULL,NULL,NULL),(2367,'Cagayan','14',164,NULL,NULL,NULL),(2368,'Eastern Samar','23',164,NULL,NULL,NULL),(2369,'Davao','24',164,NULL,NULL,NULL),(2370,'Leyte','37',164,NULL,NULL,NULL),(2371,'Masbate','39',164,NULL,NULL,NULL),(2372,'Negros Occidental','45',164,NULL,NULL,NULL),(2373,'Nueva Vizcaya','48',164,NULL,NULL,NULL),(2374,'Romblon','54',164,NULL,NULL,NULL),(2375,'South Cotabato','70',164,NULL,NULL,NULL),(2376,'Ilocos Sur','29',164,NULL,NULL,NULL),(2377,'Quezon','H2',164,NULL,NULL,NULL),(2378,'Lanao del Norte','34',164,NULL,NULL,NULL),(2379,'North Cotabato','57',164,NULL,NULL,NULL),(2380,'Surigao del Sur','62',164,NULL,NULL,NULL),(2381,'Iligan','C8',164,NULL,NULL,NULL),(2382,'Southern Leyte','59',164,NULL,NULL,NULL),(2383,'Tarlac','63',164,NULL,NULL,NULL),(2384,'Bukidnon','12',164,NULL,NULL,NULL),(2385,'Mindoro Occidental','40',164,NULL,NULL,NULL),(2386,'Palawan','49',164,NULL,NULL,NULL),(2387,'Abra','01',164,NULL,NULL,NULL),(2388,'Bulacan','13',164,NULL,NULL,NULL),(2389,'Capiz','18',164,NULL,NULL,NULL),(2390,'Nueva Ecija','47',164,NULL,NULL,NULL),(2391,'Sorsogon','58',164,NULL,NULL,NULL),(2392,'Benguet','10',164,NULL,NULL,NULL),(2393,'Northern Samar','67',164,NULL,NULL,NULL),(2394,'Quirino','68',164,NULL,NULL,NULL),(2395,'Isabela','31',164,NULL,NULL,NULL),(2396,'Kalinga-Apayao','32',164,NULL,NULL,NULL),(2397,'Mountain','44',164,NULL,NULL,NULL),(2398,'Albay','05',164,NULL,NULL,NULL),(2399,'Batangas','09',164,NULL,NULL,NULL),(2400,'Catanduanes','19',164,NULL,NULL,NULL),(2401,'Negros Oriental','46',164,NULL,NULL,NULL),(2402,'Ifugao','27',164,NULL,NULL,NULL),(2403,'Misamis Oriental','43',164,NULL,NULL,NULL),(2404,'Laguna','33',164,NULL,NULL,NULL),(2405,'Zamboanga del Sur','66',164,NULL,NULL,NULL),(2406,'Camiguin','17',164,NULL,NULL,NULL),(2407,'Negros Occidental','H3',164,NULL,NULL,NULL),(2408,'Bataan','07',164,NULL,NULL,NULL),(2409,'Lanao del Sur','35',164,NULL,NULL,NULL),(2410,'Basilan','22',164,NULL,NULL,NULL),(2411,'La Union','36',164,NULL,NULL,NULL),(2412,'Camarines Norte','15',164,NULL,NULL,NULL),(2413,'Caloocan','B4',164,NULL,NULL,NULL),(2414,'Legaspi','D5',164,NULL,NULL,NULL),(2415,'Calbayog','B3',164,NULL,NULL,NULL),(2416,'Agusan del Norte','02',164,NULL,NULL,NULL),(2417,'Pampanga','50',164,NULL,NULL,NULL),(2418,'Mindoro Oriental','41',164,NULL,NULL,NULL),(2419,'Sulu','60',164,NULL,NULL,NULL),(2420,'Cebu City','B7',164,NULL,NULL,NULL),(2421,'Roxas','F3',164,NULL,NULL,NULL),(2422,'Misamis Occidental','42',164,NULL,NULL,NULL),(2423,'Aklan','04',164,NULL,NULL,NULL),(2424,'Maguindanao','56',164,NULL,NULL,NULL),(2425,'Dumaguete','C5',164,NULL,NULL,NULL),(2426,'Surigao del Norte','61',164,NULL,NULL,NULL),(2427,'Ormoc','E4',164,NULL,NULL,NULL),(2428,'Davao del Sur','25',164,NULL,NULL,NULL),(2429,'Zambales','64',164,NULL,NULL,NULL),(2430,'Agusan del Sur','03',164,NULL,NULL,NULL),(2431,'Lapu-Lapu','D4',164,NULL,NULL,NULL),(2432,'Marinduque','38',164,NULL,NULL,NULL),(2433,'Rizal','53',164,NULL,NULL,NULL),(2434,'Butuan','A8',164,NULL,NULL,NULL),(2435,'Cagayan de Oro','B2',164,NULL,NULL,NULL),(2436,'Pasay','E9',164,NULL,NULL,NULL),(2437,'Sultan Kudarat','71',164,NULL,NULL,NULL),(2438,'Davao City','C3',164,NULL,NULL,NULL),(2439,'Cavite','20',164,NULL,NULL,NULL),(2440,'Iloilo City','C9',164,NULL,NULL,NULL),(2441,'Silay','F8',164,NULL,NULL,NULL),(2442,'Pagadian','E7',164,NULL,NULL,NULL),(2443,'Trece Martires','G6',164,NULL,NULL,NULL),(2444,'Quezon City','F2',164,NULL,NULL,NULL),(2445,'Siquijor','69',164,NULL,NULL,NULL),(2446,'Cotabato','B8',164,NULL,NULL,NULL),(2447,'Angeles','A1',164,NULL,NULL,NULL),(2448,'Toledo','G5',164,NULL,NULL,NULL),(2449,'San Carlos','F4',164,NULL,NULL,NULL),(2450,'Lipa','D6',164,NULL,NULL,NULL),(2451,'Davao Oriental','26',164,NULL,NULL,NULL),(2452,'Tacloban','G1',164,NULL,NULL,NULL),(2453,'Tawitawi','72',164,NULL,NULL,NULL),(2454,'Zamboanga del Norte','65',164,NULL,NULL,NULL),(2455,'Zamboanga','G7',164,NULL,NULL,NULL),(2456,'Bacolod','A2',164,NULL,NULL,NULL),(2457,'Marawi','E1',164,NULL,NULL,NULL),(2458,'Aurora','G8',164,NULL,NULL,NULL),(2459,'Ozamis','E6',164,NULL,NULL,NULL),(2460,'Danao','C1',164,NULL,NULL,NULL),(2461,'Bago','A3',164,NULL,NULL,NULL),(2462,'Cabanatuan','A9',164,NULL,NULL,NULL),(2463,'Pasig','L8',164,NULL,NULL,NULL),(2464,'Baguio','A4',164,NULL,NULL,NULL),(2465,'Tangub','G4',164,NULL,NULL,NULL),(2466,'Naga','E2',164,NULL,NULL,NULL),(2467,'Olongapo','E3',164,NULL,NULL,NULL),(2468,'San Pablo','F7',164,NULL,NULL,NULL),(2469,'Oroquieta','E5',164,NULL,NULL,NULL),(2470,'Manila','D9',164,NULL,NULL,NULL),(2471,'San Juan','M6',164,NULL,NULL,NULL),(2472,'General Santos','C6',164,NULL,NULL,NULL),(2473,'Dapitan','C2',164,NULL,NULL,NULL),(2474,'Canlaon','B5',164,NULL,NULL,NULL),(2475,'Dagupan','B9',164,NULL,NULL,NULL),(2476,'Batanes','08',164,NULL,NULL,NULL),(2477,'Batangas City','A7',164,NULL,NULL,NULL),(2478,'Dipolog','C4',164,NULL,NULL,NULL),(2479,'Tagbilaran','G3',164,NULL,NULL,NULL),(2480,'Cadiz','B1',164,NULL,NULL,NULL),(2481,'Mandaue','D8',164,NULL,NULL,NULL),(2482,'Cavite City','B6',164,NULL,NULL,NULL),(2483,'Tagaytay','G2',164,NULL,NULL,NULL),(2484,'Gingoog','C7',164,NULL,NULL,NULL),(2485,'Iriga','D1',164,NULL,NULL,NULL),(2486,'Paranaque','L7',164,NULL,NULL,NULL),(2487,'La Carlota','D2',164,NULL,NULL,NULL),(2488,'Laoag','D3',164,NULL,NULL,NULL),(2489,'Lucena','D7',164,NULL,NULL,NULL),(2490,'Malaybalay','K6',164,NULL,NULL,NULL),(2491,'Palayan','E8',164,NULL,NULL,NULL),(2492,'Puerto Princesa','F1',164,NULL,NULL,NULL),(2493,'Surigao','F9',164,NULL,NULL,NULL),(2494,'Punjab','04',165,NULL,NULL,NULL),(2495,'Sindh','05',165,NULL,NULL,NULL),(2496,'Balochistan','02',165,NULL,NULL,NULL),(2497,'North-West Frontier','03',165,NULL,NULL,NULL),(2498,'Northern Areas','07',165,NULL,NULL,NULL),(2499,'Federally Administered Tribal Areas','01',165,NULL,NULL,NULL),(2500,'Azad Kashmir','06',165,NULL,NULL,NULL),(2501,'Islamabad','08',165,NULL,NULL,NULL),(2502,'Zachodniopomorskie','87',166,NULL,NULL,NULL),(2503,'Swietokrzyskie','84',166,NULL,NULL,NULL),(2504,'Lodzkie','74',166,NULL,NULL,NULL),(2505,'Warminsko-Mazurskie','85',166,NULL,NULL,NULL),(2506,'Malopolskie','77',166,NULL,NULL,NULL),(2507,'Mazowieckie','78',166,NULL,NULL,NULL),(2508,'Podlaskie','81',166,NULL,NULL,NULL),(2509,'Podkarpackie','80',166,NULL,NULL,NULL),(2510,'Lubuskie','76',166,NULL,NULL,NULL),(2511,'Dolnoslaskie','72',166,NULL,NULL,NULL),(2512,'Lubelskie','75',166,NULL,NULL,NULL),(2513,'Pomorskie','82',166,NULL,NULL,NULL),(2514,'Kujawsko-Pomorskie','73',166,NULL,NULL,NULL),(2515,'Wielkopolskie','86',166,NULL,NULL,NULL),(2516,'Slaskie','83',166,NULL,NULL,NULL),(2517,'Opolskie','79',166,NULL,NULL,NULL),(2518,'Braga','04',170,NULL,NULL,NULL),(2519,'Vila Real','21',170,NULL,NULL,NULL),(2520,'Santarem','18',170,NULL,NULL,NULL),(2521,'Leiria','13',170,NULL,NULL,NULL),(2522,'Lisboa','14',170,NULL,NULL,NULL),(2523,'Braganca','05',170,NULL,NULL,NULL),(2524,'Viana do Castelo','20',170,NULL,NULL,NULL),(2525,'Portalegre','16',170,NULL,NULL,NULL),(2526,'Setubal','19',170,NULL,NULL,NULL),(2527,'Azores','23',170,NULL,NULL,NULL),(2528,'Viseu','22',170,NULL,NULL,NULL),(2529,'Porto','17',170,NULL,NULL,NULL),(2530,'Aveiro','02',170,NULL,NULL,NULL),(2531,'Castelo Branco','06',170,NULL,NULL,NULL),(2532,'Faro','09',170,NULL,NULL,NULL),(2533,'Coimbra','07',170,NULL,NULL,NULL),(2534,'Madeira','10',170,NULL,NULL,NULL),(2535,'Beja','03',170,NULL,NULL,NULL),(2536,'Guarda','11',170,NULL,NULL,NULL),(2537,'Evora','08',170,NULL,NULL,NULL),(2538,'Cordillera','08',172,NULL,NULL,NULL),(2539,'Alto Parana','01',172,NULL,NULL,NULL),(2540,'Caazapa','05',172,NULL,NULL,NULL),(2541,'Boqueron','24',172,NULL,NULL,NULL),(2542,'Paraguari','15',172,NULL,NULL,NULL),(2543,'Amambay','02',172,NULL,NULL,NULL),(2544,'Alto Paraguay','23',172,NULL,NULL,NULL),(2545,'Canindeyu','19',172,NULL,NULL,NULL),(2546,'Concepcion','07',172,NULL,NULL,NULL),(2547,'Misiones','12',172,NULL,NULL,NULL),(2548,'Caaguazu','04',172,NULL,NULL,NULL),(2549,'Neembucu','13',172,NULL,NULL,NULL),(2550,'Itapua','11',172,NULL,NULL,NULL),(2551,'Central','06',172,NULL,NULL,NULL),(2552,'San Pedro','17',172,NULL,NULL,NULL),(2553,'Presidente Hayes','16',172,NULL,NULL,NULL),(2554,'Guaira','10',172,NULL,NULL,NULL),(2555,'Madinat ach Shamal','08',173,NULL,NULL,NULL),(2556,'Ad Dawhah','01',173,NULL,NULL,NULL),(2557,'Umm Salal','09',173,NULL,NULL,NULL),(2558,'Al Khawr','04',173,NULL,NULL,NULL),(2559,'Al Jumaliyah','03',173,NULL,NULL,NULL),(2560,'Al Wakrah Municipality','05',173,NULL,NULL,NULL),(2561,'Ilfov','43',175,NULL,NULL,NULL),(2562,'Giurgiu','42',175,NULL,NULL,NULL),(2563,'Bihor','05',175,NULL,NULL,NULL),(2564,'Caras-Severin','12',175,NULL,NULL,NULL),(2565,'Mehedinti','26',175,NULL,NULL,NULL),(2566,'Vaslui','38',175,NULL,NULL,NULL),(2567,'Tulcea','37',175,NULL,NULL,NULL),(2568,'Constanta','14',175,NULL,NULL,NULL),(2569,'Mures','27',175,NULL,NULL,NULL),(2570,'Harghita','20',175,NULL,NULL,NULL),(2571,'Alba','01',175,NULL,NULL,NULL),(2572,'Arad','02',175,NULL,NULL,NULL),(2573,'Hunedoara','21',175,NULL,NULL,NULL),(2574,'Satu Mare','32',175,NULL,NULL,NULL),(2575,'Sibiu','33',175,NULL,NULL,NULL),(2576,'Maramures','25',175,NULL,NULL,NULL),(2577,'Brasov','09',175,NULL,NULL,NULL),(2578,'Cluj','13',175,NULL,NULL,NULL),(2579,'Teleorman','35',175,NULL,NULL,NULL),(2580,'Dambovita','16',175,NULL,NULL,NULL),(2581,'Dolj','17',175,NULL,NULL,NULL),(2582,'Suceava','34',175,NULL,NULL,NULL),(2583,'Botosani','07',175,NULL,NULL,NULL),(2584,'Iasi','23',175,NULL,NULL,NULL),(2585,'Arges','03',175,NULL,NULL,NULL),(2586,'Buzau','11',175,NULL,NULL,NULL),(2587,'Timis','36',175,NULL,NULL,NULL),(2588,'Neamt','28',175,NULL,NULL,NULL),(2589,'Bacau','04',175,NULL,NULL,NULL),(2590,'Braila','08',175,NULL,NULL,NULL),(2591,'Salaj','31',175,NULL,NULL,NULL),(2592,'Covasna','15',175,NULL,NULL,NULL),(2593,'Bistrita-Nasaud','06',175,NULL,NULL,NULL),(2594,'Calarasi','41',175,NULL,NULL,NULL),(2595,'Gorj','19',175,NULL,NULL,NULL),(2596,'Ialomita','22',175,NULL,NULL,NULL),(2597,'Olt','29',175,NULL,NULL,NULL),(2598,'Valcea','39',175,NULL,NULL,NULL),(2599,'Prahova','30',175,NULL,NULL,NULL),(2600,'Vrancea','40',175,NULL,NULL,NULL),(2601,'Bucuresti','10',175,NULL,NULL,NULL),(2602,'Galati','18',175,NULL,NULL,NULL),(2603,'\"Vojvodina\"','02',0,NULL,NULL,NULL),(2604,'\"Kosovo\"','01',0,NULL,NULL,NULL),(2605,'Moskva','47',176,NULL,NULL,NULL),(2606,'Karelia','28',176,NULL,NULL,NULL),(2607,'Sakha','63',176,NULL,NULL,NULL),(2608,'Altaisky krai','04',176,NULL,NULL,NULL),(2609,'Ivanovo','21',176,NULL,NULL,NULL),(2610,'Kostroma','37',176,NULL,NULL,NULL),(2611,'Nizhegorod','51',176,NULL,NULL,NULL),(2612,'Tver\'','77',176,NULL,NULL,NULL),(2613,'Vladimir','83',176,NULL,NULL,NULL),(2614,'Perm\'','58',176,NULL,NULL,NULL),(2615,'Adygeya','01',176,NULL,NULL,NULL),(2616,'Chita','14',176,NULL,NULL,NULL),(2617,'Taymyr','74',176,NULL,NULL,NULL),(2618,'Kemerovo','29',176,NULL,NULL,NULL),(2619,'Udmurt','80',176,NULL,NULL,NULL),(2620,'Khakass','31',176,NULL,NULL,NULL),(2621,'Vologda','85',176,NULL,NULL,NULL),(2622,'Omsk','54',176,NULL,NULL,NULL),(2623,'Orenburg','55',176,NULL,NULL,NULL),(2624,'Irkutsk','20',176,NULL,NULL,NULL),(2625,'Krasnoyarsk','39',176,NULL,NULL,NULL),(2626,'Sverdlovsk','71',176,NULL,NULL,NULL),(2627,'Tambovskaya oblast','72',176,NULL,NULL,NULL),(2628,'Arkhangel\'sk','06',176,NULL,NULL,NULL),(2629,'Novosibirsk','53',176,NULL,NULL,NULL),(2630,'Ryazan\'','62',176,NULL,NULL,NULL),(2631,'Tula','76',176,NULL,NULL,NULL),(2632,'Rostov','61',176,NULL,NULL,NULL),(2633,'Yaroslavl\'','88',176,NULL,NULL,NULL),(2634,'Tatarstan','73',176,NULL,NULL,NULL),(2635,'Tyumen\'','78',176,NULL,NULL,NULL),(2636,'Penza','57',176,NULL,NULL,NULL),(2637,'Saratov','67',176,NULL,NULL,NULL),(2638,'Chuvashia','16',176,NULL,NULL,NULL),(2639,'Komi','34',176,NULL,NULL,NULL),(2640,'Bryansk','10',176,NULL,NULL,NULL),(2641,'Samara','65',176,NULL,NULL,NULL),(2642,'Mariy-El','45',176,NULL,NULL,NULL),(2643,'Leningrad','42',176,NULL,NULL,NULL),(2644,'Kirov','33',176,NULL,NULL,NULL),(2645,'Gorno-Altay','03',176,NULL,NULL,NULL),(2646,'Dagestan','17',176,NULL,NULL,NULL),(2647,'Kabardin-Balkar','22',176,NULL,NULL,NULL),(2648,'Amur','05',176,NULL,NULL,NULL),(2649,'North Ossetia','68',176,NULL,NULL,NULL),(2650,'Karachay-Cherkess','27',176,NULL,NULL,NULL),(2651,'Krasnodar','38',176,NULL,NULL,NULL),(2652,'Lipetsk','43',176,NULL,NULL,NULL),(2653,'Smolensk','69',176,NULL,NULL,NULL),(2654,'Kaliningrad','23',176,NULL,NULL,NULL),(2655,'Bashkortostan','08',176,NULL,NULL,NULL),(2656,'Chelyabinsk','13',176,NULL,NULL,NULL),(2657,'Ul\'yanovsk','81',176,NULL,NULL,NULL),(2658,'Stavropol\'','70',176,NULL,NULL,NULL),(2659,'Kurgan','40',176,NULL,NULL,NULL),(2660,'Astrakhan\'','07',176,NULL,NULL,NULL),(2661,'Volgograd','84',176,NULL,NULL,NULL),(2662,'Kalmyk','24',176,NULL,NULL,NULL),(2663,'Kaluga','25',176,NULL,NULL,NULL),(2664,'Magadan','44',176,NULL,NULL,NULL),(2665,'Pskov','60',176,NULL,NULL,NULL),(2666,'Orel','56',176,NULL,NULL,NULL),(2667,'Primor\'ye','59',176,NULL,NULL,NULL),(2668,'Belgorod','09',176,NULL,NULL,NULL),(2669,'Buryat','11',176,NULL,NULL,NULL),(2670,'Tomsk','75',176,NULL,NULL,NULL),(2671,'Murmansk','49',176,NULL,NULL,NULL),(2672,'Sakhalin','64',176,NULL,NULL,NULL),(2673,'Voronezh','86',176,NULL,NULL,NULL),(2674,'Novgorod','52',176,NULL,NULL,NULL),(2675,'Mordovia','46',176,NULL,NULL,NULL),(2676,'Kamchatka','26',176,NULL,NULL,NULL),(2677,'Khabarovsk','30',176,NULL,NULL,NULL),(2678,'Koryak','36',176,NULL,NULL,NULL),(2679,'Chukot','15',176,NULL,NULL,NULL),(2680,'Khanty-Mansiy','32',176,NULL,NULL,NULL),(2681,'Kursk','41',176,NULL,NULL,NULL),(2682,'Aginsky Buryatsky AO','02',176,NULL,NULL,NULL),(2683,'Tuva','79',176,NULL,NULL,NULL),(2684,'Nenets','50',176,NULL,NULL,NULL),(2685,'Evenk','18',176,NULL,NULL,NULL),(2686,'Yevrey','89',176,NULL,NULL,NULL),(2687,'Yamal-Nenets','87',176,NULL,NULL,NULL),(2688,'Saint Petersburg City','66',176,NULL,NULL,NULL),(2689,'Moscow City','48',176,NULL,NULL,NULL),(2690,'Kigali','09',177,NULL,NULL,NULL),(2691,'Butare','01',177,NULL,NULL,NULL),(2692,'Kibungo','07',177,NULL,NULL,NULL),(2693,'Gitarama','06',177,NULL,NULL,NULL),(2694,'Makkah','14',178,NULL,NULL,NULL),(2695,'Ar Riyad','10',178,NULL,NULL,NULL),(2696,'Ha\'il','13',178,NULL,NULL,NULL),(2697,'Al Hudud ash Shamaliyah','15',178,NULL,NULL,NULL),(2698,'Jizan','17',178,NULL,NULL,NULL),(2699,'Ash Sharqiyah','06',178,NULL,NULL,NULL),(2700,'Al Madinah','05',178,NULL,NULL,NULL),(2701,'Al Qasim','08',178,NULL,NULL,NULL),(2702,'Al Bahah','02',178,NULL,NULL,NULL),(2703,'Tabuk','19',178,NULL,NULL,NULL),(2704,'Al Jawf','20',178,NULL,NULL,NULL),(2705,'Makira','08',179,NULL,NULL,NULL),(2706,'Beau Vallon','08',180,NULL,NULL,NULL),(2707,'Bahr al Ghazal','32',181,NULL,NULL,NULL),(2708,'River Nile','53',181,NULL,NULL,NULL),(2709,'Darfur','33',181,NULL,NULL,NULL),(2710,'Kurdufan','34',181,NULL,NULL,NULL),(2711,'Al Wusta','27',181,NULL,NULL,NULL),(2712,'Ash Shamaliyah','30',181,NULL,NULL,NULL),(2713,'Ash Sharqiyah','31',181,NULL,NULL,NULL),(2714,'Al Istiwa\'iyah','28',181,NULL,NULL,NULL),(2715,'Al Khartum','29',181,NULL,NULL,NULL),(2716,'Northern Darfur','55',181,NULL,NULL,NULL),(2717,'Central Equatoria State','44',181,NULL,NULL,NULL),(2718,'Al Wahadah State','40',181,NULL,NULL,NULL),(2719,'Kassala','52',181,NULL,NULL,NULL),(2720,'Southern Kordofan','50',181,NULL,NULL,NULL),(2721,'Upper Nile','35',181,NULL,NULL,NULL),(2722,'Southern Darfur','49',181,NULL,NULL,NULL),(2723,'Vasternorrlands Lan','24',182,NULL,NULL,NULL),(2724,'Vastra Gotaland','28',182,NULL,NULL,NULL),(2725,'Norrbottens Lan','14',182,NULL,NULL,NULL),(2726,'Vasterbottens Lan','23',182,NULL,NULL,NULL),(2727,'Skane Lan','27',182,NULL,NULL,NULL),(2728,'Kalmar Lan','09',182,NULL,NULL,NULL),(2729,'Jamtlands Lan','07',182,NULL,NULL,NULL),(2730,'Kronobergs Lan','12',182,NULL,NULL,NULL),(2731,'Ostergotlands Lan','16',182,NULL,NULL,NULL),(2732,'Stockholms Lan','26',182,NULL,NULL,NULL),(2733,'Dalarnas Lan','10',182,NULL,NULL,NULL),(2734,'Blekinge Lan','02',182,NULL,NULL,NULL),(2735,'Gavleborgs Lan','03',182,NULL,NULL,NULL),(2736,'Sodermanlands Lan','18',182,NULL,NULL,NULL),(2737,'Vastmanlands Lan','25',182,NULL,NULL,NULL),(2738,'Varmlands Lan','22',182,NULL,NULL,NULL),(2739,'Hallands Lan','06',182,NULL,NULL,NULL),(2740,'Orebro Lan','15',182,NULL,NULL,NULL),(2741,'Uppsala Lan','21',182,NULL,NULL,NULL),(2742,'Jonkopings Lan','08',182,NULL,NULL,NULL),(2743,'Gotlands Lan','05',182,NULL,NULL,NULL),(2744,'Bohinj Commune','04',185,NULL,NULL,NULL),(2745,'Brezovica Commune','09',185,NULL,NULL,NULL),(2746,'Kosice','03',187,NULL,NULL,NULL),(2747,'Banska Bystrica','01',187,NULL,NULL,NULL),(2748,'Nitra','04',187,NULL,NULL,NULL),(2749,'Trnava','07',187,NULL,NULL,NULL),(2750,'Presov','05',187,NULL,NULL,NULL),(2751,'Zilina','08',187,NULL,NULL,NULL),(2752,'Bratislava','02',187,NULL,NULL,NULL),(2753,'Trencin','06',187,NULL,NULL,NULL),(2754,'Western Area','04',188,NULL,NULL,NULL),(2755,'Northern','02',188,NULL,NULL,NULL),(2756,'Eastern','01',188,NULL,NULL,NULL),(2757,'Southern','03',188,NULL,NULL,NULL),(2758,'Acquaviva','01',189,NULL,NULL,NULL),(2759,'Chiesanuova','02',189,NULL,NULL,NULL),(2760,'San Marino','07',189,NULL,NULL,NULL),(2761,'Serravalle','09',189,NULL,NULL,NULL),(2762,'Dakar','01',190,NULL,NULL,NULL),(2763,'Diourbel','03',190,NULL,NULL,NULL),(2764,'Kolda','11',190,NULL,NULL,NULL),(2765,'Ziguinchor','12',190,NULL,NULL,NULL),(2766,'Thies','07',190,NULL,NULL,NULL),(2767,'Fatick','09',190,NULL,NULL,NULL),(2768,'Kaolack','10',190,NULL,NULL,NULL),(2769,'Tambacounda','05',190,NULL,NULL,NULL),(2770,'Louga','13',190,NULL,NULL,NULL),(2771,'Matam','15',190,NULL,NULL,NULL),(2772,'Saint-Louis','14',190,NULL,NULL,NULL),(2773,'Bay','04',191,NULL,NULL,NULL),(2774,'Shabeellaha Hoose','14',191,NULL,NULL,NULL),(2775,'Bakool','01',191,NULL,NULL,NULL),(2776,'Hiiraan','07',191,NULL,NULL,NULL),(2777,'Gedo','06',191,NULL,NULL,NULL),(2778,'Bari','03',191,NULL,NULL,NULL),(2779,'Galguduud','05',191,NULL,NULL,NULL),(2780,'Mudug','10',191,NULL,NULL,NULL),(2781,'Woqooyi Galbeed','16',191,NULL,NULL,NULL),(2782,'Jubbada Dhexe','08',191,NULL,NULL,NULL),(2783,'Shabeellaha Dhexe','13',191,NULL,NULL,NULL),(2784,'Jubbada Hoose','09',191,NULL,NULL,NULL),(2785,'Nugaal','11',191,NULL,NULL,NULL),(2786,'Sanaag','12',191,NULL,NULL,NULL),(2787,'Banaadir','02',191,NULL,NULL,NULL),(2788,'Brokopondo','10',192,NULL,NULL,NULL),(2789,'Sipaliwini','18',192,NULL,NULL,NULL),(2790,'Marowijne','13',192,NULL,NULL,NULL),(2791,'Para','15',192,NULL,NULL,NULL),(2792,'Commewijne','11',192,NULL,NULL,NULL),(2793,'Saramacca','17',192,NULL,NULL,NULL),(2794,'Nickerie','14',192,NULL,NULL,NULL),(2795,'Coronie','12',192,NULL,NULL,NULL),(2796,'Wanica','19',192,NULL,NULL,NULL),(2797,'Paramaribo','16',192,NULL,NULL,NULL),(2798,'Sao Tome','02',193,NULL,NULL,NULL),(2799,'Principe','01',193,NULL,NULL,NULL),(2800,'Sonsonate','13',194,NULL,NULL,NULL),(2801,'Morazan','08',194,NULL,NULL,NULL),(2802,'San Vicente','12',194,NULL,NULL,NULL),(2803,'La Union','07',194,NULL,NULL,NULL),(2804,'San Salvador','10',194,NULL,NULL,NULL),(2805,'Chalatenango','03',194,NULL,NULL,NULL),(2806,'La Libertad','05',194,NULL,NULL,NULL),(2807,'Cabanas','02',194,NULL,NULL,NULL),(2808,'Cuscatlan','04',194,NULL,NULL,NULL),(2809,'Usulutan','14',194,NULL,NULL,NULL),(2810,'Ahuachapan','01',194,NULL,NULL,NULL),(2811,'Santa Ana','11',194,NULL,NULL,NULL),(2812,'San Miguel','09',194,NULL,NULL,NULL),(2813,'La Paz','06',194,NULL,NULL,NULL),(2814,'Al Hasakah','01',195,NULL,NULL,NULL),(2815,'Ar Raqqah','04',195,NULL,NULL,NULL),(2816,'Tartus','14',195,NULL,NULL,NULL),(2817,'Rif Dimashq','08',195,NULL,NULL,NULL),(2818,'Hims','11',195,NULL,NULL,NULL),(2819,'Idlib','12',195,NULL,NULL,NULL),(2820,'Hamah','10',195,NULL,NULL,NULL),(2821,'Halab','09',195,NULL,NULL,NULL),(2822,'Al Qunaytirah','03',195,NULL,NULL,NULL),(2823,'Dar','06',195,NULL,NULL,NULL),(2824,'As Suwayda\'','05',195,NULL,NULL,NULL),(2825,'Al Ladhiqiyah','02',195,NULL,NULL,NULL),(2826,'Dayr az Zawr','07',195,NULL,NULL,NULL),(2827,'Dimashq','13',195,NULL,NULL,NULL),(2828,'Lubombo','02',196,NULL,NULL,NULL),(2829,'Hhohho','01',196,NULL,NULL,NULL),(2830,'Manzini','03',196,NULL,NULL,NULL),(2831,'Shiselweni','04',196,NULL,NULL,NULL),(2832,'Ouaddai','12',198,NULL,NULL,NULL),(2833,'Biltine','02',198,NULL,NULL,NULL),(2834,'Batha','01',198,NULL,NULL,NULL),(2835,'Mayo-Kebbi','10',198,NULL,NULL,NULL),(2836,'Chari-Baguirmi','04',198,NULL,NULL,NULL),(2837,'Guera','05',198,NULL,NULL,NULL),(2838,'Salamat','13',198,NULL,NULL,NULL),(2839,'Kanem','06',198,NULL,NULL,NULL),(2840,'Logone Occidental','08',198,NULL,NULL,NULL),(2841,'Lac','07',198,NULL,NULL,NULL),(2842,'Borkou-Ennedi-Tibesti','03',198,NULL,NULL,NULL),(2843,'Tandjile','14',198,NULL,NULL,NULL),(2844,'Moyen-Chari','11',198,NULL,NULL,NULL),(2845,'Logone Oriental','09',198,NULL,NULL,NULL),(2846,'Plateaux','25',200,NULL,NULL,NULL),(2847,'Kara','23',200,NULL,NULL,NULL),(2848,'Savanes','26',200,NULL,NULL,NULL),(2849,'Centrale','22',200,NULL,NULL,NULL),(2850,'Maritime','24',200,NULL,NULL,NULL),(2851,'Trat','49',201,NULL,NULL,NULL),(2852,'Chiang Mai','02',201,NULL,NULL,NULL),(2853,'Nan','04',201,NULL,NULL,NULL),(2854,'Prachin Buri','45',201,NULL,NULL,NULL),(2855,'Krabi','63',201,NULL,NULL,NULL),(2856,'Sakon Nakhon','20',201,NULL,NULL,NULL),(2857,'Nakhon Phanom','73',201,NULL,NULL,NULL),(2858,'Amnat Charoen','77',201,NULL,NULL,NULL),(2859,'Samut Songkhram','54',201,NULL,NULL,NULL),(2860,'Nakhon Sawan','16',201,NULL,NULL,NULL),(2861,'Kanchanaburi','50',201,NULL,NULL,NULL),(2862,'Ubon Ratchathani','71',201,NULL,NULL,NULL),(2863,'Chumphon','58',201,NULL,NULL,NULL),(2864,'Chachoengsao','44',201,NULL,NULL,NULL),(2865,'Sa Kaeo','80',201,NULL,NULL,NULL),(2866,'Roi Et','25',201,NULL,NULL,NULL),(2867,'Narathiwat','31',201,NULL,NULL,NULL),(2868,'Pattani','69',201,NULL,NULL,NULL),(2869,'Chaiyaphum','26',201,NULL,NULL,NULL),(2870,'Kalasin','23',201,NULL,NULL,NULL),(2871,'Chon Buri','46',201,NULL,NULL,NULL),(2872,'Sukhothai','09',201,NULL,NULL,NULL),(2873,'Surat Thani','60',201,NULL,NULL,NULL),(2874,'Phra Nakhon Si Ayutthaya','36',201,NULL,NULL,NULL),(2875,'Nonthaburi','38',201,NULL,NULL,NULL),(2876,'Samut Prakan','42',201,NULL,NULL,NULL),(2877,'Ang Thong','35',201,NULL,NULL,NULL),(2878,'Krung Thep','40',201,NULL,NULL,NULL),(2879,'Phitsanulok','12',201,NULL,NULL,NULL),(2880,'Nakhon Pathom','53',201,NULL,NULL,NULL),(2881,'Phichit','13',201,NULL,NULL,NULL),(2882,'Ratchaburi','52',201,NULL,NULL,NULL),(2883,'Suphan Buri','51',201,NULL,NULL,NULL),(2884,'Sing Buri','33',201,NULL,NULL,NULL),(2885,'Prachuap Khiri Khan','57',201,NULL,NULL,NULL),(2886,'Lamphun','05',201,NULL,NULL,NULL),(2887,'Rayong','47',201,NULL,NULL,NULL),(2888,'Ubon Ratchathani','75',201,NULL,NULL,NULL),(2889,'Chai Nat','32',201,NULL,NULL,NULL),(2890,'Buriram','28',201,NULL,NULL,NULL),(2891,'Phetchaburi','56',201,NULL,NULL,NULL),(2892,'Tak','08',201,NULL,NULL,NULL),(2893,'Phayao','41',201,NULL,NULL,NULL),(2894,'Lop Buri','34',201,NULL,NULL,NULL),(2895,'Saraburi','37',201,NULL,NULL,NULL),(2896,'Nakhon Nayok','43',201,NULL,NULL,NULL),(2897,'Yala','70',201,NULL,NULL,NULL),(2898,'Nakhon Ratchasima','27',201,NULL,NULL,NULL),(2899,'Samut Sakhon','55',201,NULL,NULL,NULL),(2900,'Khon Kaen','22',201,NULL,NULL,NULL),(2901,'Uthai Thani','15',201,NULL,NULL,NULL),(2902,'Nong Khai','17',201,NULL,NULL,NULL),(2903,'Maha Sarakham','24',201,NULL,NULL,NULL),(2904,'Lampang','06',201,NULL,NULL,NULL),(2905,'Songkhla','68',201,NULL,NULL,NULL),(2906,'Nakhon Si Thammarat','64',201,NULL,NULL,NULL),(2907,'Loei','18',201,NULL,NULL,NULL),(2908,'Chiang Rai','03',201,NULL,NULL,NULL),(2909,'Surin','29',201,NULL,NULL,NULL),(2910,'Phetchabun','14',201,NULL,NULL,NULL),(2911,'Phrae','07',201,NULL,NULL,NULL),(2912,'Phangnga','61',201,NULL,NULL,NULL),(2913,'Uttaradit','10',201,NULL,NULL,NULL),(2914,'Sisaket','30',201,NULL,NULL,NULL),(2915,'Trang','65',201,NULL,NULL,NULL),(2916,'Kamphaeng Phet','11',201,NULL,NULL,NULL),(2917,'Phuket','62',201,NULL,NULL,NULL),(2918,'Mukdahan','78',201,NULL,NULL,NULL),(2919,'Yasothon','72',201,NULL,NULL,NULL),(2920,'Phatthalung','66',201,NULL,NULL,NULL),(2921,'Pathum Thani','39',201,NULL,NULL,NULL),(2922,'Chanthaburi','48',201,NULL,NULL,NULL),(2923,'Mae Hong Son','01',201,NULL,NULL,NULL),(2924,'Ranong','59',201,NULL,NULL,NULL),(2925,'Udon Thani','76',201,NULL,NULL,NULL),(2926,'Satun','67',201,NULL,NULL,NULL),(2927,'Nong Bua Lamphu','79',201,NULL,NULL,NULL),(2928,'Nakhon Phanom','21',201,NULL,NULL,NULL),(2929,'Khatlon','02',202,NULL,NULL,NULL),(2930,'Sughd','03',202,NULL,NULL,NULL),(2931,'Kuhistoni Badakhshon','01',202,NULL,NULL,NULL),(2932,'Lebap','04',204,NULL,NULL,NULL),(2933,'Balkan','02',204,NULL,NULL,NULL),(2934,'Ahal','01',204,NULL,NULL,NULL),(2935,'Mary','05',204,NULL,NULL,NULL),(2936,'Dashoguz','03',204,NULL,NULL,NULL),(2937,'Madanin','28',205,NULL,NULL,NULL),(2938,'El Kef','14',205,NULL,NULL,NULL),(2939,'Tozeur','35',205,NULL,NULL,NULL),(2940,'Sousse','23',205,NULL,NULL,NULL),(2941,'Gabes','29',205,NULL,NULL,NULL),(2942,'Sfax','32',205,NULL,NULL,NULL),(2943,'Bizerte','18',205,NULL,NULL,NULL),(2944,'Al Munastir','16',205,NULL,NULL,NULL),(2945,'Nabeul','19',205,NULL,NULL,NULL),(2946,'Kasserine','02',205,NULL,NULL,NULL),(2947,'Tataouine','34',205,NULL,NULL,NULL),(2948,'Sidi Bou Zid','33',205,NULL,NULL,NULL),(2949,'Al Mahdia','15',205,NULL,NULL,NULL),(2950,'Jendouba','06',205,NULL,NULL,NULL),(2951,'Ben Arous','27',205,NULL,NULL,NULL),(2952,'Kairouan','03',205,NULL,NULL,NULL),(2953,'Zaghouan','37',205,NULL,NULL,NULL),(2954,'Kebili','31',205,NULL,NULL,NULL),(2955,'Bajah','17',205,NULL,NULL,NULL),(2956,'Siliana','22',205,NULL,NULL,NULL),(2957,'Tunis','36',205,NULL,NULL,NULL),(2958,'Tongatapu','02',206,NULL,NULL,NULL),(2959,'Ha','01',206,NULL,NULL,NULL),(2960,'Vava','03',206,NULL,NULL,NULL),(2961,'Amasya','05',207,NULL,NULL,NULL),(2962,'Hatay','31',207,NULL,NULL,NULL),(2963,'Diyarbakir','21',207,NULL,NULL,NULL),(2964,'Adana','81',207,NULL,NULL,NULL),(2965,'Bolu','14',207,NULL,NULL,NULL),(2966,'Ankara','68',207,NULL,NULL,NULL),(2967,'Konya','71',207,NULL,NULL,NULL),(2968,'Bilecik','11',207,NULL,NULL,NULL),(2969,'Izmir','35',207,NULL,NULL,NULL),(2970,'Tokat','60',207,NULL,NULL,NULL),(2971,'Edirne','22',207,NULL,NULL,NULL),(2972,'Kirsehir','40',207,NULL,NULL,NULL),(2973,'Van','65',207,NULL,NULL,NULL),(2974,'Kastamonu','37',207,NULL,NULL,NULL),(2975,'Sivas','58',207,NULL,NULL,NULL),(2976,'Denizli','20',207,NULL,NULL,NULL),(2977,'Kutahya','43',207,NULL,NULL,NULL),(2978,'Bingol','12',207,NULL,NULL,NULL),(2979,'Kahramanmaras','46',207,NULL,NULL,NULL),(2980,'Sanliurfa','63',207,NULL,NULL,NULL),(2981,'Agri','04',207,NULL,NULL,NULL),(2982,'Eskisehir','26',207,NULL,NULL,NULL),(2983,'Malatya','44',207,NULL,NULL,NULL),(2984,'Adiyaman','02',207,NULL,NULL,NULL),(2985,'Giresun','28',207,NULL,NULL,NULL),(2986,'Mus','49',207,NULL,NULL,NULL),(2987,'Corum','19',207,NULL,NULL,NULL),(2988,'Erzurum','25',207,NULL,NULL,NULL),(2989,'Mersin','32',207,NULL,NULL,NULL),(2990,'Aydin','09',207,NULL,NULL,NULL),(2991,'Nevsehir','50',207,NULL,NULL,NULL),(2992,'Manisa','45',207,NULL,NULL,NULL),(2993,'Canakkale','17',207,NULL,NULL,NULL),(2994,'Ordu','52',207,NULL,NULL,NULL),(2995,'Yozgat','66',207,NULL,NULL,NULL),(2996,'Tunceli','62',207,NULL,NULL,NULL),(2997,'Mardin','72',207,NULL,NULL,NULL),(2998,'Sinop','57',207,NULL,NULL,NULL),(2999,'Antalya','07',207,NULL,NULL,NULL),(3000,'Erzincan','24',207,NULL,NULL,NULL),(3001,'Artvin','08',207,NULL,NULL,NULL),(3002,'Sakarya','54',207,NULL,NULL,NULL),(3003,'Afyonkarahisar','03',207,NULL,NULL,NULL),(3004,'Bursa','16',207,NULL,NULL,NULL),(3005,'Trabzon','61',207,NULL,NULL,NULL),(3006,'Tekirdag','59',207,NULL,NULL,NULL),(3007,'Kilis','90',207,NULL,NULL,NULL),(3008,'Gaziantep','83',207,NULL,NULL,NULL),(3009,'Sirnak','80',207,NULL,NULL,NULL),(3010,'Balikesir','10',207,NULL,NULL,NULL),(3011,'Elazig','23',207,NULL,NULL,NULL),(3012,'Ardahan','86',207,NULL,NULL,NULL),(3013,'Batman','76',207,NULL,NULL,NULL),(3014,'Kayseri','38',207,NULL,NULL,NULL),(3015,'Kocaeli','41',207,NULL,NULL,NULL),(3016,'Samsun','55',207,NULL,NULL,NULL),(3017,'Isparta','33',207,NULL,NULL,NULL),(3018,'Mugla','48',207,NULL,NULL,NULL),(3019,'Bitlis','13',207,NULL,NULL,NULL),(3020,'Rize','53',207,NULL,NULL,NULL),(3021,'Hakkari','70',207,NULL,NULL,NULL),(3022,'Istanbul','34',207,NULL,NULL,NULL),(3023,'Karaman','78',207,NULL,NULL,NULL),(3024,'Igdir','88',207,NULL,NULL,NULL),(3025,'Nigde','73',207,NULL,NULL,NULL),(3026,'Usak','64',207,NULL,NULL,NULL),(3027,'Siirt','74',207,NULL,NULL,NULL),(3028,'Kirklareli','39',207,NULL,NULL,NULL),(3029,'Burdur','15',207,NULL,NULL,NULL),(3030,'Gumushane','69',207,NULL,NULL,NULL),(3031,'Osmaniye','91',207,NULL,NULL,NULL),(3032,'Yalova','92',207,NULL,NULL,NULL),(3033,'Kars','84',207,NULL,NULL,NULL),(3034,'Tobago','11',208,NULL,NULL,NULL),(3035,'Caroni','02',208,NULL,NULL,NULL),(3036,'Saint David','07',208,NULL,NULL,NULL),(3037,'Arima','01',208,NULL,NULL,NULL),(3038,'Saint George','08',208,NULL,NULL,NULL),(3039,'Saint Patrick','09',208,NULL,NULL,NULL),(3040,'Victoria','12',208,NULL,NULL,NULL),(3041,'Nariva','04',208,NULL,NULL,NULL),(3042,'Port-of-Spain','05',208,NULL,NULL,NULL),(3043,'Saint Andrew','06',208,NULL,NULL,NULL),(3044,'Mayaro','03',208,NULL,NULL,NULL),(3045,'San Fernando','10',208,NULL,NULL,NULL),(3046,'T\'ai-wan','04',210,NULL,NULL,NULL),(3047,'T\'ai-pei','03',210,NULL,NULL,NULL),(3048,'Fu-chien','01',210,NULL,NULL,NULL),(3049,'Kao-hsiung','02',210,NULL,NULL,NULL),(3050,'Tabora','17',211,NULL,NULL,NULL),(3051,'Manyara','27',211,NULL,NULL,NULL),(3052,'Mtwara','11',211,NULL,NULL,NULL),(3053,'Lindi','07',211,NULL,NULL,NULL),(3054,'Ruvuma','14',211,NULL,NULL,NULL),(3055,'Iringa','04',211,NULL,NULL,NULL),(3056,'Tanga','18',211,NULL,NULL,NULL),(3057,'Pemba South','20',211,NULL,NULL,NULL),(3058,'Kagera','19',211,NULL,NULL,NULL),(3059,'Arusha','26',211,NULL,NULL,NULL),(3060,'Mwanza','12',211,NULL,NULL,NULL),(3061,'Kilimanjaro','06',211,NULL,NULL,NULL),(3062,'Pwani','02',211,NULL,NULL,NULL),(3063,'Zanzibar Central','21',211,NULL,NULL,NULL),(3064,'Dodoma','03',211,NULL,NULL,NULL),(3065,'Shinyanga','15',211,NULL,NULL,NULL),(3066,'Zanzibar Urban','25',211,NULL,NULL,NULL),(3067,'Pemba North','13',211,NULL,NULL,NULL),(3068,'Mara','08',211,NULL,NULL,NULL),(3069,'Dar es Salaam','23',211,NULL,NULL,NULL),(3070,'Zanzibar North','22',211,NULL,NULL,NULL),(3071,'Mbeya','09',211,NULL,NULL,NULL),(3072,'Singida','16',211,NULL,NULL,NULL),(3073,'Kigoma','05',211,NULL,NULL,NULL),(3074,'Morogoro','10',211,NULL,NULL,NULL),(3075,'Rukwa','24',211,NULL,NULL,NULL),(3076,'Krym','11',212,NULL,NULL,NULL),(3077,'Odes\'ka Oblast\'','17',212,NULL,NULL,NULL),(3078,'Kharkivs\'ka Oblast\'','07',212,NULL,NULL,NULL),(3079,'Poltavs\'ka Oblast\'','18',212,NULL,NULL,NULL),(3080,'Kyyivs\'ka Oblast\'','13',212,NULL,NULL,NULL),(3081,'Zakarpats\'ka Oblast\'','25',212,NULL,NULL,NULL),(3082,'Sums\'ka Oblast\'','21',212,NULL,NULL,NULL),(3083,'Donets\'ka Oblast\'','05',212,NULL,NULL,NULL),(3084,'Khersons\'ka Oblast\'','08',212,NULL,NULL,NULL),(3085,'L\'vivs\'ka Oblast\'','15',212,NULL,NULL,NULL),(3086,'Cherkas\'ka Oblast\'','01',212,NULL,NULL,NULL),(3087,'Vinnyts\'ka Oblast\'','23',212,NULL,NULL,NULL),(3088,'Rivnens\'ka Oblast\'','19',212,NULL,NULL,NULL),(3089,'Khmel\'nyts\'ka Oblast\'','09',212,NULL,NULL,NULL),(3090,'Chernihivs\'ka Oblast\'','02',212,NULL,NULL,NULL),(3091,'Dnipropetrovs\'ka Oblast\'','04',212,NULL,NULL,NULL),(3092,'Mykolayivs\'ka Oblast\'','16',212,NULL,NULL,NULL),(3093,'Ternopil\'s\'ka Oblast\'','22',212,NULL,NULL,NULL),(3094,'Zhytomyrs\'ka Oblast\'','27',212,NULL,NULL,NULL),(3095,'Chernivets\'ka Oblast\'','03',212,NULL,NULL,NULL),(3096,'Luhans\'ka Oblast\'','14',212,NULL,NULL,NULL),(3097,'Sevastopol\'','20',212,NULL,NULL,NULL),(3098,'Kirovohrads\'ka Oblast\'','10',212,NULL,NULL,NULL),(3099,'Ivano-Frankivs\'ka Oblast\'','06',212,NULL,NULL,NULL),(3100,'Zaporiz\'ka Oblast\'','26',212,NULL,NULL,NULL),(3101,'Volyns\'ka Oblast\'','24',212,NULL,NULL,NULL),(3102,'Nebbi','58',213,NULL,NULL,NULL),(3103,'Katakwi','69',213,NULL,NULL,NULL),(3104,'Lira','47',213,NULL,NULL,NULL),(3105,'Apac','26',213,NULL,NULL,NULL),(3106,'Kaberamaido','80',213,NULL,NULL,NULL),(3107,'Arua','77',213,NULL,NULL,NULL),(3108,'Soroti','95',213,NULL,NULL,NULL),(3109,'Tororo','76',213,NULL,NULL,NULL),(3110,'Gulu','30',213,NULL,NULL,NULL),(3111,'Pallisa','60',213,NULL,NULL,NULL),(3112,'Pader','92',213,NULL,NULL,NULL),(3113,'Kumi','46',213,NULL,NULL,NULL),(3114,'Adjumani','65',213,NULL,NULL,NULL),(3115,'Kotido','45',213,NULL,NULL,NULL),(3116,'Kitgum','84',213,NULL,NULL,NULL),(3117,'Masindi','50',213,NULL,NULL,NULL),(3118,'Mbarara','52',213,NULL,NULL,NULL),(3119,'Bundibugyo','28',213,NULL,NULL,NULL),(3120,'Nakapiripirit','91',213,NULL,NULL,NULL),(3121,'Moroto','88',213,NULL,NULL,NULL),(3122,'Moyo','72',213,NULL,NULL,NULL),(3123,'Mbale','87',213,NULL,NULL,NULL),(3124,'Yumbe','97',213,NULL,NULL,NULL),(3125,'Kapchorwa','39',213,NULL,NULL,NULL),(3126,'Nakasongola','73',213,NULL,NULL,NULL),(3127,'Mubende','56',213,NULL,NULL,NULL),(3128,'Kisoro','43',213,NULL,NULL,NULL),(3129,'Iganga','78',213,NULL,NULL,NULL),(3130,'Kayunga','83',213,NULL,NULL,NULL),(3131,'Mukono','90',213,NULL,NULL,NULL),(3132,'Mpigi','89',213,NULL,NULL,NULL),(3133,'Kamuli','38',213,NULL,NULL,NULL),(3134,'Luwero','70',213,NULL,NULL,NULL),(3135,'Masaka','71',213,NULL,NULL,NULL),(3136,'Rakai','61',213,NULL,NULL,NULL),(3137,'Kalangala','36',213,NULL,NULL,NULL),(3138,'Kibale','41',213,NULL,NULL,NULL),(3139,'Bugiri','66',213,NULL,NULL,NULL),(3140,'Wakiso','96',213,NULL,NULL,NULL),(3141,'Kiboga','42',213,NULL,NULL,NULL),(3142,'Kampala','37',213,NULL,NULL,NULL),(3143,'Mayuge','86',213,NULL,NULL,NULL),(3144,'Kyenjojo','85',213,NULL,NULL,NULL),(3145,'Rukungiri','93',213,NULL,NULL,NULL),(3146,'Bushenyi','29',213,NULL,NULL,NULL),(3147,'Hoima','31',213,NULL,NULL,NULL),(3148,'Kamwenge','81',213,NULL,NULL,NULL),(3149,'Kabarole','79',213,NULL,NULL,NULL),(3150,'Sironko','94',213,NULL,NULL,NULL),(3151,'Kasese','40',213,NULL,NULL,NULL),(3152,'Sembabule','74',213,NULL,NULL,NULL),(3153,'Jinja','33',213,NULL,NULL,NULL),(3154,'Busia','67',213,NULL,NULL,NULL),(3155,'Ntungamo','59',213,NULL,NULL,NULL),(3156,'Kanungu','82',213,NULL,NULL,NULL),(3157,'Alabama','AL',230,NULL,NULL,NULL),(3158,'Alaska','AK',230,NULL,NULL,NULL),(3159,'American Samoa','AS',230,NULL,NULL,NULL),(3160,'Arizona','AZ',230,NULL,NULL,NULL),(3161,'Arkansas','AR',230,NULL,NULL,NULL),(3162,'California','CA',230,NULL,NULL,NULL),(3163,'Colorado','CO',230,NULL,NULL,NULL),(3164,'Connecticut','CT',230,NULL,NULL,NULL),(3165,'Delaware','DE',230,NULL,NULL,NULL),(3166,'District of Columbia','DC',230,NULL,NULL,NULL),(3167,'Florida','FL',230,NULL,NULL,NULL),(3168,'Georgia','GA',230,NULL,NULL,NULL),(3169,'Guam','GU',230,NULL,NULL,NULL),(3170,'Hawaii','HI',230,NULL,NULL,NULL),(3171,'Idaho','ID',230,NULL,NULL,NULL),(3172,'Illinois','IL',230,NULL,NULL,NULL),(3173,'Indiana','IN',230,NULL,NULL,NULL),(3174,'Iowa','IA',230,NULL,NULL,NULL),(3175,'Kansas','KS',230,NULL,NULL,NULL),(3176,'Kentucky','KY',230,NULL,NULL,NULL),(3177,'Louisiana','LA',230,NULL,NULL,NULL),(3178,'Maine','ME',230,NULL,NULL,NULL),(3179,'Marshall Islands','MH',230,NULL,NULL,NULL),(3180,'Maryland','MD',230,NULL,NULL,NULL),(3181,'Massachusetts','MA',230,NULL,NULL,NULL),(3182,'Michigan','MI',230,NULL,NULL,NULL),(3183,'Federated States of Micronesia','FM',230,NULL,NULL,NULL),(3184,'Minnesota','MN',230,NULL,NULL,NULL),(3185,'Mississippi','MS',230,NULL,NULL,NULL),(3186,'Missouri','MO',230,NULL,NULL,NULL),(3187,'Montana','MT',230,NULL,NULL,NULL),(3188,'Nebraska','NE',230,NULL,NULL,NULL),(3189,'Nevada','NV',230,NULL,NULL,NULL),(3190,'New Hampshire','NH',230,NULL,NULL,NULL),(3191,'New Jersey','NJ',230,NULL,NULL,NULL),(3192,'New Mexico','NM',230,NULL,NULL,NULL),(3193,'New York','NY',230,NULL,NULL,NULL),(3194,'North Carolina','NC',230,NULL,NULL,NULL),(3195,'North Dakota','ND',230,NULL,NULL,NULL),(3196,'Northern Mariana Islands','MP',230,NULL,NULL,NULL),(3197,'Ohio','OH',230,NULL,NULL,NULL),(3198,'Oklahoma','OK',230,NULL,NULL,NULL),(3199,'Oregon','OR',230,NULL,NULL,NULL),(3200,'Palau','PW',230,NULL,NULL,NULL),(3201,'Pennsylvania','PA',230,NULL,NULL,NULL),(3202,'Puerto Rico','PR',230,NULL,NULL,NULL),(3203,'Rhode Island','RI',230,NULL,NULL,NULL),(3204,'South Carolina','SC',230,NULL,NULL,NULL),(3205,'South Dakota','SD',230,NULL,NULL,NULL),(3206,'Tennessee','TN',230,NULL,NULL,NULL),(3207,'Texas','TX',230,NULL,NULL,NULL),(3208,'Utah','UT',230,NULL,NULL,NULL),(3209,'Vermont','VT',230,NULL,NULL,NULL),(3210,'Virgin Islands','VI',230,NULL,NULL,NULL),(3211,'Virginia','VA',230,NULL,NULL,NULL),(3212,'Washington','WA',230,NULL,NULL,NULL),(3213,'West Virginia','WV',230,NULL,NULL,NULL),(3214,'Wisconsin','WI',230,NULL,NULL,NULL),(3215,'Wyoming','WY',230,NULL,NULL,NULL),(3216,'Rocha','14',214,NULL,NULL,NULL),(3217,'Florida','07',214,NULL,NULL,NULL),(3218,'Montevideo','10',214,NULL,NULL,NULL),(3219,'Rivera','13',214,NULL,NULL,NULL),(3220,'Cerro Largo','03',214,NULL,NULL,NULL),(3221,'Tacuarembo','18',214,NULL,NULL,NULL),(3222,'Lavalleja','08',214,NULL,NULL,NULL),(3223,'Treinta y Tres','19',214,NULL,NULL,NULL),(3224,'Soriano','17',214,NULL,NULL,NULL),(3225,'Durazno','05',214,NULL,NULL,NULL),(3226,'Canelones','02',214,NULL,NULL,NULL),(3227,'Flores','06',214,NULL,NULL,NULL),(3228,'Maldonado','09',214,NULL,NULL,NULL),(3229,'Salto','15',214,NULL,NULL,NULL),(3230,'Rio Negro','12',214,NULL,NULL,NULL),(3231,'Artigas','01',214,NULL,NULL,NULL),(3232,'Paysandu','11',214,NULL,NULL,NULL),(3233,'Colonia','04',214,NULL,NULL,NULL),(3234,'San Jose','16',214,NULL,NULL,NULL),(3235,'Khorazm','05',215,NULL,NULL,NULL),(3236,'Qashqadaryo','08',215,NULL,NULL,NULL),(3237,'Samarqand','10',215,NULL,NULL,NULL),(3238,'Andijon','01',215,NULL,NULL,NULL),(3239,'Jizzax','15',215,NULL,NULL,NULL),(3240,'Toshkent','14',215,NULL,NULL,NULL),(3241,'Surkhondaryo','12',215,NULL,NULL,NULL),(3242,'Qoraqalpoghiston','09',215,NULL,NULL,NULL),(3243,'Nawoiy','07',215,NULL,NULL,NULL),(3244,'Namangan','06',215,NULL,NULL,NULL),(3245,'Farghona','03',215,NULL,NULL,NULL),(3246,'Bukhoro','02',215,NULL,NULL,NULL),(3247,'Toshkent','13',215,NULL,NULL,NULL),(3248,'Charlotte','01',216,NULL,NULL,NULL),(3249,'Saint George','04',216,NULL,NULL,NULL),(3250,'Grenadines','06',216,NULL,NULL,NULL),(3251,'Saint Patrick','05',216,NULL,NULL,NULL),(3252,'Saint Andrew','02',216,NULL,NULL,NULL),(3253,'Saint David','03',216,NULL,NULL,NULL),(3254,'Falcon','11',217,NULL,NULL,NULL),(3255,'Apure','03',217,NULL,NULL,NULL),(3256,'Bolivar','06',217,NULL,NULL,NULL),(3257,'Tachira','20',217,NULL,NULL,NULL),(3258,'Miranda','15',217,NULL,NULL,NULL),(3259,'Guarico','12',217,NULL,NULL,NULL),(3260,'Anzoategui','02',217,NULL,NULL,NULL),(3261,'Nueva Esparta','17',217,NULL,NULL,NULL),(3262,'Portuguesa','18',217,NULL,NULL,NULL),(3263,'Sucre','19',217,NULL,NULL,NULL),(3264,'Barinas','05',217,NULL,NULL,NULL),(3265,'Lara','13',217,NULL,NULL,NULL),(3266,'Zulia','23',217,NULL,NULL,NULL),(3267,'Merida','14',217,NULL,NULL,NULL),(3268,'Carabobo','07',217,NULL,NULL,NULL),(3269,'Cojedes','08',217,NULL,NULL,NULL),(3270,'Aragua','04',217,NULL,NULL,NULL),(3271,'Yaracuy','22',217,NULL,NULL,NULL),(3272,'Amazonas','01',217,NULL,NULL,NULL),(3273,'Monagas','16',217,NULL,NULL,NULL),(3274,'Trujillo','21',217,NULL,NULL,NULL),(3275,'Vargas','26',217,NULL,NULL,NULL),(3276,'Delta Amacuro','09',217,NULL,NULL,NULL),(3277,'Distrito Federal','25',217,NULL,NULL,NULL),(3278,'Dependencias Federales','24',217,NULL,NULL,NULL),(3279,'Thanh Hoa','34',220,NULL,NULL,NULL),(3280,'Quang Nam','84',220,NULL,NULL,NULL),(3281,'Son La','32',220,NULL,NULL,NULL),(3282,'Tay Ninh','33',220,NULL,NULL,NULL),(3283,'Thai Binh','35',220,NULL,NULL,NULL),(3284,'Kien Giang','21',220,NULL,NULL,NULL),(3285,'Dong Thap','09',220,NULL,NULL,NULL),(3286,'Soc Trang','65',220,NULL,NULL,NULL),(3287,'Ben Tre','03',220,NULL,NULL,NULL),(3288,'Ho Chi Minh','20',220,NULL,NULL,NULL),(3289,'Tra Vinh','67',220,NULL,NULL,NULL),(3290,'Hai Phong','13',220,NULL,NULL,NULL),(3291,'Cao Bang','05',220,NULL,NULL,NULL),(3292,'An Giang','01',220,NULL,NULL,NULL),(3293,'Nghe An','58',220,NULL,NULL,NULL),(3294,'Gia Lai','49',220,NULL,NULL,NULL),(3295,'Lam Dong','23',220,NULL,NULL,NULL),(3296,'Binh Dinh','46',220,NULL,NULL,NULL),(3297,'Binh Phuoc','76',220,NULL,NULL,NULL),(3298,'Lang Son','39',220,NULL,NULL,NULL),(3299,'Tien Giang','37',220,NULL,NULL,NULL),(3300,'Long An','24',220,NULL,NULL,NULL),(3301,'Ninh Thuan','60',220,NULL,NULL,NULL),(3302,'Quang Ninh','30',220,NULL,NULL,NULL),(3303,'Bac Lieu','73',220,NULL,NULL,NULL),(3304,'Ca Mau','77',220,NULL,NULL,NULL),(3305,'Binh Duong','75',220,NULL,NULL,NULL),(3306,'Binh Thuan','47',220,NULL,NULL,NULL),(3307,'Vinh Long','69',220,NULL,NULL,NULL),(3308,'Dong Nai','43',220,NULL,NULL,NULL),(3309,'Bac Kan','72',220,NULL,NULL,NULL),(3310,'Bac Giang','71',220,NULL,NULL,NULL),(3311,'Thua Thien-Hue','66',220,NULL,NULL,NULL),(3312,'Bac Ninh','74',220,NULL,NULL,NULL),(3313,'Ha Giang','50',220,NULL,NULL,NULL),(3314,'Tuyen Quang','68',220,NULL,NULL,NULL),(3315,'Thai Nguyen','85',220,NULL,NULL,NULL),(3316,'Da Nang','78',220,NULL,NULL,NULL),(3317,'Khanh Hoa','54',220,NULL,NULL,NULL),(3318,'Ba Ria-Vung Tau','45',220,NULL,NULL,NULL),(3319,'Quang Ngai','63',220,NULL,NULL,NULL),(3320,'Ha Nam','80',220,NULL,NULL,NULL),(3321,'Phu Yen','61',220,NULL,NULL,NULL),(3322,'Quang Binh','62',220,NULL,NULL,NULL),(3323,'Phu Tho','83',220,NULL,NULL,NULL),(3324,'Quang Tri','64',220,NULL,NULL,NULL),(3325,'Ha Tinh','52',220,NULL,NULL,NULL),(3326,'Kon Tum','55',220,NULL,NULL,NULL),(3327,'Yen Bai','70',220,NULL,NULL,NULL),(3328,'Ninh Binh','59',220,NULL,NULL,NULL),(3329,'Nam Dinh','82',220,NULL,NULL,NULL),(3330,'Hai Duong','79',220,NULL,NULL,NULL),(3331,'Ha Noi','44',220,NULL,NULL,NULL),(3332,'Hoa Binh','53',220,NULL,NULL,NULL),(3333,'Hung Yen','81',220,NULL,NULL,NULL),(3334,'Vinh Phuc','86',220,NULL,NULL,NULL),(3335,'Sanma','13',221,NULL,NULL,NULL),(3336,'Aoba','06',221,NULL,NULL,NULL),(3337,'Shepherd','14',221,NULL,NULL,NULL),(3338,'Malakula','10',221,NULL,NULL,NULL),(3339,'Pentecote','12',221,NULL,NULL,NULL),(3340,'Torba','07',221,NULL,NULL,NULL),(3341,'Efate','08',221,NULL,NULL,NULL),(3342,'Tafea','15',221,NULL,NULL,NULL),(3343,'Ambrym','05',221,NULL,NULL,NULL),(3344,'Epi','09',221,NULL,NULL,NULL),(3345,'Paama','11',221,NULL,NULL,NULL),(3346,'Lahij','06',224,NULL,NULL,NULL),(3347,'Sa\'dah','15',224,NULL,NULL,NULL),(3348,'Al Hudaydah','08',224,NULL,NULL,NULL),(3349,'Ma\'rib','14',224,NULL,NULL,NULL),(3350,'Al Bayda\'','07',224,NULL,NULL,NULL),(3351,'Dhamar','11',224,NULL,NULL,NULL),(3352,'San\'a\'','16',224,NULL,NULL,NULL),(3353,'Al Mahrah','03',224,NULL,NULL,NULL),(3354,'Hadramawt','04',224,NULL,NULL,NULL),(3355,'Taizz','17',224,NULL,NULL,NULL),(3356,'Hajjah','12',224,NULL,NULL,NULL),(3357,'Abyan','01',224,NULL,NULL,NULL),(3358,'Ibb','13',224,NULL,NULL,NULL),(3359,'Adan','02',224,NULL,NULL,NULL),(3360,'Al Mahwit','10',224,NULL,NULL,NULL),(3361,'Al Jawf','09',224,NULL,NULL,NULL),(3362,'Western Cape','11',226,NULL,NULL,NULL),(3363,'Eastern Cape','05',226,NULL,NULL,NULL),(3364,'Mpumalanga','07',226,NULL,NULL,NULL),(3365,'Free State','03',226,NULL,NULL,NULL),(3366,'North-West','10',226,NULL,NULL,NULL),(3367,'Limpopo','09',226,NULL,NULL,NULL),(3368,'KwaZulu-Natal','02',226,NULL,NULL,NULL),(3369,'North-Western Province','01',226,NULL,NULL,NULL),(3370,'Gauteng','06',226,NULL,NULL,NULL),(3371,'Northern Cape','08',226,NULL,NULL,NULL),(3372,'Southern','07',227,NULL,NULL,NULL),(3373,'North-Western','06',227,NULL,NULL,NULL),(3374,'Northern','05',227,NULL,NULL,NULL),(3375,'Western','01',227,NULL,NULL,NULL),(3376,'Eastern','03',227,NULL,NULL,NULL),(3377,'Copperbelt','08',227,NULL,NULL,NULL),(3378,'Luapula','04',227,NULL,NULL,NULL),(3379,'Central','02',227,NULL,NULL,NULL),(3380,'Lusaka','09',227,NULL,NULL,NULL),(3381,'Matabeleland North','06',229,NULL,NULL,NULL),(3382,'Mashonaland East','04',229,NULL,NULL,NULL),(3383,'Mashonaland Central','03',229,NULL,NULL,NULL),(3384,'Matabeleland South','07',229,NULL,NULL,NULL),(3385,'Masvingo','08',229,NULL,NULL,NULL);
/*!40000 ALTER TABLE `tbl_regions` ENABLE KEYS */;
UNLOCK TABLES;

--
-- Table structure for table `tbl_replies`
--

DROP TABLE IF EXISTS `tbl_replies`;
/*!40101 SET @saved_cs_client     = @@character_set_client */;
/*!40101 SET character_set_client = utf8 */;
CREATE TABLE `tbl_replies` (
  `id` bigint(20) unsigned NOT NULL AUTO_INCREMENT,
  `user_id` int(11) NOT NULL,
  `inquiry_id` int(11) NOT NULL,
  `message` text COLLATE utf8mb4_unicode_ci NOT NULL,
  `timestamp` timestamp NULL DEFAULT NULL,
  `created_at` timestamp NULL DEFAULT NULL,
  `updated_at` timestamp NULL DEFAULT NULL,
  `deleted_at` timestamp NULL DEFAULT NULL,
  PRIMARY KEY (`id`)
) ENGINE=InnoDB AUTO_INCREMENT=3 DEFAULT CHARSET=utf8mb4 COLLATE=utf8mb4_unicode_ci;
/*!40101 SET character_set_client = @saved_cs_client */;

--
-- Dumping data for table `tbl_replies`
--

LOCK TABLES `tbl_replies` WRITE;
/*!40000 ALTER TABLE `tbl_replies` DISABLE KEYS */;
INSERT INTO `tbl_replies` VALUES (1,1,1,'Hello',NULL,NULL,NULL,NULL);
/*!40000 ALTER TABLE `tbl_replies` ENABLE KEYS */;
UNLOCK TABLES;

--
-- Table structure for table `tbl_room`
--

DROP TABLE IF EXISTS `tbl_room`;
/*!40101 SET @saved_cs_client     = @@character_set_client */;
/*!40101 SET character_set_client = utf8 */;
CREATE TABLE `tbl_room` (
  `id` bigint(20) unsigned NOT NULL AUTO_INCREMENT,
  `hotel_id` int(11) NOT NULL,
  `room_name` varchar(255) COLLATE utf8mb4_unicode_ci DEFAULT NULL,
  `description` text COLLATE utf8mb4_unicode_ci,
  `guest` int(11) DEFAULT NULL,
  `max_guest` int(11) DEFAULT NULL,
  `extra_bed` int(11) DEFAULT NULL,
  `max_extra_bed` int(11) NOT NULL DEFAULT '0',
  `room_size` double(15,4) NOT NULL DEFAULT '0.0000',
  `bathroom` int(11) NOT NULL DEFAULT '0',
  `no_rooms` int(11) NOT NULL DEFAULT '0',
  `alert` int(11) NOT NULL DEFAULT '0',
  `is_child_allowed` int(11) NOT NULL DEFAULT '0',
  `free_child` int(11) NOT NULL DEFAULT '0',
  `max_child` int(11) NOT NULL DEFAULT '0',
  `is_baby_cots` int(11) NOT NULL DEFAULT '0',
  `img_file` varchar(255) COLLATE utf8mb4_unicode_ci DEFAULT NULL,
  `policies` text COLLATE utf8mb4_unicode_ci,
  `amenities_list` text COLLATE utf8mb4_unicode_ci,
  `flag` int(11) NOT NULL DEFAULT '1',
  `sort` int(11) NOT NULL DEFAULT '0',
  `created_by` int(11) DEFAULT NULL,
  `date_created` datetime DEFAULT NULL,
  `timestamp` timestamp NULL DEFAULT NULL,
  `created_at` timestamp NULL DEFAULT NULL,
  `updated_at` timestamp NULL DEFAULT NULL,
  `deleted_at` timestamp NULL DEFAULT NULL,
  PRIMARY KEY (`id`)
) ENGINE=InnoDB AUTO_INCREMENT=7 DEFAULT CHARSET=utf8mb4 COLLATE=utf8mb4_unicode_ci;
/*!40101 SET character_set_client = @saved_cs_client */;

--
-- Dumping data for table `tbl_room`
--

LOCK TABLES `tbl_room` WRITE;
/*!40000 ALTER TABLE `tbl_room` DISABLE KEYS */;
INSERT INTO `tbl_room` VALUES (1,1,'Standard',NULL,2,2,2,0,0.0000,2,0,2,0,2,0,0,'153993011095211-deluxe.jpg','<p>This is the best room</p>',NULL,1,0,1,NULL,NULL,NULL,'2019-12-03 03:17:22',NULL),(2,1,'Deluxe','Test',2,2,2,2,20.0000,2,0,2,0,2,2,1,NULL,NULL,NULL,1,0,NULL,NULL,NULL,'2019-11-26 06:27:35','2019-12-03 03:18:57',NULL),(3,1,'Suite','Test',2,2,2,2,20.0000,2,0,2,0,2,2,0,NULL,NULL,NULL,1,0,NULL,NULL,NULL,'2019-11-26 06:27:51','2019-12-03 03:18:57',NULL),(4,2,'sweet room','sweet kunwari',2,2,2,0,20.0000,2,0,2,0,2,1,0,NULL,NULL,'1',1,0,NULL,NULL,NULL,'2019-12-05 08:11:28','2019-12-05 08:16:41',NULL),(5,3,'Standard','Standard',2,2,2,2,20.0000,0,0,2,0,2,2,0,NULL,NULL,'0',1,0,NULL,NULL,NULL,'2019-12-06 06:52:49','2019-12-06 06:52:49',NULL),(6,3,'Suite','Suite',2,2,2,2,20.0000,2,0,2,0,2,2,0,NULL,NULL,'',1,0,NULL,NULL,NULL,'2019-12-06 08:21:16','2019-12-06 08:21:16',NULL);
/*!40000 ALTER TABLE `tbl_room` ENABLE KEYS */;
UNLOCK TABLES;

--
-- Table structure for table `tbl_room_availability`
--

DROP TABLE IF EXISTS `tbl_room_availability`;
/*!40101 SET @saved_cs_client     = @@character_set_client */;
/*!40101 SET character_set_client = utf8 */;
CREATE TABLE `tbl_room_availability` (
  `id` bigint(20) unsigned NOT NULL AUTO_INCREMENT,
  `room_id` int(11) NOT NULL,
  `no_room` int(11) DEFAULT NULL,
  `date_applied` date NOT NULL,
  `created_by` int(11) DEFAULT NULL,
  `timestamp` timestamp NULL DEFAULT NULL,
  `created_at` timestamp NULL DEFAULT NULL,
  `updated_at` timestamp NULL DEFAULT NULL,
  `deleted_at` timestamp NULL DEFAULT NULL,
  PRIMARY KEY (`id`)
) ENGINE=InnoDB AUTO_INCREMENT=145 DEFAULT CHARSET=utf8mb4 COLLATE=utf8mb4_unicode_ci;
/*!40101 SET character_set_client = @saved_cs_client */;

--
-- Dumping data for table `tbl_room_availability`
--

LOCK TABLES `tbl_room_availability` WRITE;
/*!40000 ALTER TABLE `tbl_room_availability` DISABLE KEYS */;
INSERT INTO `tbl_room_availability` VALUES (1,1,1,'2019-11-01',2,NULL,'2019-11-26 04:52:00','2019-11-26 07:27:21',NULL),(2,1,3,'2019-11-07',1,NULL,'2019-11-26 07:27:01','2019-11-26 07:30:26',NULL),(3,1,3,'2019-11-09',1,NULL,'2019-11-26 07:29:41','2019-11-26 07:30:26',NULL),(4,1,3,'2019-11-04',1,NULL,'2019-11-26 07:30:01','2019-11-26 07:30:26',NULL),(5,1,3,'2019-11-05',1,NULL,'2019-11-26 07:30:01','2019-11-26 07:30:26',NULL),(6,1,3,'2019-11-06',1,NULL,'2019-11-26 07:30:01','2019-11-26 07:30:26',NULL),(7,1,3,'2019-11-08',1,NULL,'2019-11-26 07:30:01','2019-11-26 07:30:26',NULL),(8,1,3,'2019-11-10',1,NULL,'2019-11-26 07:30:01','2019-11-26 07:30:26',NULL),(9,1,3,'2019-11-02',1,NULL,'2019-11-26 07:30:47','2019-11-26 07:30:47',NULL),(10,4,0,'2019-12-01',2,NULL,'2019-12-05 08:14:28','2019-12-06 08:03:16',NULL),(11,4,0,'2019-12-02',2,NULL,'2019-12-05 08:14:28','2019-12-06 08:03:16',NULL),(12,4,0,'2019-12-03',2,NULL,'2019-12-05 08:14:28','2019-12-06 08:03:16',NULL),(13,4,0,'2019-12-04',2,NULL,'2019-12-05 08:14:28','2019-12-06 08:03:16',NULL),(14,4,0,'2019-12-05',2,NULL,'2019-12-05 08:14:28','2019-12-06 08:03:16',NULL),(15,4,6,'2019-12-06',2,NULL,'2019-12-05 08:14:28','2019-12-06 08:03:33',NULL),(16,4,0,'2019-12-07',2,NULL,'2019-12-05 08:14:28','2019-12-06 08:03:16',NULL),(17,4,0,'2019-12-08',2,NULL,'2019-12-05 08:14:28','2019-12-06 08:03:16',NULL),(18,4,0,'2019-12-09',2,NULL,'2019-12-05 08:14:28','2019-12-06 08:03:16',NULL),(19,4,0,'2019-12-10',2,NULL,'2019-12-05 08:14:28','2019-12-06 08:03:16',NULL),(20,4,0,'2019-12-11',2,NULL,'2019-12-05 08:14:28','2019-12-06 08:03:16',NULL),(21,4,0,'2019-12-12',2,NULL,'2019-12-05 08:14:28','2019-12-06 08:03:16',NULL),(22,4,0,'2019-12-13',2,NULL,'2019-12-05 08:14:28','2019-12-06 08:03:16',NULL),(23,4,0,'2019-12-14',2,NULL,'2019-12-05 08:14:28','2019-12-06 08:03:16',NULL),(24,4,0,'2019-12-15',2,NULL,'2019-12-05 08:14:28','2019-12-06 08:03:16',NULL),(25,4,0,'2019-12-16',2,NULL,'2019-12-05 08:14:28','2019-12-06 08:03:16',NULL),(26,4,0,'2019-12-17',2,NULL,'2019-12-05 08:14:28','2019-12-06 08:03:16',NULL),(27,4,0,'2019-12-18',2,NULL,'2019-12-05 08:14:28','2019-12-06 08:03:16',NULL),(28,4,0,'2019-12-19',2,NULL,'2019-12-05 08:14:28','2019-12-06 08:03:16',NULL),(29,4,0,'2019-12-20',2,NULL,'2019-12-05 08:14:28','2019-12-06 08:03:16',NULL),(30,4,0,'2019-12-21',2,NULL,'2019-12-05 08:14:28','2019-12-06 08:03:16',NULL),(31,4,0,'2019-12-22',2,NULL,'2019-12-05 08:14:28','2019-12-06 08:03:16',NULL),(32,4,0,'2019-12-23',2,NULL,'2019-12-05 08:14:28','2019-12-06 08:03:16',NULL),(33,4,0,'2019-12-24',2,NULL,'2019-12-05 08:14:28','2019-12-06 08:03:16',NULL),(34,4,0,'2019-12-25',2,NULL,'2019-12-05 08:14:28','2019-12-06 08:03:16',NULL),(35,4,0,'2019-12-26',2,NULL,'2019-12-05 08:14:28','2019-12-06 08:03:16',NULL),(36,4,0,'2019-12-27',2,NULL,'2019-12-05 08:14:28','2019-12-06 08:03:16',NULL),(37,4,0,'2019-12-28',2,NULL,'2019-12-05 08:14:28','2019-12-06 08:03:16',NULL),(38,4,0,'2019-12-29',2,NULL,'2019-12-05 08:14:28','2019-12-06 08:03:16',NULL),(39,4,0,'2019-12-30',2,NULL,'2019-12-05 08:14:28','2019-12-06 08:03:16',NULL),(40,4,0,'2019-12-31',2,NULL,'2019-12-05 08:14:28','2019-12-06 08:03:16',NULL),(41,1,0,'2019-12-01',2,NULL,'2019-12-05 08:19:34','2019-12-06 08:05:02',NULL),(42,1,0,'2019-12-02',2,NULL,'2019-12-05 08:19:34','2019-12-06 08:05:02',NULL),(43,1,0,'2019-12-03',2,NULL,'2019-12-05 08:19:34','2019-12-06 08:05:02',NULL),(44,1,0,'2019-12-04',2,NULL,'2019-12-05 08:19:34','2019-12-06 08:05:02',NULL),(45,1,0,'2019-12-05',2,NULL,'2019-12-05 08:19:34','2019-12-06 08:05:02',NULL),(46,1,0,'2019-12-06',2,NULL,'2019-12-05 08:19:34','2019-12-06 08:05:02',NULL),(47,1,0,'2019-12-07',2,NULL,'2019-12-05 08:19:34','2019-12-06 08:05:02',NULL),(48,1,0,'2019-12-08',2,NULL,'2019-12-05 08:19:34','2019-12-06 08:05:02',NULL),(49,1,0,'2019-12-09',2,NULL,'2019-12-05 08:19:34','2019-12-06 08:05:02',NULL),(50,1,0,'2019-12-10',2,NULL,'2019-12-05 08:19:34','2019-12-06 08:05:02',NULL),(51,1,0,'2019-12-11',2,NULL,'2019-12-05 08:19:34','2019-12-06 08:05:02',NULL),(52,1,0,'2019-12-12',2,NULL,'2019-12-05 08:19:34','2019-12-06 08:05:02',NULL),(53,1,0,'2019-12-13',2,NULL,'2019-12-05 08:19:34','2019-12-06 08:05:02',NULL),(54,1,0,'2019-12-14',2,NULL,'2019-12-05 08:19:34','2019-12-06 08:05:02',NULL),(55,1,0,'2019-12-15',2,NULL,'2019-12-05 08:19:34','2019-12-06 08:05:02',NULL),(56,1,0,'2019-12-16',2,NULL,'2019-12-05 08:19:34','2019-12-06 08:05:02',NULL),(57,1,0,'2019-12-17',2,NULL,'2019-12-05 08:19:34','2019-12-06 08:05:02',NULL),(58,1,0,'2019-12-18',2,NULL,'2019-12-05 08:19:34','2019-12-06 08:05:02',NULL),(59,1,0,'2019-12-19',2,NULL,'2019-12-05 08:19:34','2019-12-06 08:05:02',NULL),(60,1,0,'2019-12-20',2,NULL,'2019-12-05 08:19:34','2019-12-06 08:05:02',NULL),(61,1,0,'2019-12-21',2,NULL,'2019-12-05 08:19:34','2019-12-06 08:05:02',NULL),(62,1,0,'2019-12-22',2,NULL,'2019-12-05 08:19:34','2019-12-06 08:05:02',NULL),(63,1,0,'2019-12-23',2,NULL,'2019-12-05 08:19:34','2019-12-06 08:05:02',NULL),(64,1,0,'2019-12-24',2,NULL,'2019-12-05 08:19:34','2019-12-06 08:05:02',NULL),(65,1,0,'2019-12-25',2,NULL,'2019-12-05 08:19:34','2019-12-06 08:05:02',NULL),(66,1,0,'2019-12-26',2,NULL,'2019-12-05 08:19:34','2019-12-06 08:05:02',NULL),(67,1,0,'2019-12-27',2,NULL,'2019-12-05 08:19:34','2019-12-06 08:05:02',NULL),(68,1,0,'2019-12-28',2,NULL,'2019-12-05 08:19:34','2019-12-06 08:05:02',NULL),(69,1,0,'2019-12-29',2,NULL,'2019-12-05 08:19:34','2019-12-06 08:05:02',NULL),(70,1,0,'2019-12-30',2,NULL,'2019-12-05 08:19:34','2019-12-06 08:05:02',NULL),(71,1,0,'2019-12-31',2,NULL,'2019-12-05 08:19:34','2019-12-06 08:05:02',NULL),(72,2,0,'2019-12-01',2,NULL,'2019-12-05 08:19:39','2019-12-06 08:05:09',NULL),(73,2,0,'2019-12-02',2,NULL,'2019-12-05 08:19:39','2019-12-06 08:05:09',NULL),(74,2,0,'2019-12-03',2,NULL,'2019-12-05 08:19:39','2019-12-06 08:05:09',NULL),(75,2,0,'2019-12-04',2,NULL,'2019-12-05 08:19:39','2019-12-06 08:05:09',NULL),(76,2,0,'2019-12-05',2,NULL,'2019-12-05 08:19:39','2019-12-06 08:05:09',NULL),(77,2,0,'2019-12-06',2,NULL,'2019-12-05 08:19:39','2019-12-06 08:05:09',NULL),(78,2,0,'2019-12-07',2,NULL,'2019-12-05 08:19:39','2019-12-06 08:05:09',NULL),(79,2,0,'2019-12-08',2,NULL,'2019-12-05 08:19:39','2019-12-06 08:05:09',NULL),(80,2,0,'2019-12-09',2,NULL,'2019-12-05 08:19:39','2019-12-06 08:05:09',NULL),(81,2,0,'2019-12-10',2,NULL,'2019-12-05 08:19:39','2019-12-06 08:05:09',NULL),(82,2,0,'2019-12-11',2,NULL,'2019-12-05 08:19:39','2019-12-06 08:05:09',NULL),(83,2,0,'2019-12-12',2,NULL,'2019-12-05 08:19:39','2019-12-06 08:05:09',NULL),(84,2,0,'2019-12-13',2,NULL,'2019-12-05 08:19:39','2019-12-06 08:05:09',NULL),(85,2,0,'2019-12-14',2,NULL,'2019-12-05 08:19:39','2019-12-06 08:05:09',NULL),(86,2,0,'2019-12-15',2,NULL,'2019-12-05 08:19:39','2019-12-06 08:05:09',NULL),(87,2,0,'2019-12-16',2,NULL,'2019-12-05 08:19:39','2019-12-06 08:05:09',NULL),(88,2,0,'2019-12-17',2,NULL,'2019-12-05 08:19:39','2019-12-06 08:05:09',NULL),(89,2,0,'2019-12-18',2,NULL,'2019-12-05 08:19:39','2019-12-06 08:05:09',NULL),(90,2,0,'2019-12-19',2,NULL,'2019-12-05 08:19:39','2019-12-06 08:05:09',NULL),(91,2,0,'2019-12-20',2,NULL,'2019-12-05 08:19:39','2019-12-06 08:05:09',NULL),(92,2,0,'2019-12-21',2,NULL,'2019-12-05 08:19:39','2019-12-06 08:05:09',NULL),(93,2,0,'2019-12-22',2,NULL,'2019-12-05 08:19:39','2019-12-06 08:05:09',NULL),(94,2,0,'2019-12-23',2,NULL,'2019-12-05 08:19:39','2019-12-06 08:05:09',NULL),(95,2,0,'2019-12-24',2,NULL,'2019-12-05 08:19:39','2019-12-06 08:05:09',NULL),(96,2,0,'2019-12-25',2,NULL,'2019-12-05 08:19:39','2019-12-06 08:05:09',NULL),(97,2,0,'2019-12-26',2,NULL,'2019-12-05 08:19:39','2019-12-06 08:05:09',NULL),(98,2,0,'2019-12-27',2,NULL,'2019-12-05 08:19:39','2019-12-06 08:05:09',NULL),(99,2,0,'2019-12-28',2,NULL,'2019-12-05 08:19:39','2019-12-06 08:05:09',NULL),(100,2,0,'2019-12-29',2,NULL,'2019-12-05 08:19:39','2019-12-06 08:05:09',NULL),(101,2,0,'2019-12-30',2,NULL,'2019-12-05 08:19:39','2019-12-06 08:05:09',NULL),(102,2,0,'2019-12-31',2,NULL,'2019-12-05 08:19:39','2019-12-06 08:05:09',NULL),(103,3,0,'2019-12-01',2,NULL,'2019-12-05 08:19:44','2019-12-06 08:05:13',NULL),(104,3,0,'2019-12-02',2,NULL,'2019-12-05 08:19:44','2019-12-06 08:05:13',NULL),(105,3,0,'2019-12-03',2,NULL,'2019-12-05 08:19:44','2019-12-06 08:05:13',NULL),(106,3,0,'2019-12-04',2,NULL,'2019-12-05 08:19:44','2019-12-06 08:05:13',NULL),(107,3,0,'2019-12-05',2,NULL,'2019-12-05 08:19:44','2019-12-06 08:05:14',NULL),(108,3,0,'2019-12-06',2,NULL,'2019-12-05 08:19:44','2019-12-06 08:05:14',NULL),(109,3,0,'2019-12-07',2,NULL,'2019-12-05 08:19:44','2019-12-06 08:05:14',NULL),(110,3,0,'2019-12-08',2,NULL,'2019-12-05 08:19:44','2019-12-06 08:05:14',NULL),(111,3,0,'2019-12-09',2,NULL,'2019-12-05 08:19:44','2019-12-06 08:05:14',NULL),(112,3,0,'2019-12-10',2,NULL,'2019-12-05 08:19:44','2019-12-06 08:05:14',NULL),(113,3,0,'2019-12-11',2,NULL,'2019-12-05 08:19:44','2019-12-06 08:05:14',NULL),(114,3,0,'2019-12-12',2,NULL,'2019-12-05 08:19:44','2019-12-06 08:05:14',NULL),(115,3,0,'2019-12-13',2,NULL,'2019-12-05 08:19:44','2019-12-06 08:05:14',NULL),(116,3,0,'2019-12-14',2,NULL,'2019-12-05 08:19:44','2019-12-06 08:05:14',NULL),(117,3,0,'2019-12-15',2,NULL,'2019-12-05 08:19:44','2019-12-06 08:05:14',NULL),(118,3,0,'2019-12-16',2,NULL,'2019-12-05 08:19:44','2019-12-06 08:05:14',NULL),(119,3,0,'2019-12-17',2,NULL,'2019-12-05 08:19:44','2019-12-06 08:05:14',NULL),(120,3,0,'2019-12-18',2,NULL,'2019-12-05 08:19:44','2019-12-06 08:05:14',NULL),(121,3,0,'2019-12-19',2,NULL,'2019-12-05 08:19:44','2019-12-06 08:05:14',NULL),(122,3,0,'2019-12-20',2,NULL,'2019-12-05 08:19:44','2019-12-06 08:05:14',NULL),(123,3,0,'2019-12-21',2,NULL,'2019-12-05 08:19:44','2019-12-06 08:05:14',NULL),(124,3,0,'2019-12-22',2,NULL,'2019-12-05 08:19:44','2019-12-06 08:05:14',NULL),(125,3,0,'2019-12-23',2,NULL,'2019-12-05 08:19:44','2019-12-06 08:05:14',NULL),(126,3,0,'2019-12-24',2,NULL,'2019-12-05 08:19:44','2019-12-06 08:05:14',NULL),(127,3,0,'2019-12-25',2,NULL,'2019-12-05 08:19:44','2019-12-06 08:05:14',NULL),(128,3,0,'2019-12-26',2,NULL,'2019-12-05 08:19:44','2019-12-06 08:05:14',NULL),(129,3,0,'2019-12-27',2,NULL,'2019-12-05 08:19:44','2019-12-06 08:05:14',NULL),(130,3,0,'2019-12-28',2,NULL,'2019-12-05 08:19:44','2019-12-06 08:05:14',NULL),(131,3,0,'2019-12-29',2,NULL,'2019-12-05 08:19:44','2019-12-06 08:05:14',NULL),(132,3,0,'2019-12-30',2,NULL,'2019-12-05 08:19:44','2019-12-06 08:05:14',NULL),(133,3,0,'2019-12-31',2,NULL,'2019-12-05 08:19:44','2019-12-06 08:05:14',NULL),(134,5,0,'2019-12-06',1,NULL,'2019-12-06 06:53:22','2019-12-06 08:00:24',NULL),(135,5,0,'2019-12-07',1,NULL,'2019-12-06 06:53:22','2019-12-06 08:00:26',NULL),(136,5,10,'2019-12-08',1,NULL,'2019-12-06 06:53:22','2019-12-06 06:53:22',NULL),(137,5,10,'2019-12-09',1,NULL,'2019-12-06 06:53:22','2019-12-06 06:53:22',NULL),(138,5,10,'2019-12-10',1,NULL,'2019-12-06 06:53:22','2019-12-06 06:53:22',NULL),(139,5,0,'2019-12-11',1,NULL,'2019-12-06 06:53:22','2019-12-06 08:00:28',NULL),(140,5,0,'2019-12-12',1,NULL,'2019-12-06 06:53:22','2019-12-06 08:00:29',NULL),(141,5,0,'2019-12-05',1,NULL,'2019-12-06 06:53:34','2019-12-06 08:00:23',NULL),(142,5,0,'2019-12-19',1,NULL,'2019-12-06 06:53:34','2019-12-06 08:00:31',NULL),(143,5,0,'2019-12-26',1,NULL,'2019-12-06 06:53:34','2019-12-06 08:00:32',NULL),(144,6,50,'2019-12-12',1,NULL,'2019-12-06 08:22:39','2019-12-06 08:22:39',NULL);
/*!40000 ALTER TABLE `tbl_room_availability` ENABLE KEYS */;
UNLOCK TABLES;

--
-- Table structure for table `tbl_transactions`
--

DROP TABLE IF EXISTS `tbl_transactions`;
/*!40101 SET @saved_cs_client     = @@character_set_client */;
/*!40101 SET character_set_client = utf8 */;
CREATE TABLE `tbl_transactions` (
  `id` bigint(20) unsigned NOT NULL AUTO_INCREMENT,
  `booking_id` int(11) NOT NULL,
  `user_id` varchar(255) COLLATE utf8mb4_unicode_ci NOT NULL,
  `room_id` int(11) DEFAULT NULL,
  `hotel_id` int(11) NOT NULL,
  `or_number` varchar(255) COLLATE utf8mb4_unicode_ci DEFAULT NULL,
  `room_name` varchar(255) COLLATE utf8mb4_unicode_ci DEFAULT NULL,
  `pricing` longtext COLLATE utf8mb4_unicode_ci,
  `is_promo` int(11) NOT NULL DEFAULT '0',
  `is_cancel` int(11) NOT NULL DEFAULT '0',
  `created_by` int(11) DEFAULT NULL,
  `datestamp` date DEFAULT NULL,
  `timestamp` time DEFAULT NULL,
  `date_check_out` date DEFAULT NULL,
  `time_date_check_out` time DEFAULT NULL,
  `created_at` timestamp NULL DEFAULT NULL,
  `updated_at` timestamp NULL DEFAULT NULL,
  `deleted_at` timestamp NULL DEFAULT NULL,
  PRIMARY KEY (`id`)
) ENGINE=InnoDB AUTO_INCREMENT=29 DEFAULT CHARSET=utf8mb4 COLLATE=utf8mb4_unicode_ci;
/*!40101 SET character_set_client = @saved_cs_client */;

--
-- Dumping data for table `tbl_transactions`
--

LOCK TABLES `tbl_transactions` WRITE;
/*!40000 ALTER TABLE `tbl_transactions` DISABLE KEYS */;
INSERT INTO `tbl_transactions` VALUES (1,2,'1',1,1,'IS-2019-000000000','Standard','a:3:{i:0;a:3:{s:5:\"price\";i:300;s:11:\"description\";s:15:\"ADDITIONAL HOUR\";s:8:\"sequence\";i:1;}i:1;a:3:{s:5:\"price\";i:300;s:11:\"description\";s:11:\"SERVICE FEE\";s:8:\"sequence\";i:2;}i:2;a:3:{s:5:\"price\";s:3:\"150\";s:8:\"sequence\";i:0;s:11:\"description\";s:6:\"1 Hour\";}}',0,0,NULL,'2019-11-10','22:21:00','2019-11-10','23:21:00',NULL,NULL,NULL),(2,3,'1',1,1,'IS-2019-000000002','Standard','a:3:{i:0;a:3:{s:8:\"sequence\";i:1;s:5:\"price\";i:300;s:11:\"description\";s:15:\"ADDITIONAL HOUR\";}i:1;a:3:{s:8:\"sequence\";i:2;s:5:\"price\";i:300;s:11:\"description\";s:11:\"SERVICE FEE\";}i:2;a:3:{s:5:\"price\";s:3:\"200\";s:11:\"description\";s:6:\"1 Hour\";s:8:\"sequence\";i:0;}}',0,0,NULL,'2019-11-10','00:00:00','2019-11-10','01:00:00',NULL,NULL,NULL),(3,4,'1',1,1,'IS-2019-000000003','Standard','a:3:{i:0;a:3:{s:8:\"sequence\";i:1;s:5:\"price\";i:300;s:11:\"description\";s:15:\"ADDITIONAL HOUR\";}i:1;a:3:{s:8:\"sequence\";i:2;s:5:\"price\";i:300;s:11:\"description\";s:11:\"SERVICE FEE\";}i:2;a:3:{s:5:\"price\";s:3:\"200\";s:11:\"description\";s:6:\"1 Hour\";s:8:\"sequence\";i:0;}}',0,0,NULL,'2019-11-10','00:00:00','2019-11-10','01:00:00',NULL,NULL,NULL),(4,5,'1',2,1,'IS-2019-000000004','Deluxe','a:3:{i:0;a:3:{s:8:\"sequence\";i:1;s:5:\"price\";i:300;s:11:\"description\";s:15:\"ADDITIONAL HOUR\";}i:1;a:3:{s:8:\"sequence\";i:2;s:5:\"price\";i:300;s:11:\"description\";s:11:\"SERVICE FEE\";}i:2;a:3:{s:5:\"price\";s:3:\"350\";s:11:\"description\";s:7:\"3 Hours\";s:8:\"sequence\";i:0;}}',0,0,NULL,'2019-12-05','17:03:00','2019-12-05','20:03:00',NULL,NULL,NULL),(5,6,'1',3,1,'IS-2019-000000005','Suite','a:3:{i:0;a:3:{s:8:\"sequence\";i:1;s:5:\"price\";i:300;s:11:\"description\";s:15:\"ADDITIONAL HOUR\";}i:1;a:3:{s:8:\"sequence\";i:2;s:5:\"price\";i:300;s:11:\"description\";s:11:\"SERVICE FEE\";}i:2;a:3:{s:5:\"price\";s:3:\"150\";s:11:\"description\";s:6:\"1 Hour\";s:8:\"sequence\";i:0;}}',0,0,NULL,'2019-12-06','11:11:00','2019-12-06','12:11:00',NULL,NULL,NULL),(6,7,'3',1,1,'IS-2019-000000006','Standard','a:3:{i:0;a:3:{s:8:\"sequence\";i:1;s:5:\"price\";i:300;s:11:\"description\";s:15:\"ADDITIONAL HOUR\";}i:1;a:3:{s:8:\"sequence\";i:2;s:5:\"price\";i:300;s:11:\"description\";s:11:\"SERVICE FEE\";}i:2;a:3:{s:5:\"price\";s:3:\"350\";s:11:\"description\";s:7:\"3 Hours\";s:8:\"sequence\";i:0;}}',0,0,NULL,'2019-12-05','15:00:00','2019-12-05','18:00:00',NULL,NULL,NULL),(7,8,'3',5,3,'IS-2019-000000007','Standard','a:3:{i:0;a:3:{s:8:\"sequence\";i:1;s:5:\"price\";i:300;s:11:\"description\";s:15:\"ADDITIONAL HOUR\";}i:1;a:3:{s:8:\"sequence\";i:2;s:5:\"price\";i:300;s:11:\"description\";s:11:\"SERVICE FEE\";}i:2;a:3:{s:5:\"price\";s:5:\"23500\";s:11:\"description\";s:8:\"24 Hours\";s:8:\"sequence\";i:0;}}',0,0,NULL,'2019-12-08','15:00:00','2019-12-09','15:00:00',NULL,NULL,NULL),(8,9,'3',5,3,'IS-2019-000000008','Standard','a:3:{i:0;a:3:{s:8:\"sequence\";i:1;s:5:\"price\";i:300;s:11:\"description\";s:15:\"ADDITIONAL HOUR\";}i:1;a:3:{s:8:\"sequence\";i:2;s:5:\"price\";i:300;s:11:\"description\";s:11:\"SERVICE FEE\";}i:2;a:3:{s:5:\"price\";s:5:\"23500\";s:11:\"description\";s:8:\"24 Hours\";s:8:\"sequence\";i:0;}}',0,0,NULL,'2019-12-08','15:00:00','2019-12-09','15:00:00',NULL,NULL,NULL),(9,10,'3',5,3,'IS-2019-000000009','Standard','a:3:{i:0;a:3:{s:8:\"sequence\";i:1;s:5:\"price\";i:300;s:11:\"description\";s:15:\"ADDITIONAL HOUR\";}i:1;a:3:{s:8:\"sequence\";i:2;s:5:\"price\";i:300;s:11:\"description\";s:11:\"SERVICE FEE\";}i:2;a:3:{s:5:\"price\";s:5:\"23500\";s:11:\"description\";s:8:\"24 Hours\";s:8:\"sequence\";i:0;}}',0,0,NULL,'2019-12-08','15:00:00','2019-12-09','15:00:00',NULL,NULL,NULL),(10,11,'3',5,3,'IS-2019-000000010','Standard','a:3:{i:0;a:3:{s:8:\"sequence\";i:1;s:5:\"price\";i:300;s:11:\"description\";s:15:\"ADDITIONAL HOUR\";}i:1;a:3:{s:8:\"sequence\";i:2;s:5:\"price\";i:300;s:11:\"description\";s:11:\"SERVICE FEE\";}i:2;a:3:{s:5:\"price\";s:5:\"23500\";s:11:\"description\";s:8:\"24 Hours\";s:8:\"sequence\";i:0;}}',0,0,NULL,'2019-12-08','15:00:00','2019-12-09','15:00:00',NULL,NULL,NULL),(11,12,'3',5,3,'IS-2019-000000010','Standard','a:3:{i:0;a:3:{s:8:\"sequence\";i:1;s:5:\"price\";i:300;s:11:\"description\";s:15:\"ADDITIONAL HOUR\";}i:1;a:3:{s:8:\"sequence\";i:2;s:5:\"price\";i:300;s:11:\"description\";s:11:\"SERVICE FEE\";}i:2;a:3:{s:5:\"price\";s:5:\"23500\";s:11:\"description\";s:8:\"24 Hours\";s:8:\"sequence\";i:0;}}',0,0,NULL,'2019-12-08','15:00:00','2019-12-09','15:00:00',NULL,NULL,NULL),(12,13,'3',5,3,'IS-2019-000000010','Standard','a:3:{i:0;a:3:{s:8:\"sequence\";i:1;s:5:\"price\";i:300;s:11:\"description\";s:15:\"ADDITIONAL HOUR\";}i:1;a:3:{s:8:\"sequence\";i:2;s:5:\"price\";i:300;s:11:\"description\";s:11:\"SERVICE FEE\";}i:2;a:3:{s:5:\"price\";s:5:\"23500\";s:11:\"description\";s:8:\"24 Hours\";s:8:\"sequence\";i:0;}}',0,0,NULL,'2019-12-08','15:00:00','2019-12-09','15:00:00',NULL,NULL,NULL),(13,14,'3',5,3,'IS-2019-000000013','Standard','a:3:{i:0;a:3:{s:8:\"sequence\";i:1;s:5:\"price\";i:300;s:11:\"description\";s:15:\"ADDITIONAL HOUR\";}i:1;a:3:{s:8:\"sequence\";i:2;s:5:\"price\";i:300;s:11:\"description\";s:11:\"SERVICE FEE\";}i:2;a:3:{s:5:\"price\";s:5:\"23500\";s:11:\"description\";s:8:\"24 Hours\";s:8:\"sequence\";i:0;}}',0,0,NULL,'2019-12-08','15:00:00','2019-12-09','15:00:00',NULL,NULL,NULL),(14,15,'3',5,3,'IS-2019-000000014','Standard','a:3:{i:0;a:3:{s:8:\"sequence\";i:1;s:5:\"price\";i:300;s:11:\"description\";s:15:\"ADDITIONAL HOUR\";}i:1;a:3:{s:8:\"sequence\";i:2;s:5:\"price\";i:300;s:11:\"description\";s:11:\"SERVICE FEE\";}i:2;a:3:{s:5:\"price\";s:5:\"23500\";s:11:\"description\";s:8:\"24 Hours\";s:8:\"sequence\";i:0;}}',0,0,NULL,'2019-12-08','15:00:00','2019-12-09','15:00:00',NULL,NULL,NULL),(15,16,'3',5,3,'IS-2019-000000015','Standard','a:3:{i:0;a:3:{s:8:\"sequence\";i:1;s:5:\"price\";i:300;s:11:\"description\";s:15:\"ADDITIONAL HOUR\";}i:1;a:3:{s:8:\"sequence\";i:2;s:5:\"price\";i:300;s:11:\"description\";s:11:\"SERVICE FEE\";}i:2;a:3:{s:5:\"price\";s:5:\"23500\";s:11:\"description\";s:8:\"24 Hours\";s:8:\"sequence\";i:0;}}',0,0,NULL,'2019-12-08','15:00:00','2019-12-09','15:00:00',NULL,NULL,NULL),(16,17,'3',5,3,'IS-2019-000000016','Standard','a:3:{i:0;a:3:{s:8:\"sequence\";i:1;s:5:\"price\";i:300;s:11:\"description\";s:15:\"ADDITIONAL HOUR\";}i:1;a:3:{s:8:\"sequence\";i:2;s:5:\"price\";i:300;s:11:\"description\";s:11:\"SERVICE FEE\";}i:2;a:3:{s:5:\"price\";s:5:\"23500\";s:11:\"description\";s:8:\"24 Hours\";s:8:\"sequence\";i:0;}}',0,0,NULL,'2019-12-08','15:00:00','2019-12-09','15:00:00',NULL,NULL,NULL),(17,18,'3',5,3,'IS-2019-000000016','Standard','a:3:{i:0;a:3:{s:8:\"sequence\";i:1;s:5:\"price\";i:300;s:11:\"description\";s:15:\"ADDITIONAL HOUR\";}i:1;a:3:{s:8:\"sequence\";i:2;s:5:\"price\";i:300;s:11:\"description\";s:11:\"SERVICE FEE\";}i:2;a:3:{s:5:\"price\";s:5:\"23500\";s:11:\"description\";s:8:\"24 Hours\";s:8:\"sequence\";i:0;}}',0,0,NULL,'2019-12-08','15:00:00','2019-12-09','15:00:00',NULL,NULL,NULL),(18,19,'3',5,3,'IS-2019-000000018','Standard','a:3:{i:0;a:3:{s:8:\"sequence\";i:1;s:5:\"price\";i:300;s:11:\"description\";s:15:\"ADDITIONAL HOUR\";}i:1;a:3:{s:8:\"sequence\";i:2;s:5:\"price\";i:300;s:11:\"description\";s:11:\"SERVICE FEE\";}i:2;a:3:{s:5:\"price\";s:5:\"23500\";s:11:\"description\";s:8:\"24 Hours\";s:8:\"sequence\";i:0;}}',0,0,NULL,'2019-12-08','15:00:00','2019-12-09','15:00:00',NULL,NULL,NULL),(19,20,'3',6,3,'IS-2019-000000019','Suite','a:3:{i:0;a:3:{s:8:\"sequence\";i:1;s:5:\"price\";i:300;s:11:\"description\";s:15:\"ADDITIONAL HOUR\";}i:1;a:3:{s:8:\"sequence\";i:2;s:5:\"price\";i:300;s:11:\"description\";s:11:\"SERVICE FEE\";}i:2;a:3:{s:5:\"price\";s:3:\"150\";s:11:\"description\";s:6:\"1 Hour\";s:8:\"sequence\";i:0;}}',0,0,NULL,'2019-12-12','00:00:00','2019-12-12','01:00:00',NULL,NULL,NULL),(25,26,'12',1,1,'IS-2019-000000020','Standard','a:3:{i:0;a:3:{s:5:\"price\";i:300;s:11:\"description\";s:15:\"ADDITIONAL HOUR\";s:8:\"sequence\";i:1;}i:1;a:3:{s:5:\"price\";i:300;s:11:\"description\";s:11:\"SERVICE FEE\";s:8:\"sequence\";i:2;}i:2;a:3:{s:5:\"price\";s:1:\"0\";s:8:\"sequence\";i:0;s:11:\"description\";s:8:\"12 Hours\";}}',0,0,NULL,'2019-11-09','00:00:00','2019-11-09','12:00:00',NULL,NULL,NULL),(26,27,'12',1,1,'IS-2019-000000026','Standard','a:3:{i:0;a:3:{s:8:\"sequence\";i:1;s:5:\"price\";i:300;s:11:\"description\";s:15:\"ADDITIONAL HOUR\";}i:1;a:3:{s:8:\"sequence\";i:2;s:5:\"price\";i:300;s:11:\"description\";s:11:\"SERVICE FEE\";}i:2;a:3:{s:5:\"price\";s:1:\"0\";s:11:\"description\";s:7:\"6 Hours\";s:8:\"sequence\";i:0;}}',0,0,NULL,'2019-11-09','00:00:00','2019-11-09','06:00:00',NULL,NULL,NULL),(27,28,'1',1,1,'IS-2019-000000027','Standard','a:3:{i:0;a:3:{s:8:\"sequence\";i:1;s:5:\"price\";i:300;s:11:\"description\";s:15:\"ADDITIONAL HOUR\";}i:1;a:3:{s:8:\"sequence\";i:2;s:5:\"price\";i:300;s:11:\"description\";s:11:\"SERVICE FEE\";}i:2;a:3:{s:5:\"price\";s:1:\"0\";s:11:\"description\";s:7:\"6 Hours\";s:8:\"sequence\";i:0;}}',0,0,NULL,'2019-11-09','00:00:00','2019-11-09','06:00:00',NULL,NULL,NULL),(28,29,'12',5,3,'IS-2019-000000028','Standard','a:3:{i:0;a:3:{s:8:\"sequence\";i:1;s:5:\"price\";i:300;s:11:\"description\";s:15:\"ADDITIONAL HOUR\";}i:1;a:3:{s:8:\"sequence\";i:2;s:5:\"price\";i:300;s:11:\"description\";s:11:\"SERVICE FEE\";}i:2;a:3:{s:5:\"price\";s:3:\"150\";s:11:\"description\";s:6:\"1 Hour\";s:8:\"sequence\";i:0;}}',0,0,NULL,'2019-12-10','00:00:00','2019-12-10','01:00:00',NULL,NULL,NULL);
/*!40000 ALTER TABLE `tbl_transactions` ENABLE KEYS */;
UNLOCK TABLES;

--
-- Table structure for table `tbl_user`
--

DROP TABLE IF EXISTS `tbl_user`;
/*!40101 SET @saved_cs_client     = @@character_set_client */;
/*!40101 SET character_set_client = utf8 */;
CREATE TABLE `tbl_user` (
  `id` bigint(20) unsigned NOT NULL AUTO_INCREMENT,
  `username` varchar(255) COLLATE utf8mb4_unicode_ci NOT NULL,
  `password` varchar(255) COLLATE utf8mb4_unicode_ci NOT NULL,
  `token` varchar(255) COLLATE utf8mb4_unicode_ci DEFAULT NULL,
  `timestamp` timestamp NULL DEFAULT NULL,
  `created_at` timestamp NULL DEFAULT NULL,
  `updated_at` timestamp NULL DEFAULT NULL,
  `deleted_at` timestamp NULL DEFAULT NULL,
  PRIMARY KEY (`id`)
) ENGINE=InnoDB AUTO_INCREMENT=14 DEFAULT CHARSET=utf8mb4 COLLATE=utf8mb4_unicode_ci;
/*!40101 SET character_set_client = @saved_cs_client */;

--
-- Dumping data for table `tbl_user`
--

LOCK TABLES `tbl_user` WRITE;
/*!40000 ALTER TABLE `tbl_user` DISABLE KEYS */;
INSERT INTO `tbl_user` VALUES (1,'joey0','$2y$10$NJSVaQCHilsz0BLiLbE9kOYQBp2grzJQb.L5Ii/llxYDeEgwY76Cy','eDbLXiIr8b1mTsYq24hLfjjhtHLtnQdN5pONSMsDfEuGMhMjYH',NULL,NULL,NULL,NULL),(2,'0','$2y$10$q/dl1yxV3Mbr96ImTexZYOEghEFR5DEXegUSHB5b23a.LZ.s/hFsy',NULL,NULL,NULL,NULL,NULL),(3,'0','$2y$10$SFLqbwzmZ8f.mSaz0C7soutCt7ZweYcKd.dNRAufgtTWZgC80qefC','Wxpq6XE1wwBWs6IsPuLSUrHyZGpLVGamQNZOzEGrm5vBFIMmCq',NULL,NULL,NULL,NULL),(5,'0','$2y$10$yoKE2M2Q3PFFUGKezFpnNe1n6YMPWq8WIcssNVSTEnU/IRS/kcxeG',NULL,NULL,NULL,NULL,NULL),(6,'0','$2y$10$6s58L64Q64.7cTke8yEQsO11tSYo4DvDgMqqFINENGz3WXMUimFMK',NULL,NULL,NULL,NULL,NULL),(7,'0','$2y$10$FoKFuG2jv89xBRn8BxNMD.hcP.GGrYe1JV2hYANsAYc8GreWWcc.e',NULL,NULL,NULL,NULL,NULL),(10,'0','$2y$10$8vmfrfg1jdWWTxOXk5HX6.H1hthIBY4YkpuLE8uzLwjupMGIR1Cfm','SP5OjKzEITMYJajZwqTbp7ifTBc582uPBc9lpTjChPTuUfhIER',NULL,NULL,NULL,NULL),(11,'0','$2y$10$prgfLHnWfOX52DfKFMV1k.Sea2N9f8mDwsBYasx8x2m1ATS3mGs9e',NULL,NULL,NULL,NULL,NULL),(12,'0','$2y$10$IBWFM16iMHLhaUBMZ63KcOPua8IQzrXbX0MKpenMwIncOHnKrH/o2','1N1b63BI3nF5lD8mlLmu5zoK37wzzK11cwXq38RKM8cfnLxO7V',NULL,NULL,NULL,NULL),(13,'0','$2y$10$tEMIt5oNGVDIhXn/8OlBJe89KwSL3VWwno4Q2CcxSB0gPUmPrfXsG',NULL,NULL,NULL,NULL,NULL);
/*!40000 ALTER TABLE `tbl_user` ENABLE KEYS */;
UNLOCK TABLES;

--
-- Table structure for table `tbl_user_info`
--

DROP TABLE IF EXISTS `tbl_user_info`;
/*!40101 SET @saved_cs_client     = @@character_set_client */;
/*!40101 SET character_set_client = utf8 */;
CREATE TABLE `tbl_user_info` (
  `id` bigint(20) unsigned NOT NULL AUTO_INCREMENT,
  `user_id` int(11) NOT NULL,
  `image` varchar(255) COLLATE utf8mb4_unicode_ci DEFAULT NULL,
  `firstname` varchar(255) COLLATE utf8mb4_unicode_ci DEFAULT NULL,
  `lastname` varchar(255) COLLATE utf8mb4_unicode_ci DEFAULT NULL,
  `mobile` varchar(255) COLLATE utf8mb4_unicode_ci DEFAULT NULL,
  `email` varchar(255) COLLATE utf8mb4_unicode_ci DEFAULT NULL,
  `birthdate` date DEFAULT NULL,
  `redeem_code` varchar(255) COLLATE utf8mb4_unicode_ci DEFAULT NULL,
  `redeem_coins` double(14,11) NOT NULL DEFAULT '0.00000000000',
  `gender` int(11) DEFAULT NULL,
  `did_reset` int(11) NOT NULL DEFAULT '0',
  `timestamp` timestamp NULL DEFAULT NULL,
  `created_at` timestamp NULL DEFAULT NULL,
  `updated_at` timestamp NULL DEFAULT NULL,
  `deleted_at` timestamp NULL DEFAULT NULL,
  PRIMARY KEY (`id`)
) ENGINE=InnoDB AUTO_INCREMENT=14 DEFAULT CHARSET=utf8mb4 COLLATE=utf8mb4_unicode_ci;
/*!40101 SET character_set_client = @saved_cs_client */;

--
-- Dumping data for table `tbl_user_info`
--

LOCK TABLES `tbl_user_info` WRITE;
/*!40000 ALTER TABLE `tbl_user_info` DISABLE KEYS */;
INSERT INTO `tbl_user_info` VALUES (1,1,'joey.png','Joey Joseph','Villafuerte','639369472553','eyan0911@gmail.com',NULL,'0.00',0.00000000000,1,0,NULL,NULL,NULL,NULL),(2,2,NULL,'vanessa','bumacod','639291964077','',NULL,'VANECPH',0.00000000000,1,0,NULL,NULL,NULL,NULL),(3,3,NULL,'Julyeth','Caladiao','639177084672','',NULL,'JULY2YA',0.00000000000,1,0,NULL,NULL,NULL,NULL),(5,5,NULL,'dione','llorera','9163000427','',NULL,'DIONKBI',0.00000000000,1,0,NULL,NULL,NULL,NULL),(6,6,NULL,'mark jordan','genove','639202082532','',NULL,'MARKNBG',0.00000000000,1,0,NULL,NULL,NULL,NULL),(7,7,NULL,'Julian','Biscocho','6309566019936','',NULL,'JULIDVP',0.00000000000,1,0,NULL,NULL,NULL,NULL),(10,10,NULL,'Joey','Villa','639369472554','',NULL,'JOEYVC3',0.00000000000,1,0,NULL,NULL,NULL,NULL),(11,11,NULL,'Ralph','Muncada','639171194854','',NULL,'RALP62U',0.00000000000,1,0,NULL,NULL,NULL,NULL),(12,12,NULL,'ralph','ralph','','digitalmarketingmanager@victoriacourt.biz',NULL,'RALPSGI',0.00000000000,1,0,NULL,NULL,NULL,NULL),(13,13,NULL,'july','july','','julyeth@nerdvana.com.ph',NULL,'JULYN4W',0.00000000000,1,0,NULL,NULL,NULL,NULL);
/*!40000 ALTER TABLE `tbl_user_info` ENABLE KEYS */;
UNLOCK TABLES;

--
-- Table structure for table `user_group`
--

DROP TABLE IF EXISTS `user_group`;
/*!40101 SET @saved_cs_client     = @@character_set_client */;
/*!40101 SET character_set_client = utf8 */;
CREATE TABLE `user_group` (
  `id` int(10) unsigned NOT NULL AUTO_INCREMENT,
  `user_group` varchar(255) COLLATE utf8mb4_unicode_ci NOT NULL,
  `access` longtext COLLATE utf8mb4_unicode_ci NOT NULL,
  `editable` longtext COLLATE utf8mb4_unicode_ci NOT NULL,
  `flag` tinyint(4) NOT NULL,
  `created_by` int(11) DEFAULT NULL,
  `created_at` timestamp NULL DEFAULT NULL,
  `updated_at` timestamp NULL DEFAULT NULL,
  `deleted_at` timestamp NULL DEFAULT NULL,
  PRIMARY KEY (`id`)
) ENGINE=InnoDB AUTO_INCREMENT=3 DEFAULT CHARSET=utf8mb4 COLLATE=utf8mb4_unicode_ci;
/*!40101 SET character_set_client = @saved_cs_client */;

--
-- Dumping data for table `user_group`
--

LOCK TABLES `user_group` WRITE;
/*!40000 ALTER TABLE `user_group` DISABLE KEYS */;
INSERT INTO `user_group` VALUES (1,'Administrator','1,2,10,13,12,11,3,5,4,7,8,9,6,18,23,19,21,25,22,20,24,14,15,17,16,26,27,29,28','13,12,11,3,8,9,6,23,19,21,25,22,20,24,17,16,27,29,28',1,1,NULL,'2019-11-26 05:50:42',NULL),(2,'Hotelier','18,23,19,21,25,22,20,24,26,27,29,28','23,19,21,25,22,20,24,27,29,28',1,1,NULL,'2019-11-26 04:39:17',NULL);
/*!40000 ALTER TABLE `user_group` ENABLE KEYS */;
UNLOCK TABLES;

--
-- Table structure for table `user_to_hotel`
--

DROP TABLE IF EXISTS `user_to_hotel`;
/*!40101 SET @saved_cs_client     = @@character_set_client */;
/*!40101 SET character_set_client = utf8 */;
CREATE TABLE `user_to_hotel` (
  `id` bigint(20) unsigned NOT NULL AUTO_INCREMENT,
  `user_id` int(11) DEFAULT NULL,
  `hotel_id` int(11) DEFAULT NULL,
  `created_at` timestamp NULL DEFAULT NULL,
  `updated_at` timestamp NULL DEFAULT NULL,
  `deleted_at` timestamp NULL DEFAULT NULL,
  PRIMARY KEY (`id`)
) ENGINE=InnoDB AUTO_INCREMENT=7 DEFAULT CHARSET=utf8mb4 COLLATE=utf8mb4_unicode_ci;
/*!40101 SET character_set_client = @saved_cs_client */;

--
-- Dumping data for table `user_to_hotel`
--

LOCK TABLES `user_to_hotel` WRITE;
/*!40000 ALTER TABLE `user_to_hotel` DISABLE KEYS */;
INSERT INTO `user_to_hotel` VALUES (1,1,1,NULL,NULL,NULL),(2,2,1,NULL,NULL,NULL),(3,2,2,'2019-12-05 08:09:20','2019-12-05 08:09:20',NULL),(4,1,3,'2019-12-06 06:51:09','2019-12-06 06:51:09',NULL),(5,1,2,NULL,NULL,NULL),(6,2,3,NULL,NULL,NULL);
/*!40000 ALTER TABLE `user_to_hotel` ENABLE KEYS */;
UNLOCK TABLES;

--
-- Table structure for table `users`
--

DROP TABLE IF EXISTS `users`;
/*!40101 SET @saved_cs_client     = @@character_set_client */;
/*!40101 SET character_set_client = utf8 */;
CREATE TABLE `users` (
  `id` bigint(20) unsigned NOT NULL AUTO_INCREMENT,
  `name` varchar(255) COLLATE utf8mb4_unicode_ci NOT NULL,
  `email` varchar(255) COLLATE utf8mb4_unicode_ci NOT NULL,
  `email_verified_at` timestamp NULL DEFAULT NULL,
  `password` varchar(255) COLLATE utf8mb4_unicode_ci NOT NULL,
  `image_file` varchar(255) COLLATE utf8mb4_unicode_ci NOT NULL,
  `user_group_id` int(11) NOT NULL,
  `remember_token` varchar(100) COLLATE utf8mb4_unicode_ci DEFAULT NULL,
  `timestamp` timestamp NULL DEFAULT NULL,
  `created_by` int(11) NOT NULL,
  `created_at` timestamp NULL DEFAULT NULL,
  `updated_at` timestamp NULL DEFAULT NULL,
  `deleted_at` timestamp NULL DEFAULT NULL,
  PRIMARY KEY (`id`)
) ENGINE=InnoDB AUTO_INCREMENT=3 DEFAULT CHARSET=utf8mb4 COLLATE=utf8mb4_unicode_ci;
/*!40101 SET character_set_client = @saved_cs_client */;

--
-- Dumping data for table `users`
--

LOCK TABLES `users` WRITE;
/*!40000 ALTER TABLE `users` DISABLE KEYS */;
INSERT INTO `users` VALUES (1,'Julyeth','julyeth@instastay.app',NULL,'$2y$10$8v3FT5kEt.6yyncSoMVU4e13gPX/kcjNJU4NZ8.5nweXE6.EeDJEG','',1,'uR6rxSd2XpSmf6Ez89P1tMILwQ6qWndhYfdouAKoVFeDZz9GSeA0uQ50vYCA',NULL,1,NULL,NULL,NULL),(2,'Jeffrey Cabang','jeffreycabang@gmail.com',NULL,'$2y$10$cdt43jTnylqbKyDTf4y0duZoDR/M81p.3eCHoqgHKbm1gVlwwTqii','/kcfinder/vc/uploads/images/blank.png',2,'WCVBlZXW2mWkOfKkHiABUQTXbnV5hh9viRmGGBiNPYX5lUdhTX2kSZG5PVSU',NULL,1,NULL,'2019-11-26 06:54:05',NULL);
/*!40000 ALTER TABLE `users` ENABLE KEYS */;
UNLOCK TABLES;
/*!40103 SET TIME_ZONE=@OLD_TIME_ZONE */;

/*!40101 SET SQL_MODE=@OLD_SQL_MODE */;
/*!40014 SET FOREIGN_KEY_CHECKS=@OLD_FOREIGN_KEY_CHECKS */;
/*!40014 SET UNIQUE_CHECKS=@OLD_UNIQUE_CHECKS */;
/*!40101 SET CHARACTER_SET_CLIENT=@OLD_CHARACTER_SET_CLIENT */;
/*!40101 SET CHARACTER_SET_RESULTS=@OLD_CHARACTER_SET_RESULTS */;
/*!40101 SET COLLATION_CONNECTION=@OLD_COLLATION_CONNECTION */;
/*!40111 SET SQL_NOTES=@OLD_SQL_NOTES */;

-- Dump completed on 2019-12-10  9:15:15
